CustomerID,Full_Name,Email,Phone,Address,Date_of_Birth,Occupation,Industry,Lead_Source,Preferred_Contact_Method,Annual_Income,Last_Contacted
CUST6218,Seth Howard,kennethpierce@hotmail.com,985.802.9653x77096,"7139 William Station, South Jenniferfurt, MS 46355",8/16/1991,Engineer,Finance,N/A,SMS,51835.94,2/6/2025
CUST9657,Angel Obrien,nmosley@gmail.com,207-943-3879x247,"17911 Samantha Road, Annaburgh, TX 29445",3/25/1992,Technician,Finance,N/A,Email,96764.03,5/28/2024
CUST3929,Tiffany Hartman,kathleen93@reyes.com,001-356-012-0670,"3671 Williams Prairie, North Jodifort, MD 86442",2/21/1986,Engineer,Finance,Referral,Phone,85696.19,8/26/2024
CUST1666,Stacy Mendoza,leslie97@ellis-cooper.com,021.101.0794x586,"76601 Meghan Parks, Jacksonhaven, ME 18301",1/11/2000,Director,Healthcare,N/A,,48657.28,10/16/2024
CUST5016,Mr. Charles Williams V,hjones@hotmail.com,+1-745-170-1007x26950,"27765 Adams Forks, Moorefurt, NY 76173",6/6/1974,Analyst,Finance,Unknown,Phone,110758.12,10/31/2024
CUST3680,Laura Hernandez,debra50@raymond.com,894-588-1300x5271,"378 Johnson Isle Apt. 672, Hoodhaven, CA 61513",6/28/1958,Analyst,Healthcare,Referral,SMS,33287.34,4/1/2025
CUST3799,Kelsey Johnson,xandrews@hotmail.com,+1-867-972-9974x3288,"469 Cooper Harbor Suite 008, New Adrian, MT 66360",12/24/2001,Engineer,Education,Unknown,SMS,98484.38,7/13/2024
CUST4531,Robert Fitzpatrick,ryanphillips@smith-holmes.com,001-244-919-3877,"519 Morales Shores Suite 911, Lake Brentborough, WY 07625",5/26/1998,Technician,Retail,Event,Email,146505.05,9/17/2024
CUST6806,Thomas Solis,castillochristian@shields.org,6756556457,"27347 Fowler Loaf Apt. 555, West Timothystad, UT 27764",4/23/1988,Engineer,Manufacturing,Social Media,SMS,95055.78,7/26/2024
CUST5033,Jason Smith,harrisdennis@romero-knight.com,544.901.4339x4422,"PSC 4078, Box 0783, APO AP 71551",10/18/2000,Engineer,Finance,N/A,Phone,120498.88,5/9/2024
CUST4075,Richard Johnson,brandyking@yahoo.com,7541830876,"577 Boyd Crescent Apt. 556, Frankmouth, NV 16799",3/12/1991,Manager,Finance,Email Campaign,SMS,78943.34,5/20/2024
CUST9709,Dana Moore,meganramos@lee.com,001-572-371-6990,"894 Woods Passage, Andersonmouth, DE 73406",6/24/1996,Manager,Education,Social Media,Phone,107122.77,5/25/2024
CUST2814,Michelle Navarro,kimberly51@wright.com,083-897-2471x79407,"2939 Brandon Estate Suite 209, Phillipschester, CO 86727",4/9/1996,Technician,Technology,Website,Phone,89438.18,5/22/2024
CUST4990,Ronald Rodriguez,qwolfe@jones.com,712-995-7770x755,"5688 Mccoy Keys, Pooleshire, OH 57505",3/9/1996,Manager,Retail,Email Campaign,SMS,148638.04,5/13/2024
CUST8446,Linda Thompson,smosley@yahoo.com,(197)574-1625,"59312 Collins Mills, Rachelport, ND 62530",4/30/1999,Technician,Manufacturing,Referral,SMS,129570.75,11/29/2024
CUST6683,Curtis Patton,tylermeyer@conner.com,580.336.9576x87352,"900 Cathy Summit Apt. 885, Port Jenniferside, MO 63637",2/17/1967,Manager,Finance,Unknown,SMS,72151.42,11/26/2024
CUST1034,Veronica Middleton,kwilliams@mcdaniel.net,110.151.9752,"4063 Ho Crescent Suite 464, East Tracy, NE 22475",2/9/1955,Manager,Manufacturing,N/A,SMS,47641.45,3/5/2025
CUST3676,Leah Hudson,ethan40@gray.info,+1-853-254-2048x26807,"21017 Gina Drives, West Edward, OK 34154",4/20/1986,Consultant,Technology,Email Campaign,Phone,54434.42,11/24/2024
CUST5596,Chelsea Arroyo,patricia65@yahoo.com,+1-717-741-4871x931,"99803 Tanya Isle Apt. 185, Franciscoport, IL 78716",3/5/1975,Technician,Manufacturing,Event,SMS,117111.8,5/29/2024
CUST1989,Emily Estes,walteroneal@hotmail.com,(592)325-5151x39969,"785 Danielle Track Suite 767, South Michellefurt, MT 91902",9/26/1955,Director,Retail,Social Media,Phone,149652.35,1/8/2025
CUST3263,James Pena,matthew99@gmail.com,912-913-2112,"63522 Jimmy Expressway, South Daniel, TX 33113",4/11/1997,Director,Retail,Website,Email,131943.38,4/26/2024
CUST2582,Charlotte Shepard,rachelduncan@yahoo.com,+1-055-456-8862x0446,"7673 Chapman Courts Suite 283, Traciville, MO 66668",2/8/1975,Technician,Healthcare,Unknown,,97533.17,8/23/2024
CUST2452,Calvin King,yjenkins@hale.com,-9635,"515 Brown River Suite 549, South Brittanymouth, AR 30111",7/9/1986,Consultant,Manufacturing,Email Campaign,SMS,146240.19,10/23/2024
CUST6473,Manuel Underwood,zhickman@hotmail.com,+1-794-539-7129x3288,"2712 Ford Spurs Apt. 774, West Ericatown, VT 01235",7/18/1956,Technician,Technology,Website,SMS,119917.84,5/31/2024
CUST6688,Walter Cline,uolson@reeves.com,+1-205-442-6347x9772,"429 Kurt Cliffs Suite 055, Haleyshire, MI 29435",3/30/1959,Engineer,Education,Email Campaign,Phone,78984.08,4/10/2025
CUST8922,Thomas Ruiz,julielopez@gmail.com,632.054.4414x55163,"59511 Alfred Landing Suite 921, Snyderhaven, IL 75373",10/6/1960,Technician,Education,Event,Phone,85998.62,3/24/2025
CUST4559,Dana Davis,karencross@yahoo.com,+1-100-320-6393x896,"9593 Whitaker Points, New Adamport, MN 20713",7/28/1962,Technician,Education,Unknown,Phone,39869.1,9/29/2024
CUST9701,John Watson,glennelizabeth@castro-scott.biz,###-###-####,"626 Ramos Shores Suite 744, Lake Brettburgh, MS 83280",7/1/1992,Director,Manufacturing,Website,SMS,83518.74,4/29/2024
CUST4251,Michael Johnson,lewismark@gmail.com,###-###-####,"551 Sanchez Haven, East Brianton, CO 87139",4/9/1972,Analyst,Education,Referral,Email,51313.31,9/20/2024
CUST3534,Jenna May,scooper@tucker-chan.net,481-407-6481x1354,"Unit 7516 Box 2336, DPO AE 54351",2/26/1994,Engineer,Finance,N/A,,126083.02,6/22/2024
CUST9700,Christopher Smith,gonzaleznicole@griffin-aguilar.com,889.237.9796,"813 Jessica Extensions, West Ronald, WV 94981",11/13/1990,Manager,Healthcare,N/A,,143090.33,4/3/2025
CUST2350,Brianna Vargas,tstevens@gmail.com,412-694-3934,"295 Lopez Forest, Erikabury, OR 76086",5/8/1975,Analyst,Manufacturing,Unknown,,145367.18,6/11/2024
CUST3889,Janet Harris,millerjoshua@smith-peters.com,+1-849-926-8682x05503,"0980 Williams Lake, New Nicoleton, VT 40711",5/13/1971,Technician,Technology,Referral,SMS,71869,11/4/2024
CUST2575,Parker Davis,richard14@hotmail.com,001-499-600-4728x9024,"5699 Hamilton Fords, West Brittanyside, TX 66986",9/4/1971,Technician,Education,Email Campaign,,35730.55,11/8/2024
CUST3877,Diane Rojas,dawsontimothy@yahoo.com,1343834394,"92554 Aaron Hill, Port Samantha, OH 46201",12/15/1998,Engineer,Education,Website,Phone,96497.21,12/10/2024
CUST4169,Melissa Berry,stephaniejohnson@tucker.info,+1-048-023-8416x2351,"71623 Barr Ferry Suite 800, Ayalaburgh, VA 33618",12/14/1964,Engineer,Technology,N/A,Email,49762.43,10/17/2024
CUST3809,Randy Morrison,hopkinstammy@richmond.com,001-622-935-6664x3755,"10057 Daniel Well Apt. 077, Websterborough, DE 21818",7/5/1970,Analyst,Finance,Event,Phone,56202.04,10/16/2024
CUST1588,Danielle Reed,uanderson@hotmail.com,(613)271-2596x90854,"981 Wallace Vista Apt. 323, Sabrinahaven, WV 38027",12/27/1959,Manager,Manufacturing,Referral,,51589.64,10/27/2024
CUST5471,Jaime Cole,tporter@yahoo.com,(237)821-3030x558,"06577 Williams Mountain Suite 871, North Eric, AL 00510",4/15/1990,Consultant,Healthcare,Website,Email,105667.76,5/16/2024
CUST4540,Stacey Frank,qlyons@barajas-haynes.com,+1-017-369-5478x709,"12704 Tanya Creek Suite 928, Ortizborough, IL 87189",9/17/1966,Consultant,Retail,Email Campaign,Email,107537.39,2/8/2025
CUST7549,Thomas Carpenter,tammyandrews@carney.info,(277)796-2164x672,"986 Buck Passage, Port Amanda, OH 06919",8/31/2005,Engineer,Finance,Email Campaign,SMS,124077.03,12/24/2024
CUST2722,Yvonne Robertson,elizabeth15@bowen-bradley.com,001-853-305-6618,"4272 Brown Trail, South Corey, RI 58355",10/13/1968,Manager,Healthcare,Referral,,38223.7,12/6/2024
CUST9681,Corey Jackson,ryanjessica@hotmail.com,(021)655-0937,"USS Adams, FPO AA 53351",10/10/1999,Analyst,Retail,Referral,Email,77607,6/29/2024
CUST7305,Scott Jordan,kennethpowers@hotmail.com,8747886161,"089 Michael Cape, Lake Nicole, AK 51621",6/2/1992,Engineer,Finance,N/A,Email,145969.51,9/20/2024
CUST9219,Carl Garcia,kevin59@hamilton.com,753.631.8825,"0692 Williams Orchard Suite 952, Lake Cynthiaborough, SD 51102",4/24/1962,Manager,Healthcare,Email Campaign,,82576.59,4/8/2025
CUST8379,Patricia Hall,johnfleming@yahoo.com,485-529-7826x386,"425 Huff Ferry Apt. 899, Dustinmouth, AR 05202",9/20/1964,Engineer,Healthcare,Email Campaign,Email,148090.15,12/26/2024
CUST8273,Clinton Hayes,wangcheryl@madden.com,820-478-1378x947,"54091 Samantha Tunnel, New Tylerview, OR 14320",6/20/1978,Consultant,Education,Email Campaign,,40123.59,1/11/2025
CUST8393,Tyler Thomas,flarson@moore-kelley.com,087-915-3590,"0739 Brandon Road, Underwoodstad, RI 98646",4/17/1967,Manager,Finance,Event,Email,117236.82,10/28/2024
CUST7038,Robert Lopez,cthomas@miller.com,744.645.3400x48155,"127 Thomas Divide Apt. 944, Meghanborough, NM 82820",4/11/1966,Engineer,Manufacturing,Email Campaign,Phone,27394.35,9/1/2024
CUST7685,Joseph Herrera,stewartdennis@gmail.com,+1-842-303-8885x19377,"81883 Andrea Orchard, West Leahborough, NH 66015",5/4/1976,Engineer,Healthcare,Website,Email,107777.63,12/10/2024
CUST3333,Matthew Freeman,daughertyeric@yahoo.com,068-280-8734,"72044 Jodi Via, Brianborough, AZ 70990",12/15/1995,Consultant,Finance,Event,Phone,95259.48,7/19/2024
CUST2854,,cevans@farrell-horn.com,(606)053-7890,"956 Andrea Fall Apt. 157, Danielberg, GA 34478",8/10/1994,Director,Finance,Email Campaign,SMS,141511.81,6/6/2024
CUST5122,Mitchell Fox,joseph85@yahoo.com,545-187-9177x2842,"90841 Ashley Fords Suite 464, Jasonmouth, AL 78863",5/28/1980,Technician,Technology,Social Media,Phone,54529.89,4/7/2025
CUST8424,Jessica Abbott,ythompson@hart-baird.com,(334)269-6058x88326,"Unit 3200 Box 1464, DPO AA 10971",7/13/1968,Technician,Technology,Social Media,,61103.04,7/13/2024
CUST9350,Matthew Cordova,derekmullins@yahoo.com,+1-721-728-6413x36671,"8559 Hailey Island Apt. 794, North Joelland, AZ 14707",2026-15-45,Engineer,Finance,Email Campaign,Email,29523.89,3/17/2025
CUST5929,Robin Barrera,terrellaudrey@gmail.com,803-718-7767x044,"298 Erin Ports, North Larryton, RI 49965",3/14/1966,Director,Education,Referral,SMS,134512.34,10/8/2024
CUST5180,Andrew Rodriguez,joelsuarez@yahoo.com,(863)911-5893,"7678 Young Coves, Johnnyborough, AR 10938",9/28/1975,Analyst,Education,Referral,,128386.84,8/29/2024
CUST5491,Shannon Brown,russelljason@reynolds.net,-4886,"878 Nathan Branch, West Antonioshire, ID 60778",2/21/1976,Analyst,Manufacturing,Unknown,Email,106822.22,10/4/2024
CUST9266,Julia Williams,amyconley@yahoo.com,(811)702-9377x5971,"735 Jackson Extension Apt. 318, South Deniseshire, WI 74277",2/16/1964,Analyst,Technology,Website,Phone,54380.57,9/25/2024
CUST9130,Cynthia Collier,martha81@patel.com,001-650-157-2362x32129,"49205 Cameron Squares Apt. 188, Lake Alan, TX 01618",1/18/1973,Technician,Manufacturing,Referral,SMS,56628.32,10/5/2024
CUST6786,Sandra Hamilton,rollinschristopher@manning.com,294-294-3607,"652 Michelle Rue Apt. 527, Jadefort, KS 85710",12/1/1981,Technician,Education,Referral,SMS,85703.18,10/15/2024
CUST8156,Laura Scott,miranda74@hotmail.com,556.107.2495,"5512 Espinoza Pike Suite 274, East Mark, MD 96314",7/21/1970,Engineer,Finance,N/A,,127815.25,6/18/2024
CUST8462,Benjamin Wolfe,jmurray@gmail.com,926.436.5356,"516 Nelson Spurs Apt. 846, Hendersonmouth, KY 11661",2/11/1990,Engineer,Education,Unknown,Phone,102824.74,2/8/2025
CUST7769,Devin Juarez,rwilliams@watts.com,856.658.6647x5386,"0086 Dougherty Park Suite 974, North Sandraberg, CO 74751",8/1/1963,Manager,Technology,Email Campaign,,92917.89,7/23/2024
CUST3010,Kimberly Smith,sarah25@perez-flores.org,071.168.2812x3023,"7314 Hubbard Cliff Suite 954, Smithmouth, SD 66845",5/6/1996,Engineer,Technology,Referral,Email,128497.35,2/2/2025
CUST4653,Jessica Martinez,dhanson@yahoo.com,(955)553-5786,"99219 Riddle Fork, Andrewchester, CT 31471",8/6/1990,Director,Healthcare,Email Campaign,Phone,25437.75,9/4/2024
CUST3488,Nancy Anderson,bfowler@wallace.org,3282922533,"PSC 0165, Box 1483, APO AP 77446",7/8/1963,Engineer,Education,Referral,Phone,106701.34,9/2/2024
CUST3094,James Salazar,amiller@hotmail.com,977-502-4362x70315,"5964 Meza Locks Apt. 202, Port Erinport, WY 41615",3/30/1969,Director,Retail,Event,Phone,140349.3,9/20/2024
CUST8029,James Johnson,jesus74@gmail.com,(519)101-7609x44475,"339 Bridget Island, Port Cynthia, AL 36107",1/12/1993,Manager,Healthcare,Email Campaign,Email,43316.89,7/9/2024
CUST7781,Deanna Flores,tyoung@martin.com,308-297-2307x36060,"017 Cheryl Harbor, East Alexander, RI 98494",4/25/1970,Consultant,Technology,Unknown,Phone,54684.74,6/8/2024
CUST9688,John Lawson,edwardshaw@stein.com,+1-356-084-9303x4236,"238 Jennifer Court, Port Carlaberg, NV 74533",8/17/2006,Engineer,Retail,Unknown,Email,131617.12,3/10/2025
CUST6020,Jamie Whitaker,brian84@yahoo.com,001-161-412-2231,"052 Deborah Stream, Russellview, NY 50993",1/27/1968,Manager,Retail,Social Media,SMS,126669.73,9/9/2024
CUST1410,Erica Miller,gmcclain@gmail.com,(592)435-3204x78227,"2415 Tanya Fords Apt. 456, Lake Deborahville, WV 11116",8/15/1995,Manager,Finance,N/A,Phone,71800.58,9/4/2024
CUST7427,Kimberly Sutton,diamond06@yahoo.com,146-009-3947x43232,"PSC 1544, Box 3751, APO AP 04030",12/1/1961,Engineer,Education,Social Media,,108337.36,4/25/2025
CUST9655,Sarah Dennis,urandolph@hotmail.com,001-747-473-7571x73757,"86109 Anna Route, Roweview, AK 42239",10/22/1984,Analyst,Finance,Website,SMS,43213.82,6/7/2024
CUST7172,Hunter Mccoy,invalid_email@,(355)539-9732x056,"Unit 1613 Box 8165, DPO AA 30776",9/15/1983,Engineer,Finance,Event,,64939.32,6/9/2024
CUST9287,Cassidy Owens,thomasmichael@williams.com,(781)475-8563x32369,"Unit 3582 Box 5734, DPO AE 92115",3/10/2002,Consultant,Manufacturing,Event,Email,70075.41,8/15/2024
CUST3045,Angela Murray,jerome55@yahoo.com,8912022897,"02266 Salinas Streets, West Tracy, MA 75188",2/3/1984,Manager,Education,Website,,20219.87,8/10/2024
CUST5605,Becky Todd,richard81@gmail.com,+1-027-083-4319x310,"PSC 5569, Box 0873, APO AA 99745",11/30/1991,Technician,Technology,N/A,Phone,67348.79,5/22/2024
CUST1962,Zachary Lyons,smithalexis@ramirez.com,+1-862-931-7785x93881,"10591 Williams Plaza, Nancyshire, ND 70181",6/4/1988,Technician,Education,Event,SMS,106240.37,10/6/2024
CUST9301,Cody Scott,breweremily@gmail.com,001-856-074-5155,"1731 Jones Tunnel Apt. 269, South Cheryl, VA 04082",9/30/1991,Technician,Education,Event,SMS,106696.08,8/15/2024
CUST7892,Carl George,thomasreed@west-ryan.com,(101)920-2969x4328,"15699 Hubbard Curve Suite 416, East Susan, OR 50740",9/25/1990,Consultant,Technology,Social Media,Phone,44939.21,12/24/2024
CUST8451,Victoria Collins,jasonbell@hotmail.com,444-063-5393x3772,"0460 Adams Pines Apt. 871, North Andrew, UT 67717",8/19/1996,Consultant,Technology,N/A,Phone,100016.94,5/4/2024
CUST5281,Evan Solis,gardnerdaniel@gray-hayes.com,870-489-4858,"7483 Angela Mountain Apt. 557, North Moniqueshire, IL 03927",7/3/2006,Consultant,Manufacturing,Unknown,Email,59503.74,10/12/2024
CUST8305,Rebecca Cooper,smithjames@wise.com,001-745-633-4679,"PSC 0294, Box 5444, APO AP 36648",1/29/2001,Consultant,Manufacturing,Event,SMS,80448.46,4/24/2025
CUST1085,Joanna Kidd,evanlee@hunter.com,001-483-816-8663x5451,"466 Jones Way, Adammouth, ME 79411",7/1/1973,Technician,Healthcare,Event,,123185.6,6/21/2024
CUST9995,Erin Decker,patrick19@ewing.com,358-267-8251x04005,"4640 Martin Mountains Suite 432, New Elizabeth, MD 20805",6/3/1962,Manager,Technology,Website,SMS,87008.76,2/21/2025
CUST4867,Eric Garcia,longheather@martinez.info,771.102.8279,"3201 Joshua Village, Thorntonberg, FL 98406",7/27/1966,Director,Education,Website,Phone,107463.44,1/1/2025
CUST1725,Corey Cannon,tyler42@yahoo.com,(030)111-7850,"00987 Renee Oval Apt. 625, Richardsonmouth, CA 60493",2/21/1977,Manager,Healthcare,Website,Email,51829.53,6/12/2024
CUST8840,Gary Cunningham,veronica15@romero.org,001-673-330-4893x146,"Unit 8672 Box 9410, DPO AA 48363",8/1/2004,Director,Finance,Email Campaign,,135197.8,5/2/2024
CUST9267,Christopher Macdonald,montoyakenneth@gmail.com,753-446-7235x61652,"10082 Carney Estate, New Sarah, NV 16854",12/12/2004,Manager,Technology,N/A,,84269.03,1/5/2025
CUST6678,Kyle Stewart,larry96@yahoo.com,(202)243-5306x47332,"3439 Hernandez Fort, Nicoleland, PA 86033",6/16/2005,Manager,Technology,N/A,Email,136045.78,12/24/2024
CUST8266,Heather Lopez,nwright@mcmahon.com,191.441.0313,"9485 Shawn Gardens Apt. 038, Port Travis, NE 52001",11/9/1966,Consultant,Healthcare,Referral,,26528.39,5/23/2024
CUST8075,Melissa Carter,lgarcia@hotmail.com,463.251.6801,"354 Burgess Valleys, Andreaside, MD 89922",4/26/1959,Engineer,Retail,Referral,,106785.11,11/27/2024
CUST2787,Shannon Mann,huntamanda@gmail.com,001-438-008-7298x282,"226 Vargas Expressway Suite 951, East Ashleyport, NV 81880",7/15/1983,Director,Education,Unknown,,99644.8,9/23/2024
CUST9100,Brooke Robles,manuelwhite@smith.info,(949)079-1489x7639,"5088 Michael Place Suite 367, Jessicaburgh, ID 91000",3/12/1966,Director,Retail,Unknown,,136637.05,11/20/2024
CUST7049,Amanda Caldwell,iheath@gmail.com,(412)847-5593x22313,"17854 Kenneth Vista, West Mirandaburgh, RI 73190",2/24/1955,Consultant,Retail,Social Media,Phone,129182.18,9/12/2024
CUST8971,Brandy Chavez,nolanshawna@cook.com,175-807-9619x727,"4629 Spencer Locks, Nelsonton, AK 30671",5/23/1989,Director,Retail,N/A,Phone,55697.67,11/29/2024
CUST3023,Angela Baker,pyoung@gmail.com,771.160.0216,"9173 Erica Shores, North Steventown, OK 30913",2/12/1979,Technician,Education,Referral,SMS,63660.18,6/3/2024
CUST7688,Brittany Johnson,bailey73@hotmail.com,809.020.9820x5479,"70914 Ann Curve Apt. 302, Port Brad, NC 37545",12/19/1979,Engineer,Healthcare,Referral,Phone,69794.59,1/16/2025
CUST7376,Andrew Parker,sara94@becker.net,950-446-5084x0731,"8110 French Dam, Jamesshire, AL 62616",9/19/1999,Technician,Healthcare,Website,,72987.92,5/17/2024
CUST2616,Kimberly Mcdonald,mcclurejose@moore.org,###-###-####,"1123 Oconnor Neck Apt. 597, Gibbschester, CO 54425",7/7/1973,Consultant,Retail,Website,Phone,128275.85,11/12/2024
CUST8849,Brandon Stewart,ohayes@yahoo.com,763-457-9042x081,"43780 May Point Suite 873, Port Mark, OK 05030",4/20/1979,Director,Technology,Website,,82007.37,5/30/2024
CUST1685,Cody Lopez,meganmejia@burns.com,001-657-008-1448x784,"64018 Kim Circles, Port John, ME 43295",2/6/2003,Analyst,Retail,Unknown,,89968.67,10/9/2024
CUST7030,Maria Farley,jamesferrell@mendoza-mcneil.com,776.456.6812x7576,"USNS Tucker, FPO AA 84526",2/8/2007,Director,Manufacturing,Referral,,48524.81,9/26/2024
CUST4654,Roy Carson,shahtracy@yahoo.com,205-309-8456,"1473 Conrad Port, North Darrellmouth, WI 51902",6/14/1955,Consultant,Finance,Email Campaign,SMS,106953.57,1/23/2025
CUST1796,David Everett,jamie50@hotmail.com,+1-665-511-1646x30553,"752 Reynolds Isle Suite 765, Brennantown, GA 78901",9/29/1967,Technician,Healthcare,Unknown,,139540.41,7/17/2024
CUST1570,Mr. Brad Booth,williamgrimes@fuller.com,8623955806,"96356 Ashley Wells, Port Anthony, NJ 90558",11/19/1958,Director,Finance,Email Campaign,Email,30913.17,9/30/2024
CUST2518,Mikayla Newman,jeffrey25@thompson.com,599-821-3525x493,"51215 Pace Plain Suite 445, Lake Joseph, VA 60557",7/23/1990,Manager,Retail,Referral,Email,53820.32,11/10/2024
CUST3461,Evelyn Chapman,amy94@thomas-hunt.com,001-050-878-6233x5593,"418 Sarah Well Suite 459, Lake James, UT 92329",8/30/1981,Manager,Retail,Social Media,SMS,118959.86,5/28/2024
CUST2764,Laura Kelly,mscott@gmail.com,808.073.7781x244,"69082 Lucas Cove, Richardshire, TX 64301",5/5/1955,Analyst,Retail,Social Media,Email,81139.89,1/20/2025
CUST9456,Charles Clark,ashley39@gonzales.com,865-024-6244x547,"56782 Wood Mountains, South Amanda, NE 10812",6/20/1964,Director,Finance,Social Media,Phone,-8284,7/11/2024
CUST8541,Heidi Turner,bdennis@long-smith.com,534.295.3385x855,"720 Montes Curve Suite 059, South Jeffrey, WA 28948",6/1/1992,Engineer,Finance,Referral,Phone,129099.75,10/13/2024
CUST1153,Kyle Guzman,paigereyes@butler.com,-938,"7405 Robert Island, Lake Monicabury, ME 94000",7/22/1976,Manager,Healthcare,Referral,,107029.65,8/10/2024
CUST4321,Jack Pearson,lynnnicholas@james.net,(482)586-8181x74257,"3770 Heather Street Apt. 642, Travisshire, MO 32042",9/8/2004,Manager,Retail,N/A,SMS,119696.75,10/27/2024
CUST1707,Isaiah Matthews,vwright@olson.com,001-761-337-8465x56552,"817 Jesse Glen Suite 159, Nicolestad, CT 14791",5/17/1966,Director,Manufacturing,N/A,Email,121112.95,9/7/2024
CUST1994,Brandy Willis DVM,orozcorobert@hotmail.com,869-926-9450x1605,"407 King Bridge, South Leslieshire, LA 54107",9/2/2005,Analyst,Finance,Event,Email,140755.33,2/23/2025
CUST3544,Samantha Whitney,deborah46@eaton.org,935.268.7189x25844,"583 Kayla Pines Suite 293, Leblancfort, KS 63329",3/8/1959,Technician,Retail,Email Campaign,Phone,29879.54,10/6/2024
CUST4796,Jesse Willis,greensharon@gmail.com,001-580-988-1484x16203,"3395 Betty Forks, East Robinberg, NH 94111",7/3/2002,Technician,Healthcare,Website,SMS,130538.12,2/8/2025
CUST4808,Angela Montgomery,bradcoleman@hotmail.com,+1-940-619-7138x72828,"202 Jones Alley, Port Jonathanland, AZ 74873",6/29/1971,Engineer,Manufacturing,Unknown,Email,65136.49,8/19/2024
CUST9854,Matthew Blackburn,sarah07@williamson.com,+1-617-493-5534x8814,"PSC 1880, Box 4578, APO AE 83094",1/11/1969,Technician,Education,Website,SMS,21644.78,7/4/2024
CUST9811,Michael Ramos,thompsonlinda@hamilton.com,400-398-8303,"023 Kathleen Mount, Shirleyton, VT 88935",4/15/1989,Consultant,Finance,Email Campaign,SMS,102626.06,3/19/2025
CUST3781,Catherine Mason,helliott@yahoo.com,+1-545-830-8771x38905,"8446 Jessica Cove, New Renee, TX 84445",7/4/1977,Technician,Healthcare,Email Campaign,Phone,115393.39,2/12/2025
CUST4091,Anthony Little,kevinolson@hotmail.com,-11269,"977 Maddox Rapids, North Manuelview, MS 03203",1/28/1982,Analyst,Manufacturing,Unknown,,80433.59,5/25/2024
CUST7919,Autumn Lopez,zdavis@rodriguez-hubbard.com,001-355-675-9336x2205,"098 David Pines Suite 308, New Stephenland, AZ 97739",9/20/1984,Director,Education,Social Media,Phone,127995.03,9/30/2024
CUST2758,Chelsea Haney,gjones@yahoo.com,193-572-2275,"47337 White Knoll Suite 626, Cynthiaport, ME 09437",5/3/1957,Analyst,Retail,Referral,,94080.45,5/14/2024
CUST3107,Anthony Waters,opark@miller.biz,924.302.1958x7228,"75565 Andrew Square Suite 223, North Jakestad, PA 01659",6/28/1967,Consultant,Education,Website,,130623.87,8/5/2024
CUST7842,Amanda Porter,melaniebrown@hotmail.com,+1-652-345-9177x10832,"USCGC Dickerson, FPO AA 26872",4/14/1988,Consultant,Healthcare,Social Media,SMS,64244.05,7/21/2024
CUST5963,Tonya Ortega,amywoods@gmail.com,059-600-5268x2243,"21510 Sims Forks, East Michaelport, ME 67848",5/21/1985,Technician,Education,Event,Email,87161.54,4/7/2025
CUST1362,Wendy Rodriguez,nchan@mendez-johnson.com,001-179-571-1973x2989,"13325 Patrick Ramp Apt. 180, West Jasonstad, AK 52343",3/29/2004,Engineer,Healthcare,N/A,,83515.12,4/24/2025
CUST4316,Nancy Hughes,richard01@sanchez-hale.com,(378)822-7545x6395,"27324 Shelley Fall, Shaunborough, MN 50067",5/1/1963,Technician,Retail,N/A,,78262.69,10/28/2024
CUST4249,Carlos Clark,michael49@gmail.com,288-563-5414x3370,"736 Gail Extension, New Laurashire, NH 75938",10/15/1963,Engineer,Education,Referral,,109932.33,4/9/2025
CUST2595,Andrew Mcfarland,mitchelldaniel@tapia.info,5271974148,"2921 Patricia Curve, Port Michelleview, DC 38670",2/4/2003,Technician,Manufacturing,Social Media,,91951.48,12/2/2024
CUST3760,Joshua Ryan,curtisstephanie@ortiz.info,463.563.1990x88901,"936 Fuller Way, Kellyport, WI 34046",10/29/1966,Consultant,Technology,Event,SMS,65735.37,5/3/2024
CUST3177,Stephanie Wilson,rbryant@yahoo.com,795.605.6293x683,"USNV Ramirez, FPO AE 88963",9/16/1983,Analyst,Education,Social Media,Phone,35685.27,11/10/2024
CUST5870,Kayla Roberts,megan51@martinez.net,2141229936,"191 Adams Cape Apt. 152, Vazquezshire, OR 98379",1/24/1973,Analyst,Finance,N/A,Phone,44900.33,10/24/2024
CUST5791,Mark Moore,vickijenkins@anderson.com,(879)580-8871x4067,"USCGC Gray, FPO AE 63144",7/16/1992,Consultant,Education,N/A,SMS,147466.38,4/25/2024
CUST8836,Lisa Dorsey,adamharris@hotmail.com,001-953-091-2322x09232,"283 Justin Oval Apt. 385, Thompsonbury, KS 35285",4/12/1966,Analyst,Healthcare,Social Media,Phone,59294.79,3/7/2025
CUST4889,Morgan Jones,kelly22@owens.net,(376)985-6709x9520,"050 Victor Burgs, Jamesstad, ID 46928",7/19/1989,Director,Healthcare,Social Media,Email,146658.34,9/3/2024
CUST5532,Amanda Scott,bonnietaylor@garner-miller.com,643.848.2623x195,"24495 Tucker Loop, West Maureenton, GA 78686",10/18/1968,Analyst,Technology,Referral,,33336.39,2/4/2025
CUST7419,Lisa Lopez,tkim@yahoo.com,(544)035-4511x258,"68687 Jacob Cape, Wintersborough, AL 55111",3/2/1996,Director,Education,Email Campaign,,77260.94,3/24/2025
CUST4819,Karen Perkins,michael20@bond.com,+1-079-929-8043x997,"694 Theresa Trace, Bakerville, CT 87785",7/16/1978,Engineer,Education,Unknown,,34831.33,4/13/2025
CUST4590,Joshua Graham,hesterchristine@hotmail.com,1284306082,"0666 Thompson Walk, Michaelborough, VT 12006",2/2/1994,Consultant,Retail,Website,Email,39724.51,2/3/2025
CUST1878,Travis Roberson,edward01@hotmail.com,001-337-424-2114x48571,"PSC 4832, Box 8571, APO AA 67100",5/29/1968,Analyst,Finance,Referral,Email,92549.49,5/22/2024
CUST9584,Thomas Taylor,ipalmer@cowan-nguyen.info,520.109.8344x72506,"388 David Drives Apt. 602, Lake Edward, MS 37433",11/1/1997,Director,Manufacturing,Unknown,Phone,120840.16,4/20/2025
CUST2873,Christopher Hawkins,awhite@yahoo.com,520-130-7347,"977 Laura Lights, Emilyberg, HI 01489",6/21/1961,Consultant,Retail,Social Media,,59699.43,10/4/2024
CUST5752,Martin Edwards,scook@gibbs-martin.com,(459)802-5753x04978,"4910 Nelson Camp Suite 794, Lake Catherine, WV 81315",7/4/1989,Engineer,Manufacturing,N/A,Email,143186.73,1/15/2025
CUST2319,David Freeman,eric16@gmail.com,001-345-425-5020,"423 Cross Port Suite 043, North Mitchell, IL 63098",12/30/1961,Technician,Healthcare,Social Media,Email,40417.42,4/17/2025
CUST5657,Victor Kim,timothy58@stanley.net,-4829,"464 Teresa Cape, Kevinfurt, MO 87322",5/10/1959,Director,Finance,Referral,Email,73107.28,12/29/2024
CUST1519,Sarah Anderson,mary46@martinez.info,472-067-6021,"955 Robert Road, East Thomas, VT 95082",8/24/1979,Director,Retail,Social Media,Email,50091.91,4/10/2025
CUST2509,Steven Ross,silvaalex@williamson.com,-2453,"USNV Miller, FPO AE 58042",2/20/1975,Analyst,Technology,Unknown,,29253.37,10/7/2024
CUST7294,Stephanie Powell,jrobinson@porter-hampton.com,001-405-624-0525x438,"285 Thomas Tunnel, Port David, CA 58265",6/7/1986,Analyst,Technology,Event,Phone,75268.07,8/8/2024
CUST3506,Jennifer Byrd,brenda95@hayes-stanley.com,+1-761-189-5150x642,"15905 Bryan Row, Robersonbury, HI 49980",4/21/1970,Manager,Technology,Referral,SMS,127462.05,3/9/2025
CUST5765,Laura Henry,lewisbarbara@yahoo.com,001-925-430-5614,"9523 Dickson Common, Gutierreztown, NE 41124",3/29/1994,Engineer,Healthcare,Unknown,SMS,97355.72,10/10/2024
CUST1084,Jesse Adams,parkselizabeth@yahoo.com,772.711.5683x06547,"855 Phillips Crest Apt. 524, Kellerburgh, AK 16059",11/12/1992,Analyst,Retail,Website,,109528.14,12/20/2024
CUST4164,Eric Collins,joann45@castro-vega.com,(718)791-8459x015,"3326 Wright Glens, Kristinmouth, NH 23108",1/2/1985,Consultant,Education,Event,,76908.65,12/16/2024
CUST2602,Haley Kirk,yvonnefitzgerald@gmail.com,799.405.8453x266,"098 Anthony Ports, Beckfurt, AK 20369",6/24/2006,Engineer,Retail,N/A,SMS,98482.77,5/19/2024
CUST5275,Jill Diaz,jerome12@yahoo.com,288840458,"9638 Ramos Lights Suite 947, New Nicoleton, DC 54046",6/14/2000,Engineer,Healthcare,N/A,Email,149944.41,4/13/2025
CUST1094,Stephanie Young,elizabethferguson@yahoo.com,(914)305-4414x72847,"910 Ramirez Station, New Dominique, OK 74886",10/20/1957,Analyst,Manufacturing,Website,Phone,81165.11,6/1/2024
CUST4811,Mr. William Steele,kleincynthia@hotmail.com,001-473-020-3304,"9609 Lewis Brooks, Gonzalezhaven, OK 82801",4/19/1999,Consultant,Education,Referral,,102522.01,6/7/2024
CUST7162,Michael Baker,mollyshaw@hotmail.com,351-804-9249x4387,"71971 Ashley Heights, Ochoaberg, RI 25391",11/30/1993,Engineer,Retail,Social Media,,63330.09,8/9/2024
CUST2838,Nathan Harris,mariahbullock@yahoo.com,(819)429-2366x023,"USNV Mills, FPO AE 77643",7/17/1971,Engineer,Healthcare,Social Media,,110177.58,4/11/2025
CUST1179,Edward Snyder,candicepadilla@yahoo.com,(493)979-4006x757,"381 Colon Camp, Jacksonfurt, RI 83234",12/16/1986,Technician,Retail,Unknown,Email,79127.37,1/28/2025
CUST1311,Vincent Everett,brandi13@white.com,214-239-0119x485,"9218 Mark Cliff Suite 785, Margaretchester, VA 76213",2/29/1960,Analyst,Education,Website,,132438.38,10/4/2024
CUST4878,Jason Stein,kmccall@yahoo.com,2718962477,"561 Baker Ways Suite 539, New Joshua, TN 78713",12/31/1972,Technician,Manufacturing,Email Campaign,,27046.53,9/27/2024
CUST5053,Mary Young,michellescott@perez.com,951-765-0441x6058,"8501 Matthew Knoll Apt. 718, Juliechester, AR 66277",6/18/1958,Analyst,Manufacturing,Unknown,,101303.14,9/27/2024
CUST6581,Alexandra Martin,dustinchan@graves-dunn.com,(121)455-7251x23656,"167 Melanie Corner, East Kathleenfurt, OH 96223",2/27/1965,Manager,Education,Event,Phone,140597.46,12/1/2024
CUST7310,Stephanie Braun,charles57@smith-acosta.org,(343)645-4892x6947,"555 Stephanie Fords Suite 651, East Howard, HI 99390",10/2/1970,Technician,Retail,Website,Email,146509.09,7/24/2024
CUST7957,Noah Robinson,wilsondustin@ruiz.org,001-404-629-8531x8103,"6771 Michael Garden Suite 933, Hardinbury, OR 18695",9/15/1978,Manager,Technology,Referral,SMS,91609.07,8/31/2024
CUST2489,,melissa29@gmail.com,583-465-9941x4175,"0302 Dunlap Views Suite 211, Brewerborough, OH 59712",7/24/2004,Consultant,Finance,Referral,Email,79988.23,12/23/2024
CUST9032,Victor Carter,jamesvalentine@gmail.com,552.216.4728x3739,"87578 Paul Hollow, East Christina, MT 85565",3/16/1975,Technician,Healthcare,Email Campaign,SMS,86153.36,3/31/2025
CUST5812,Steven Cunningham,mwright@bray.com,9703511345,"7178 Jared Manor, South Alicialand, MD 20379",7/1/1963,Consultant,Retail,Email Campaign,Phone,79382.24,8/4/2024
CUST7987,Tyler Cantrell,james04@yahoo.com,(785)443-5893x254,"7191 Robert Shoals, Jamieview, KS 74967",2/27/1969,Consultant,Healthcare,Event,Phone,132323.5,8/16/2024
CUST7892,Sonia Wilcox,richard88@yahoo.com,(427)324-8540,"99670 John Extension, Whiteside, OH 59824",12/30/1971,Consultant,Education,Unknown,SMS,126671.43,5/28/2024
CUST6828,Tiffany Stone,johnsalicia@hancock.com,(592)372-6228,"48702 Katie Square, East Julie, MA 35259",5/30/2002,Technician,Education,Unknown,,132483.88,7/18/2024
CUST5560,Alison Meyer,elijaharcher@graves.org,-8173,"32736 Conway Ridges Suite 845, South Sarah, AZ 40785",7/25/1988,Director,Retail,Social Media,SMS,91749.26,1/19/2025
CUST2705,Spencer George,jasmine83@hotmail.com,862.549.3262,"571 Wong Key, North Jermaine, AR 84358",4/30/1971,Consultant,Retail,Social Media,Phone,147500.7,12/19/2024
CUST5138,Kenneth Solomon,cwalters@cook.com,833.425.2319,"007 Ariel Hill Apt. 524, Coopermouth, RI 27188",5/14/1958,Director,Retail,Unknown,,25674.15,12/17/2024
CUST1805,Victoria Nguyen,gregorymorris@yahoo.com,6206759330,"997 Thomas Junctions, East Aliciaville, NM 79658",5/30/1991,Consultant,Technology,Unknown,,70190.24,7/23/2024
CUST3336,Erin Carter,evelyn17@gmail.com,790.870.5990,"75867 Breanna Mountain Suite 128, North Kristin, NE 93151",7/27/1992,Technician,Healthcare,Email Campaign,Email,36412.02,7/4/2024
CUST9624,Travis Hood,vmiller@higgins.info,-1928,"833 Harper Roads Suite 893, Howardmouth, IN 33400",8/6/1979,Analyst,Finance,Unknown,,32962.52,6/10/2024
CUST1741,Jacqueline Clay,kristiehendricks@yahoo.com,001-256-197-3986,"405 Tiffany Underpass, Lake Davidview, RI 01590",4/11/1989,Engineer,Technology,Referral,,133221.29,8/12/2024
CUST1445,Stephen Keller,brian50@patrick.biz,063-870-4439x197,"95008 Gonzalez Vista, Stacyville, GA 41578",10/14/1987,Engineer,Retail,Unknown,SMS,64012.96,12/10/2024
CUST3954,David Baker Jr.,schroedermegan@farmer.info,6730884439,"95340 Harris Bypass Apt. 335, East Jillian, OH 58749",8/27/1964,Consultant,Technology,Website,SMS,130804.37,11/4/2024
CUST8930,Elizabeth Montgomery,mcdonaldlaurie@hotmail.com,064-145-7318x198,"9195 Michael Cove Apt. 831, Angelatown, GA 24868",1/28/1961,Consultant,Education,N/A,,133409.79,11/22/2024
CUST4558,Crystal Benton,shelbyyoung@hotmail.com,001-644-109-7536,"294 Kimberly Route Apt. 768, South Scott, OK 29944",3/14/1961,Director,Finance,Referral,SMS,149665.37,8/3/2024
CUST5707,Debra Jackson,gregory54@gmail.com,+1-715-732-8056x75519,"78685 Jackson Port Apt. 466, Claireland, IL 60687",10/24/1970,Engineer,Retail,Website,Email,77678.21,12/25/2024
CUST2258,Mary Swanson,carlosreed@gmail.com,3812902817,"44335 Mclaughlin Ways, Port Cindy, SC 45644",6/15/1966,Analyst,Finance,Website,SMS,123498.65,9/4/2024
CUST9919,Jeremy Washington,robertparrish@yahoo.com,395-297-9347x3505,"39210 Mercedes Lane, West Alexanderfort, MA 61605",11/2/1977,Analyst,Education,Email Campaign,Phone,51745.67,2/6/2025
CUST2321,James Collins,juliabrown@garcia.com,(481)417-7292x556,"12962 Chelsea Gardens Suite 681, Simonside, NJ 38552",5/4/1971,Director,Technology,Unknown,Phone,42097.87,9/16/2024
CUST3618,Robert Byrd,tevans@hotmail.com,790-218-6357x592,"45980 Tyler Point Suite 886, New Joseph, LA 46394",3/7/1968,Director,Retail,Event,Phone,84696.74,9/26/2024
CUST2207,Benjamin Garcia,richard45@taylor-johnson.com,###-###-####,"1978 Helen Trail Suite 964, Maryview, OR 12575",6/6/1956,Manager,Healthcare,Email Campaign,SMS,79744.16,4/5/2025
CUST3884,David Brown,sandovalcarolyn@bradley.info,(108)586-1702,"1522 Gabriella Mountain, Jacksonfurt, NY 70159",10/9/1970,Engineer,Retail,Social Media,Phone,29602.05,10/18/2024
CUST6645,Benjamin Boyd II,josejuarez@perez-ball.com,796-867-4040x388,"25616 Joshua Lodge Suite 984, Port Kathryn, CA 31290",12/27/1969,Director,Education,N/A,,109740.76,8/25/2024
CUST1613,Diane Mendez,hlewis@king-cardenas.com,+1-842-038-8841x45246,"7306 Xavier Drive, East Tammy, MS 44002",11/10/1968,Analyst,Healthcare,Email Campaign,,33864.92,12/13/2024
CUST5483,Derek Newton,robert47@hotmail.com,210-601-0774x06570,"80628 Timothy Bypass, Guerreromouth, HI 29819",2026-15-45,Director,Education,Event,SMS,149049.97,2/8/2025
CUST1355,James Miller,wrightjose@banks.com,+1-882-311-0857x32652,"55653 Boyer Meadow, North Katherinetown, AZ 75707",11/8/1957,Engineer,Technology,Email Campaign,SMS,21052.74,12/31/2024
CUST5350,Christopher Wang,pmclaughlin@yahoo.com,-1247,"4563 Townsend Streets Apt. 455, Boyerburgh, IL 86604",7/15/1990,Technician,Finance,Event,,128269.06,2/19/2025
CUST8008,Meagan Baldwin PhD,utorres@clarke.com,001-454-885-6788x159,"76965 Cunningham Wells, Vincentchester, WY 54926",8/8/1955,Manager,Manufacturing,Unknown,SMS,48470.59,8/8/2024
CUST8257,Matthew Bullock,paulholder@hotmail.com,757-975-3894,"939 Rose Via, Debraburgh, VT 80620",6/1/2005,Director,Education,N/A,Phone,101672.25,3/5/2025
CUST5926,Brianna Brown,gwalker@juarez.org,001-488-798-6976,"29222 Gina Meadow Apt. 205, Lake Ambermouth, UT 79669",2/10/1996,Technician,Finance,Social Media,,24337.39,8/15/2024
CUST1907,Jay Mclean,mjones@sanchez.org,-1340,"71297 Lozano Forks, Roseborough, MN 30580",7/26/1994,Technician,Healthcare,Website,SMS,62473.49,5/10/2024
CUST6281,Maxwell Collier,richard06@yahoo.com,(261)697-8859,"533 Gonzalez Circles Apt. 916, West Sharonbury, OK 19719",8/23/1981,Manager,Healthcare,Referral,SMS,89010.81,4/28/2024
CUST6429,David Cole,jeffersongrace@hotmail.com,(903)172-0173x3070,"Unit 7490 Box 6498, DPO AE 03703",6/19/1993,Manager,Education,Unknown,,145759.93,12/5/2024
CUST7725,Shannon Smith,christopher06@aguirre.com,6046466956,"524 Johnson Lakes Apt. 309, West Stephenshire, AR 84472",11/13/1969,Technician,Education,Unknown,Email,80883.08,5/11/2024
CUST4077,Melissa Robinson,kevin25@nelson.com,+1-067-058-4544x48191,"2421 Carrie Ranch, Port Meganshire, KY 85115",8/30/1969,Manager,Healthcare,Unknown,,145745.07,2/3/2025
CUST5573,Cole Wilson,jimmydavis@abbott-welch.org,-9160,"USS Rodriguez, FPO AA 50420",5/21/1958,Analyst,Finance,Unknown,,21809.43,9/20/2024
CUST8664,Karen Russell,chapmanevan@davis.com,001-472-582-6571x202,"2359 Chambers Ridge, Brownhaven, NY 27781",4/4/1966,Engineer,Retail,Social Media,SMS,95992.81,1/26/2025
CUST9865,Megan Little,abaker@gmail.com,889-624-4103,"3705 Phillip Union Suite 754, Adamburgh, VT 38800",3/5/1958,Analyst,Finance,N/A,Phone,81291.99,9/19/2024
CUST9586,Raymond Navarro,feliciaguerrero@garrison.com,(502)250-8089x26752,"57110 Louis Locks Apt. 014, New Mary, DC 45262",5/18/1996,Director,Education,Event,Phone,104194.81,1/8/2025
CUST6506,Michael Stone,anthony42@marshall.com,001-708-340-7600x75539,"Unit 5600 Box 3540, DPO AP 28152",11/21/1991,Consultant,Technology,Social Media,,35167.87,5/12/2024
CUST3395,Jeffrey Davis,lhansen@gallegos-beck.com,001-713-697-0404x16244,"78248 Brown Ridge Apt. 484, Raymondchester, AK 68458",3/22/1980,Engineer,Education,Email Campaign,Email,32634.96,4/23/2025
CUST3235,Victor Hamilton,paulmullins@little.com,(671)838-8639x92814,"4472 Compton Neck Apt. 351, Lauramouth, UT 44969",5/7/1998,Manager,Retail,Email Campaign,SMS,107163.21,4/7/2025
CUST4919,Michael Bentley,jamescopeland@yahoo.com,(386)187-2201x069,"787 Gabrielle Plaza, New John, AK 16498",12/26/1978,Technician,Manufacturing,Email Campaign,Phone,135103.79,10/23/2024
CUST8597,Richard Harrison,medinajustin@hotmail.com,228-681-2653,"6506 Jennifer Station, Garciaburgh, IL 60252",11/10/1976,Engineer,Retail,Event,,142076.9,10/9/2024
CUST3034,Amy Davidson,hendersoncrystal@griffith-jackson.org,853.712.5491x021,"57222 Spencer Trail, Marshallburgh, FL 06918",6/15/1973,Engineer,Technology,Social Media,Phone,77639.8,2/10/2025
CUST2112,Alyssa Robbins,davisstephen@gmail.com,001-980-124-4333x711,"Unit 3520 Box 7691, DPO AA 82552",5/16/1955,Analyst,Finance,N/A,SMS,90780.56,3/5/2025
CUST9082,Dr. Christine Vazquez MD,jmorton@yahoo.com,602-494-6612x2640,"651 Scott Burg, Marychester, AR 77098",4/4/1994,Analyst,Finance,Email Campaign,SMS,44675.11,3/3/2025
CUST6996,Marc Heath,tracy73@hotmail.com,917-585-6781x557,"6792 Stephanie Spur, West Beth, NM 80347",9/5/1994,Consultant,Finance,N/A,Phone,103421.58,8/24/2024
CUST8081,Judy Bennett,fpeterson@yahoo.com,547-224-8934x679,"PSC 0061, Box 0848, APO AP 40225",5/12/1955,Engineer,Finance,Unknown,SMS,51663.96,4/3/2025
CUST8808,Aaron Carson,michael50@hall.biz,(436)292-4462,"Unit 0095 Box 5209, DPO AP 07501",1/13/1959,Director,Healthcare,Website,Phone,96229.8,10/26/2024
CUST4092,Gregory James,uwatson@hotmail.com,(512)243-1305x2915,"39964 Margaret Avenue Apt. 887, South Christopher, KY 31925",8/23/1974,Analyst,Healthcare,Unknown,Email,56045.73,12/27/2024
CUST5634,Julia Wright,hendrixdarryl@gmail.com,(408)364-9189x894,Unknown,9/11/1965,Manager,Manufacturing,Social Media,Phone,34290.43,8/14/2024
CUST2490,Angela Ryan,hmiller@gmail.com,+1-522-148-5425x770,"2934 Jessica Glen Apt. 818, New Samantha, MO 75220",3/17/1962,Manager,Finance,Social Media,Phone,96550.88,9/11/2024
CUST2324,Joel Perez,jessica74@yahoo.com,149.791.3401x4826,"18051 Jason Drives Suite 158, New Allisonchester, AZ 97499",9/19/1996,Manager,Education,Website,Phone,116423.35,1/17/2025
CUST6353,Alison Campbell,troy96@everett-kent.com,+1-539-395-0629x173,"7673 Shannon Walk, West Chloe, CO 96630",1/10/1978,Engineer,Technology,Website,,78275.78,4/16/2025
CUST4828,Anthony Coleman,onelson@gmail.com,001-854-481-9691x695,"87728 Ernest Haven Apt. 664, Emilystad, CO 05216",6/21/1961,Director,Manufacturing,Website,,85499.03,3/22/2025
CUST8635,,amanda75@williams.net,4509776103,"2923 Stephen Isle Apt. 756, North Markborough, MO 30998",4/3/1994,Engineer,Technology,Unknown,SMS,79545.53,5/18/2024
CUST6546,Colleen Brown MD,iedwards@gmail.com,1394168794,"0615 David Circle Apt. 265, Lake Jenniferbury, NE 12891",5/9/1987,Engineer,Retail,Unknown,,75415.57,8/22/2024
CUST2198,Sharon Smith,eweaver@yahoo.com,438.554.3732,"477 Torres Radial Suite 667, East Samuelmouth, NH 73893",8/15/1979,Consultant,Technology,Email Campaign,Email,136904.68,7/8/2024
CUST2825,George Williams,iancrawford@yahoo.com,001-198-503-3059x78723,"449 Breanna Stravenue Apt. 069, Carlychester, IL 90106",2/21/1963,Director,Healthcare,Website,Phone,55752.08,11/5/2024
CUST1821,Natalie Mendoza,christopher32@nichols.com,(842)284-9785,"34827 Alexandria Loop, Finleystad, NH 40969",9/2/1963,Director,Manufacturing,N/A,SMS,69517.57,2/6/2025
CUST6198,Kristopher Hunter,sheila08@romero.info,835.305.6773x14253,"2353 Linda Land, East Peter, WA 06584",5/25/1956,Director,Education,Email Campaign,,32893.2,8/29/2024
CUST1766,Michael Rivera,stephanieanderson@gmail.com,+1-203-181-0598x330,"43423 Barbara Haven, Gregoryland, KY 74533",6/27/1954,Engineer,Technology,N/A,Phone,75909.09,10/2/2024
CUST7229,Krista Garcia,victoriahaas@hotmail.com,+1-008-424-4668x3564,"Unit 8758 Box 1435, DPO AE 47292",7/27/1997,Consultant,Education,Unknown,,71834.92,3/11/2025
CUST5980,Kayla Gonzalez,fostervictoria@yahoo.com,837.193.1926,"524 Murphy Pines, Schmitthaven, TX 74730",9/4/1958,Engineer,Education,Email Campaign,SMS,106464.02,4/12/2025
CUST7088,Brendan Larson,hjennings@hotmail.com,001-365-078-8700x482,"81062 Heather Gateway Suite 756, Doughertyshire, WI 09183",10/25/1977,Manager,Technology,Email Campaign,Email,31859.22,10/13/2024
CUST9379,Sabrina Brady,andreamckinney@mccullough.com,(768)291-0755x95045,"072 Ashley Roads, North Brendaland, OK 94855",2/2/1970,Engineer,Retail,Website,SMS,125530.01,8/24/2024
CUST3439,Thomas Davis,xcarter@baker.org,001-588-956-6748x599,"9012 Tiffany Neck, East Toniville, NE 47446",9/22/1955,Engineer,Manufacturing,Event,SMS,107101.72,4/1/2025
CUST8535,Michele Taylor,huntdaniel@collins.com,513-459-0004,"7243 Cruz Stravenue Apt. 978, East Kayla, WY 05569",11/22/2006,Analyst,Technology,Unknown,,132851.98,11/10/2024
CUST5078,Ellen Long,edwardhampton@gmail.com,(050)508-5959x855,"Unit 9623 Box 4949, DPO AA 22413",1/25/1982,Engineer,Education,Event,SMS,65714,12/26/2024
CUST3334,Christian Lawson,thomas19@haynes-montgomery.com,(870)228-4119x890,"425 Terri Flats Suite 453, West Marvinchester, OK 34353",2/22/1994,Director,Healthcare,Referral,,49151.83,9/10/2024
CUST6850,Justin Miller,vrobinson@gmail.com,+1-500-758-6313x845,"89033 Myers Mountains, Juliestad, HI 88619",3/8/1971,Analyst,Manufacturing,Social Media,Email,119138.73,10/14/2024
CUST8762,Stacey Warner,wiseheather@cox-hernandez.org,(081)423-1706x5169,"393 Janice Meadows, North Nathaniel, DC 14800",3/12/1982,Manager,Retail,Unknown,Email,99169.34,11/15/2024
CUST5668,Amanda Serrano,stevensrobert@yahoo.com,-7821,"857 Karen Lodge, East Bryanberg, NH 28520",12/3/1999,Technician,Education,Website,Phone,55525.15,6/29/2024
CUST3826,Jason Smith,browndylan@lee-sims.com,+1-348-874-7382x13161,"177 Michael Pass, Jordanshire, IA 37899",5/25/1968,Analyst,Education,Website,Phone,133082.15,8/20/2024
CUST9732,Christine Johnson,danieldonna@hotmail.com,500.133.4840,"5276 Lisa Keys Suite 016, North David, VA 83426",4/6/1997,Technician,Retail,Website,Phone,116325.98,11/21/2024
CUST9724,Jacqueline Evans,ewingvictor@martin.com,001-394-368-7842x15307,"3535 David Curve Apt. 473, East Henry, MO 13643",9/22/1967,Engineer,Technology,Event,Phone,68905.27,10/18/2024
CUST7058,Todd Chapman,xjohnson@davis-lee.biz,(053)860-7110x84281,"10581 Robinson Lake, Flowersside, CT 36363",3/10/2006,Analyst,Healthcare,Social Media,SMS,113807.48,6/10/2024
CUST9330,Patricia Thompson,spetersen@cortez.com,+1-977-860-7178x45279,"786 White Land, Danielmouth, AK 64496",3/31/1956,Director,Finance,Website,Phone,40463.29,1/11/2025
CUST5090,Mrs. Sabrina Shelton MD,ericallen@robinson.com,(241)440-0028x3353,"8186 Debra Plaza Suite 826, Lindaside, VT 18267",10/6/1957,Engineer,Technology,Website,SMS,77604.69,10/19/2024
CUST5702,Jerry Smith,ilogan@arnold-perry.com,(785)023-3708,"017 Collins Hollow Apt. 582, Melindaside, NE 59039",10/10/1987,Consultant,Manufacturing,Email Campaign,,55511.69,6/26/2024
CUST3432,Jessica Bradley,onealstephanie@gmail.com,-1286,"PSC 2455, Box 5257, APO AE 79690",5/14/1958,Director,Finance,Social Media,,34415.67,1/31/2025
CUST6665,Kellie Anderson,bakerjennifer@keller.com,+1-480-756-5312x7996,"5128 Harper Dam, Hodgesmouth, AR 38438",10/5/1987,Technician,Manufacturing,Email Campaign,SMS,25904.26,1/26/2025
CUST9041,Bethany Kim,austin01@gmail.com,5238514387,"19913 Dawson Isle Suite 218, West Matthew, WA 95298",8/1/1957,Director,Finance,Website,Phone,59184.52,2/8/2025
CUST9930,Danielle Henderson,monroerichard@medina.net,(817)193-7086x7119,"PSC 7939, Box 8592, APO AP 58293",10/4/1984,Manager,Education,Social Media,SMS,35597.96,2/26/2025
CUST7548,Cameron Hill,hbrown@cole.com,60407580,"54598 Bradley Falls Suite 902, East Dustinberg, NC 06741",10/13/2005,Technician,Retail,Referral,Phone,69426.97,2/13/2025
CUST4389,Gerald Diaz,rosariobrandon@gmail.com,737-658-0494x851,"24540 Reyes Manors, North Erin, DE 67970",5/16/1968,Manager,Manufacturing,Event,SMS,29369.81,5/1/2024
CUST1300,Cindy Mcdonald,tyler08@weber.com,9701498086,"5335 Susan Groves, Port Tina, MO 03138",9/27/1993,Engineer,Retail,Website,,139751.12,12/3/2024
CUST5137,Mr. Sean Bradley,brandondurham@gmail.com,6798818429,"005 Chaney Springs Suite 486, West Jenniferfort, RI 69556",11/12/1971,Director,Retail,Event,,112234.87,2/8/2025
CUST6594,Carlos Ballard,sandraweaver@smith-davis.biz,001-935-415-7115x88180,"9771 Rodriguez Stravenue, Thomasbury, LA 72033",9/20/2000,Analyst,Finance,Email Campaign,Email,145605.96,6/12/2024
CUST4973,Laura Matthews,fred78@gmail.com,9083747318,"685 Underwood Brook Apt. 599, Johnmouth, UT 66517",12/17/1971,Director,Retail,Unknown,SMS,31456.88,6/29/2024
CUST4082,Jacqueline Moran,bchavez@yahoo.com,007-664-8042x4111,"6139 Robert Ville Apt. 385, Marychester, WY 64819",11/7/1956,Manager,Retail,Event,,88115.13,5/6/2024
CUST7160,Christopher Brown,millssherri@davis.com,(731)201-6843x965,"89085 Adam Squares Apt. 480, North Brianside, DE 45156",3/14/1963,Analyst,Technology,Social Media,Phone,63298.92,2/3/2025
CUST4839,Lisa Schneider,karenperry@hotmail.com,001-032-309-9012x1066,"0313 Moran Extension Apt. 939, New Kaitlynville, IN 95044",7/25/1974,Engineer,Manufacturing,N/A,Email,88978.63,3/7/2025
CUST1643,Cynthia Dixon,yknox@cruz.com,(448)583-3832,"1430 Julie Brook, Michellebury, WA 09395",7/12/2001,Analyst,Education,N/A,Phone,50714.95,12/31/2050
CUST6196,Adrian Atkins,kellygina@santiago-campbell.com,001-530-217-6420x002,"PSC 1304, Box 6954, APO AP 25948",12/11/1973,Analyst,Healthcare,Referral,Phone,118827.99,8/10/2024
CUST9682,Andrea Blair,welchkristy@meyers.org,(321)308-3839,"30075 Jordan Heights, Mcclurechester, KY 56884",3/15/2004,Engineer,Healthcare,Unknown,,80313.9,7/25/2024
CUST9100,Lawrence Jackson,ubaxter@hotmail.com,1634940051,"99990 Moody Dale Apt. 576, Hoffmanchester, PA 87908",4/5/1955,Director,Retail,N/A,SMS,132352.09,11/30/2024
CUST3767,Crystal Khan,kimberlyhancock@hotmail.com,349-553-5284,"245 Hess Squares Apt. 124, Trevorfort, CT 20730",2/2/2000,Analyst,Healthcare,Email Campaign,Email,80959.74,8/23/2024
CUST8597,Kristen Silva,amy69@hughes.com,(716)602-2328x47346,"60265 Cole Brooks Apt. 801, Port Yolanda, IA 33929",11/13/1981,Analyst,Education,Event,Email,65752.49,12/23/2024
CUST1179,Micheal Martinez,williamsrachel@gmail.com,(989)022-8886x055,"74146 Andrade Roads, Sandrastad, AL 81625",1/6/2004,Analyst,Retail,Email Campaign,Email,27395.71,12/25/2024
CUST9350,Sandra Morales,denisebradley@martin.com,162.061.9770x082,"157 Cooper Estates, East Logan, VA 11779",5/16/1999,Engineer,Technology,Unknown,Email,99951.09,12/17/2024
CUST3034,Brandy Jackson,ajennings@hays.com,7848235636,"126 Daniels Flats Suite 278, North Kelly, ND 41211",12/12/1996,Consultant,Retail,Event,Email,78465.38,1/7/2025
CUST7030,James Carpenter,richardsutton@campos.info,996.079.7843x6076,"2666 Jordan Ridge, Laurenshire, NJ 75538",6/25/1989,Technician,Healthcare,Social Media,,85177.75,7/6/2024
CUST1741,Mallory Gutierrez,clarkedonna@joseph.net,+1-702-745-0783x61787,"3864 Villegas Fords, Katieport, VT 71809",4/22/1994,Consultant,Finance,Unknown,SMS,147710.13,1/25/2025
CUST1085,Lydia Smith,joshua03@hotmail.com,+1-826-598-1115x6223,"763 Smith Forest, Martinland, AZ 21058",8/27/1975,Director,Technology,Referral,Email,52206.68,12/28/2024
CUST5963,Jordan Gay,blackburnerika@cox.com,-3951,"25201 Taylor Mountain, East Richard, RI 94616",8/9/1992,Consultant,Manufacturing,Event,Phone,67306.73,6/30/2024
CUST7229,Kevin Wall,garretttina@evans.com,001-791-871-0983x6175,"62021 Armstrong Locks, North Kevinbury, MS 66823",8/13/1978,Consultant,Retail,Unknown,SMS,108256.7,9/12/2024
CUST5634,Robert Morgan,phillip53@gmail.com,413-212-8684,"629 Cassandra Points Suite 235, North Davidborough, IL 48511",11/13/1971,Technician,Technology,Social Media,Email,62859.8,12/16/2024
CUST8424,Michael Norton,tmyers@gmail.com,+1-931-628-1037x4708,"2582 Jones Crossing, Port Markborough, MO 14415",2/23/1956,Technician,Retail,Social Media,SMS,114085.38,7/2/2024
CUST3094,Robert Valencia,caldwellangela@liu.info,001-514-889-5409x358,"407 Mercado Turnpike Apt. 445, Jacobview, MA 28710",9/19/1995,Director,Healthcare,Social Media,Email,95756.14,10/19/2024
CUST6678,Joseph Parker,rhonda20@hotmail.com,001-107-560-8567,"180 Obrien Heights Suite 668, North Brandonmouth, WI 00865",4/21/2002,Analyst,Education,N/A,,36763.72,7/7/2024
CUST2112,Joel Rodriguez,abartlett@gmail.com,+1-084-811-0581x6667,"425 Pugh Station Suite 181, New Pamelaberg, LA 83408",5/17/1983,Engineer,Education,Event,,103654.12,1/22/2025
CUST1570,Monica Hubbard,zchan@rivera-green.com,(762)412-2264x064,"643 Luis Radial, North Robertastad, AK 16997",6/5/1955,Manager,Technology,N/A,Email,103983.23,1/8/2025
CUST2350,Richard Higgins,invalid_email@,7121122872,"4032 Ryan Ways Suite 406, Lyonsport, NJ 47961",4/28/1984,Director,Education,Website,SMS,60152.59,4/1/2025
CUST5138,Elizabeth Dixon,steve75@gmail.com,001-223-138-8305x7854,"6911 Perry Lake, Tanyaview, AK 27632",11/26/1993,Analyst,Retail,Referral,Phone,149996.96,4/10/2025
CUST5180,Donald Shaw,carrelizabeth@woods-reyes.info,+1-272-460-5110x91853,"307 Kenneth Road, Morrischester, MA 07486",9/26/1975,Engineer,Education,Unknown,Email,85999.66,4/18/2025
CUST6506,Miss Carla Kemp,sjohnson@yahoo.com,1615030276,"355 Jennifer Passage Apt. 597, Port Tylertown, WA 41626",12/8/1956,Technician,Manufacturing,Website,SMS,133931.06,3/22/2025
CUST5980,Jason Brandt,nathanberry@davis.biz,001-756-528-7521x061,"USNV Owens, FPO AA 36322",7/7/1959,Manager,Manufacturing,Email Campaign,Phone,41092.14,2/1/2025
CUST5033,Michael Callahan,joseph06@ramos-romero.com,+1-025-923-9634x827,"74453 Jason Parks, East Angela, MD 69061",1/11/1978,Director,Healthcare,N/A,,25680.02,8/24/2024
CUST6652,Janet Allen,lbarnes@watts.com,3261042875,"69866 Espinoza Divide Suite 742, Port Whitneyburgh, WA 00831",7/16/1960,Technician,Technology,Referral,,99377.4,1/21/2025
CUST7765,Bruce Bryant,thomasivan@gmail.com,(763)209-4168x7482,"0964 Dixon Islands Suite 726, Johntown, DE 08471",8/1/1971,Technician,Retail,Referral,Phone,60230.83,4/7/2025
CUST7134,Steven Giles,bparker@bryant.com,470.782.6262x872,"USNV Flores, FPO AP 63147",2/15/1992,Manager,Education,N/A,,80018.4,1/17/2025
CUST9273,Robert Williams,ltaylor@gmail.com,5742144294,"82115 Jeffrey Mountain, Huffberg, OR 66356",9/23/1996,Consultant,Manufacturing,Event,,145614.86,8/8/2024
CUST1694,Dominic Reese,shannondiaz@gmail.com,+1-736-329-3672x2190,"667 Kevin Orchard Suite 811, Millerfort, TX 61691",7/23/1997,Director,Healthcare,Unknown,SMS,26783.37,8/30/2024
CUST3832,Beth Hopkins,vclay@hotmail.com,(109)006-1632,"2857 Parker Knoll Apt. 052, Jeremiahfurt, TN 75425",4/8/2004,Analyst,Manufacturing,Website,Email,57058.19,7/19/2024
CUST1839,Sandra Harrison,ihudson@hotmail.com,001-200-425-9608x88851,"Unit 6568 Box 6440, DPO AA 76006",9/16/1986,Analyst,Retail,Event,Phone,128036.07,11/21/2024
CUST8823,Douglas Hodge,wilsonelizabeth@yahoo.com,183.345.8737x345,"495 Stephanie Island Apt. 995, Marthaburgh, MS 19211",7/28/2000,Manager,Retail,Social Media,Email,73936.6,4/25/2024
CUST3357,Michelle Russell,tbradford@lopez.com,-6451,"49881 Wang Ridge Suite 839, Port Franklin, MA 61735",8/10/1969,Director,Education,Referral,,149288.3,10/4/2024
CUST9263,Marcus Hill,lsanchez@campbell.com,315.159.7662,"94635 Christopher Wall, Kellybury, VA 06966",12/20/1963,Manager,Finance,Social Media,Email,129092.92,8/26/2024
CUST9964,Kristin Torres,todd44@wright-velez.biz,283-985-8053,"52123 Brittany Island Apt. 715, North Brianmouth, AK 58358",6/22/2003,Analyst,Healthcare,Referral,Email,57294.32,5/31/2024
CUST3643,Jamie Burton,lisa84@harrison.com,(054)472-7290x319,Unknown,7/9/1962,Technician,Healthcare,Unknown,,78318.19,9/18/2024
CUST8327,Laura Fitzpatrick DDS,svelasquez@hotmail.com,(075)373-5849,"4829 Rebecca Lane Apt. 641, Shannonton, ME 32140",4/28/2003,Engineer,Finance,Social Media,Phone,128545.2,3/7/2025
CUST3697,Colleen Brooks,zking@yahoo.com,001-872-082-9880,"18298 Carey Points Apt. 784, Port Melissaview, ME 73700",1/16/2006,Technician,Manufacturing,Event,,34454.29,7/30/2024
CUST3244,Samantha White,kramos@pruitt-chapman.com,582.810.6774x84645,"36958 Thomas Forge Apt. 391, Brianchester, PA 61399",6/3/1957,Manager,Education,Website,Email,50997.14,8/27/2024
CUST1185,Veronica Simpson,regina80@castillo-arnold.com,521.798.6384,"567 Taylor Court, Lake Theresatown, DE 91448",5/25/1991,Director,Retail,Website,Email,128769.4,12/2/2024
CUST3017,John Jackson,gabriellemiller@miller-pearson.biz,(967)814-7416,"PSC 4023, Box 1222, APO AA 33607",6/22/1976,Director,Manufacturing,Website,Phone,113410.76,12/12/2024
CUST6591,Mark Hodges,martinpaul@wright.com,+1-714-741-2595x044,"9713 Lambert Unions Suite 688, Stephensbury, NY 69481",2026-15-45,Consultant,Finance,Event,SMS,51273.35,9/8/2024
CUST7677,Heather Jones,vchavez@gmail.com,001-788-554-5688x16016,"PSC 7563, Box 9362, APO AP 39367",8/29/1982,Manager,Technology,N/A,Email,88052.99,5/13/2024
CUST9405,Julie Johnston,francoamy@gmail.com,(583)131-1216x421,"345 Ronald Mountains, Coryland, WY 04889",6/7/1994,Engineer,Manufacturing,Event,Email,70758.99,11/7/2024
CUST7017,Ariana Decker,pbrown@hotmail.com,(931)586-0580x8735,"1722 Murray Burgs Apt. 353, New Ericland, ME 20106",9/2/1958,Engineer,Technology,Email Campaign,SMS,52974.53,8/23/2024
CUST6504,Vicki Horne DDS,gregory22@bush-conner.com,001-926-335-0459x043,"USNS Torres, FPO AE 40174",3/14/1958,Analyst,Finance,Social Media,Phone,115282.33,5/1/2024
CUST3662,Jeanette Kerr,adamcarlson@medina.com,636.650.6265,"PSC 9346, Box 2342, APO AE 59133",8/30/1986,Engineer,Manufacturing,N/A,SMS,37343.25,8/27/2024
CUST2777,Kathleen Reid,hopkinscarol@dorsey.com,(551)596-4788x0650,"0945 Williams Mission, Lisamouth, HI 28032",8/18/1989,Director,Education,Unknown,Phone,127949.88,6/14/2024
CUST5904,Leslie Charles,wendy81@hotmail.com,(292)708-5400x88701,"32295 Jeremy Street, East Feliciatown, OK 85996",12/22/1982,Consultant,Technology,Email Campaign,Phone,125494.7,10/7/2024
CUST5407,Michael Nguyen,melissarivera@palmer-beck.com,001-060-036-1005,"02049 Lopez Harbor, Kellybury, OR 74044",1/26/1979,Technician,Retail,Website,SMS,46206.83,8/2/2024
CUST9185,Anthony Jones,danalewis@yahoo.com,659-523-2980x7924,"91423 Andrea Lights, New Eric, DE 91814",1/15/1966,Engineer,Education,Social Media,,148585.95,9/17/2024
CUST3228,Tricia Thompson,charlesbarker@hotmail.com,(320)260-8256x07703,"USS Livingston, FPO AE 03226",11/24/1991,Consultant,Education,Website,Phone,57194.42,3/11/2025
CUST8571,Alexandra Clark,mwest@yahoo.com,5208643871,"89504 Michael Crossing, New Joel, AL 59467",7/17/1967,Technician,Education,Social Media,Email,123914.51,10/8/2024
CUST7085,Michele Pacheco,opayne@yahoo.com,903.954.7225x313,"PSC 9954, Box 2884, APO AE 83529",1/4/2007,Consultant,Technology,Email Campaign,,64074.76,8/29/2024
CUST2647,Zachary Ortiz,tgraham@best.com,001-359-171-3752x70962,"PSC 8690, Box 8768, APO AP 12169",4/15/1979,Consultant,Technology,Email Campaign,SMS,140160.36,3/1/2025
CUST5406,Alicia Yang MD,mstark@yahoo.com,746.303.2701x313,"32026 Micheal Cliff, West Tiffany, GA 45582",1/8/1984,Analyst,Finance,N/A,,30260.51,11/18/2024
CUST3978,Brandon Smith,romanchristine@rose-williams.com,781-690-4054x89422,"62325 Chen Canyon Suite 127, Williamsfort, KY 19608",10/28/1997,Manager,Manufacturing,Social Media,SMS,33337.73,2/9/2025
CUST5392,Jamie Ford,vthomas@gmail.com,076-450-8983x7939,"4121 Estes Flat, Williamside, ND 97779",5/7/1993,Technician,Education,Social Media,,98340.81,9/29/2024
CUST8416,Juan Bowman,fernandezchristopher@yahoo.com,444-323-3064x434,"35484 Natalie Forks, Melissaberg, MN 84873",12/1/1993,Manager,Technology,Email Campaign,SMS,78126.86,9/14/2024
CUST1992,Michael Acosta,fowlermichael@phillips.org,001-436-424-2626x42539,"PSC 7776, Box 5244, APO AA 83335",3/31/2000,Analyst,Manufacturing,Email Campaign,SMS,103131.01,3/6/2025
CUST1822,Kimberly Jackson,gonzalesjesse@ellis.com,223-929-8386,"585 Maria Locks Apt. 515, New Crystal, IN 39837",10/10/2001,Engineer,Technology,N/A,,67230.45,12/31/2024
CUST6959,Christopher Decker,ydennis@figueroa-thomas.com,+1-190-480-4241x03819,"898 Jeremy Shoal Suite 493, Port Michelle, MS 62768",9/22/1986,Technician,Healthcare,Website,Phone,130327.01,11/30/2024
CUST9705,Richard Edwards,qweber@padilla.com,001-931-486-8759,"9665 Richard Junction Apt. 003, New Annechester, DE 22770",12/1/2004,Consultant,Finance,Referral,Email,50679.4,4/13/2025
CUST3070,Jennifer Bond,sharonrussell@scott.info,037-217-1147,"8429 Thomas Branch, Port Shelley, MT 76883",2/7/1966,Analyst,Education,Email Campaign,Email,98662.33,3/19/2025
CUST6992,Amy Baker MD,bmccarthy@gmail.com,+1-186-882-1123x56696,"Unit 9085 Box 3367, DPO AE 03921",10/13/1976,Consultant,Education,Social Media,,119200.98,10/19/2024
CUST1696,Robert Hall,stephenroberson@foster-clarke.com,-7692,"209 Jason Trail, Port Donna, NM 09631",10/20/1979,Manager,Manufacturing,Social Media,,60870.11,11/9/2024
CUST1676,Bethany Phelps,smejia@walters.net,+1-150-858-5338x629,"486 Deborah Greens Apt. 326, Faithside, IL 18601",7/22/1973,Manager,Finance,Website,Phone,84875.71,4/12/2025
CUST7745,Mark Moore,emilybarnes@olsen-farley.net,(757)444-2649,"33079 Robert Skyway, Christopherport, AK 72028",1/10/1994,Director,Finance,Social Media,SMS,111524.92,2/26/2025
CUST2545,Renee Rodriguez,hnewton@huffman.com,+1-109-683-0995x30527,"4779 Edwards Junction Suite 455, Taylorfort, NE 08054",4/12/1996,Director,Education,N/A,,46023.18,2/14/2025
CUST8684,Eileen Bowen,rodriguezkyle@gmail.com,736.598.6224x7078,"741 Steven Passage, East Amberhaven, TN 80453",8/1/1981,Engineer,Retail,Unknown,,149644.11,9/14/2024
CUST3884,Jessica Martinez,douglascrawford@gmail.com,(205)689-1596,"12795 William Prairie, Leeberg, KY 31547",3/17/1975,Analyst,Technology,Social Media,Email,91499.63,3/10/2025
CUST8712,Kristopher Jones,jessicalindsey@peters.org,+1-849-113-0651x27975,"USCGC Francis, FPO AP 90984",7/9/1956,Analyst,Healthcare,N/A,Phone,123180.53,2/5/2025
CUST8722,Shawn Cox,amymontoya@gmail.com,(373)518-8932x6711,"716 Brian Viaduct, North Kevin, NY 36313",9/17/2006,Manager,Finance,Referral,Phone,50775.7,12/12/2024
CUST4829,Tracy Brown,invalid_email@,001-562-900-2120x1811,"Unit 8678 Box 2527, DPO AP 05992",7/8/1984,Engineer,Education,Event,SMS,80762.76,9/13/2024
CUST4551,Dakota Mclaughlin,deborah96@wood-ryan.com,+1-930-403-8625x5743,"55740 Steven Plains, Brianmouth, GA 33641",3/20/1961,Manager,Manufacturing,Website,Email,60207.79,8/10/2024
CUST2029,Philip Gray,meredithwerner@yahoo.com,001-798-011-8315x851,"747 Cooper Union Apt. 428, North Michaelfort, AZ 29534",4/27/2003,Technician,Retail,Event,,119991.39,3/4/2025
CUST1521,Martin Tran,lisaconley@esparza.com,+1-201-694-3523x096,"USS Hall, FPO AP 72181",12/28/1977,Engineer,Healthcare,Social Media,Email,78496.68,6/5/2024
CUST6180,Joy Forbes,geoffrey39@hotmail.com,(301)967-3505,"39969 Christy Squares Apt. 219, Glassfurt, LA 88615",3/6/1996,Director,Education,Referral,Phone,119811.61,5/25/2024
CUST7495,Alex Moore,jennifer79@rodriguez.com,-7041,"73312 Anthony Mall, New Emily, AL 48266",6/20/1966,Consultant,Manufacturing,Unknown,Email,128080.8,11/27/2024
CUST1900,Albert Morales,allenronnie@hotmail.com,(222)943-5842x27121,"82301 Mary Trafficway, Jenniferton, DE 87225",5/27/1968,Manager,Education,Referral,Phone,61945.9,12/31/2024
CUST3948,Amanda Tate,tyoung@white.com,+1-027-897-9353x924,"574 Russell Road Apt. 181, Lake Maryberg, WV 74077",9/13/2006,Manager,Education,Event,SMS,129971.38,1/24/2025
CUST3086,Jacob Byrd,mmcdowell@chan-bailey.biz,833-387-4742,"004 Pham Spur Apt. 204, Port Billy, OK 83523",5/11/1959,Manager,Technology,Event,SMS,36272.14,4/6/2025
CUST4027,Renee Woods,swilson@davis-mckinney.com,(266)350-9514,"727 Mckee Views, South Brian, ND 94128",11/29/1958,Director,Manufacturing,Website,Phone,96935.1,10/27/2024
CUST6075,Vickie Buckley,kaitlyn96@gmail.com,+1-396-530-3880x45161,"6952 Morton Manors Apt. 675, Suzannebury, AZ 05646",8/25/1959,Manager,Healthcare,N/A,SMS,129528.9,7/1/2024
CUST6941,Amanda Haley,ccarrillo@swanson-torres.net,673-619-6093x239,"5008 Keith Inlet Suite 460, Bensonfurt, KY 95076",7/16/2002,Engineer,Finance,Website,Email,143311.09,8/11/2024
CUST3998,Luis Harper,kcunningham@hays-wolf.info,139-999-1856x813,"327 Harper Ridges Suite 291, South Kimberlyville, ME 97426",2/23/2001,Analyst,Technology,Referral,,100354.1,7/31/2024
CUST8847,Rita Rodriguez,wwilliams@torres.biz,001-671-460-5484x2582,"926 Eric Village Apt. 492, Schwartzchester, SC 56913",5/5/1981,Consultant,Technology,Event,SMS,103447.95,11/29/2024
CUST9850,Sabrina Lloyd,brianbowman@yahoo.com,995.021.7018,"83019 David Fall, Ingramborough, VA 84618",7/2/1959,Consultant,Healthcare,Unknown,,58666.4,3/12/2025
CUST8753,Mike Frost,fgraham@yahoo.com,958-419-6599,"92013 Christopher Valleys, Lauratown, OK 78160",11/30/1983,Technician,Finance,Referral,,74030.83,8/24/2024
CUST4912,Brian Jones,bpeterson@yahoo.com,4703009976,"776 Valerie Rapids, South Lauraberg, KY 79130",10/12/1984,Manager,Education,Event,Phone,60635.72,9/22/2024
CUST9590,April Morgan,allisonharris@gmail.com,001-463-258-6926,"8339 Haley Spring Apt. 089, West Victorburgh, MD 86118",2/18/1981,Analyst,Technology,Unknown,SMS,146798.64,1/6/2025
CUST4860,Amanda Johnson,bakerjessica@yu.com,653-501-2155x862,"993 Newman Green, Herreraview, HI 37360",12/20/1987,Analyst,Manufacturing,Event,Email,61485.07,3/1/2025
CUST3003,Jeffrey Grant,jhughes@lee.org,889.946.0498,"9655 Davis Walks, Matthewfurt, VT 95082",12/25/1999,Engineer,Education,Email Campaign,Phone,38314.09,10/9/2024
CUST5030,Tiffany Garcia,ovasquez@davis.net,001-211-817-1522,"040 Bryan Springs Suite 054, Lake Jerry, MT 94654",5/1/1980,Analyst,Retail,Unknown,,52275.14,11/25/2024
CUST3831,Samuel Cline,mlopez@robinson.org,663-588-4292,"PSC 2549, Box 4626, APO AP 22558",6/19/1972,Analyst,Manufacturing,N/A,SMS,44678.43,10/13/2024
CUST2911,Kathryn Fernandez,lauren71@gmail.com,578-725-3261,"38763 Jason Loop Suite 861, West Janet, AK 61884",3/3/1996,Consultant,Manufacturing,Email Campaign,,134279.84,12/21/2024
CUST6276,Kimberly Williams,kristen16@yahoo.com,(180)883-0032x973,"491 Moreno Port Suite 473, Taylormouth, RI 44330",10/6/1996,Engineer,Finance,Email Campaign,,145669.26,12/16/2024
CUST2594,Alexander Fernandez,mmartin@hotmail.com,1855336392,"826 Edwards Village, West Mark, NY 70822",5/14/1955,Director,Education,Website,Email,56576.32,6/30/2024
CUST3618,Peter Turner,christophergreene@page-smith.com,001-792-641-6440x8867,"768 Katelyn Roads, Lake Joseph, WY 26150",4/24/2000,Technician,Technology,Email Campaign,SMS,89769.8,1/23/2025
CUST3347,Jared Perkins,xhood@tran-turner.com,243.130.5058,"7048 Jared Mountains Suite 781, Lewisview, TN 42563",5/21/1984,Consultant,Healthcare,Social Media,SMS,119301.38,1/29/2025
CUST2268,Dustin Williams,rickeyyoung@yahoo.com,4424357673,"69907 Andrea Brook Suite 127, West Jennifer, MT 59393",11/22/1988,Engineer,Retail,Website,Phone,67128.09,10/8/2024
CUST9513,Alan Collins,sanchezheather@yahoo.com,934.195.1908x46406,"46720 Paul Passage, Starkmouth, DC 42340",6/6/1985,Engineer,Retail,Event,,119372.53,1/27/2025
CUST7384,Justin Wheeler,michael72@hotmail.com,001-541-185-0708,"15539 Heather Springs, New Richardfurt, NH 81662",7/14/1983,Director,Technology,Event,Email,36726.24,8/31/2024
CUST4419,Colton Raymond,cynthia66@thornton-miranda.info,571-848-0394,"951 Mitchell Motorway Apt. 440, Leeton, NM 23207",7/4/1993,Consultant,Education,Unknown,SMS,92518.14,8/19/2024
CUST1424,Kelly Clark,sarahkelly@hayes.org,8723276342,"87962 Young Parks, South Amanda, OH 13523",12/8/1968,Manager,Healthcare,Event,,85010.13,3/7/2025
CUST9900,Stephanie Edwards,todd97@nolan.biz,+1-500-460-6227x3451,"PSC 7010, Box 9803, APO AP 40663",5/26/2006,Engineer,Healthcare,N/A,SMS,124515.56,2/24/2025
CUST8637,Isabel Jennings,gary99@hotmail.com,110-996-3060x2710,"1329 Steven Dale, Fisherland, NY 82619",1/8/1972,Consultant,Healthcare,Event,Phone,62635.56,4/27/2024
CUST2891,Mrs. Nicole Fowler,mcdowellrachel@yahoo.com,001-254-434-8384x23198,"3646 Julie Valleys, West Danielshire, WY 04264",3/14/2000,Analyst,Healthcare,Email Campaign,SMS,97184.21,3/7/2025
CUST1235,Renee Barrett,martinezerica@torres-lee.com,010-747-1775x227,"Unit 6748 Box 3948, DPO AP 58420",2026-15-45,Director,Manufacturing,Email Campaign,SMS,81736.04,8/1/2024
CUST5343,Robin Robinson,martinjames@yahoo.com,001-021-829-1718x23294,"191 Wilson Island Suite 648, North Eric, DC 01368",3/28/1971,Analyst,Education,N/A,Email,147386.74,8/6/2024
CUST8496,Aaron Weber,vherring@hotmail.com,-1655,"299 David Expressway Suite 693, Beasleyberg, CO 70585",10/17/1984,Analyst,Technology,Unknown,Email,97598.25,6/15/2024
CUST7155,Kathleen Fleming,leahjones@stewart.com,001-819-081-8730x3259,"0292 Christopher Highway, New Travis, UT 15841",7/20/1977,Technician,Manufacturing,Event,Phone,113782.01,9/11/2024
CUST1572,Timothy Harris,oowen@hotmail.com,(721)047-5561x6985,"58029 Dawson Ville, Peterview, CO 74845",10/19/1976,Consultant,Healthcare,Event,,39210.84,6/3/2024
CUST5438,Daniel Morgan,garystevens@hotmail.com,-5931,"PSC 8711, Box 5800, APO AP 61901",10/10/2006,Manager,Finance,Event,Email,44801.96,6/10/2024
CUST9524,Maria Finley,jason23@cox-melton.com,001-845-587-3343x995,"5310 Colleen Meadow, East Christopher, OH 91917",4/4/1957,Analyst,Retail,Referral,,109765.03,7/4/2024
CUST4964,Brenda Logan,carlosgallegos@yahoo.com,+1-181-455-6251x78609,"52567 Cole Shore, East Willie, VA 65958",4/27/1972,Director,Manufacturing,Email Campaign,Email,111750.78,11/26/2024
CUST3362,Christine Best,david16@yahoo.com,1352923546,"Unit 8942 Box 6364, DPO AE 92696",5/26/1964,Manager,Manufacturing,Social Media,,88312.03,3/14/2025
CUST9570,Lindsey Potter,nicholasjohnson@martin.com,811-828-9079x20946,"37256 Gloria Turnpike Apt. 541, Joshuafort, AK 47767",10/8/1978,Manager,Retail,Event,SMS,91015.52,10/20/2024
CUST4315,James Miller,calderonkatrina@robinson.com,8070280567,"092 Anderson Mount Suite 856, Lindaside, DE 94570",9/1/1989,Technician,Technology,N/A,SMS,99309.96,3/26/2025
CUST7101,Rhonda York,rosenathan@hotmail.com,628.284.1377,"4055 Wilson Fort Suite 777, Ronaldside, OR 47538",12/29/1988,Manager,Education,Event,SMS,49232.71,4/6/2025
CUST4002,Teresa Summers,jerry66@garcia.org,915.799.1815x1189,"97754 Jones Estates, Faithport, KY 65254",7/22/1988,Analyst,Technology,Referral,,61215.3,9/26/2024
CUST2545,Holly Braun,krystal40@yahoo.com,684.586.4140,"977 Turner Glens, West Kevin, MN 72773",12/25/1981,Director,Technology,Social Media,SMS,35843.63,4/15/2025
CUST4076,Rachel Mckenzie,michael39@matthews-lee.com,+1-128-026-6092x7625,"7392 David River, Howardburgh, NM 57726",4/5/1982,Director,Retail,Email Campaign,SMS,144099.15,9/26/2024
CUST6045,Kevin Weber,james91@johnson-gonzalez.com,(701)873-8528,"858 Wyatt Road, Jameshaven, WV 05659",7/14/1988,Analyst,Finance,Social Media,Email,65027.26,10/23/2024
CUST4426,Nancy Pitts,hzimmerman@jackson.com,353-990-1344x98296,"31390 Jill Summit, Zacharyton, VT 37269",1/16/1965,Technician,Education,N/A,,47818.29,7/29/2024
CUST9590,Pamela Schultz,barrykaitlyn@gmail.com,268.947.6445,"066 Ramirez Wells, East Rachelview, RI 61020",12/3/1978,Analyst,Manufacturing,N/A,SMS,37845.48,5/24/2024
CUST9833,Nicole Brown,riveraanita@blair.com,604.546.9565x167,"0178 Tony Square Apt. 920, Maryview, NC 30708",6/30/1986,Technician,Manufacturing,Referral,Phone,26599.51,7/6/2024
CUST8959,Craig Fitzgerald II,cody70@marquez.net,+1-492-127-1501x6898,"487 Megan Village Apt. 065, Brianmouth, MD 31718",4/27/1970,Manager,Technology,Referral,Email,33025.73,8/1/2024
CUST6781,Lisa Moore,katelyn97@bryant-sanchez.info,2647021155,"34962 Watson Cove, West Paulshire, AK 64112",3/25/1993,Technician,Retail,Website,Phone,20673.59,8/2/2024
CUST2164,Diana Bowers,erikagates@gmail.com,929-082-8347,"9258 Miller Lodge, Burtonbury, AZ 12038",4/29/1979,Manager,Retail,N/A,,82068.31,5/26/2024
CUST7466,Mercedes Wiley,mariabrooks@long-miller.biz,532-188-3822,"807 Susan Throughway, Hernandezfurt, ND 44913",9/17/2005,Analyst,Education,Social Media,Email,138031.8,11/13/2024
CUST7434,Mitchell Kaufman,olsonmarc@yahoo.com,(475)690-3859x336,"531 Andre Walks Suite 825, Kimberlyland, CO 99326",1/3/1967,Technician,Manufacturing,Referral,Email,138719.86,8/12/2024
CUST8550,Michael Hobbs,othomas@holland.com,5829217080,"12585 Randall Well, South Brendachester, KY 97337",12/28/1999,Consultant,Healthcare,Website,,122434.88,8/25/2024
CUST3474,Christopher Lang,mlucas@yahoo.com,-10306,"334 Christopher Light Suite 945, East Christinafurt, OK 25775",5/19/1966,Technician,Education,Website,Email,58790.99,10/31/2024
CUST7141,Jimmy Ferguson,calvinvaldez@hotmail.com,092.930.3220,"6770 Madison Extension, Port Thomas, WI 74240",7/18/1973,Engineer,Education,Social Media,,148582.93,9/25/2024
CUST1921,Jeremy Hernandez,grahambrian@gmail.com,757-669-0393x759,"70261 Melton Village Suite 826, West Kevinfurt, AK 19266",8/2/1994,Director,Retail,Referral,,55468.82,11/10/2024
CUST7760,Joseph Blevins,kelly12@hawkins.net,+1-061-838-1356x895,"082 Alvarez Mill Suite 046, Velazquezbury, CO 64189",7/2/1955,Analyst,Healthcare,N/A,,104277.09,5/15/2024
CUST7621,Andrew Smith,barry70@kirby-mayo.com,001-783-397-2465,"7391 Porter Overpass Suite 309, Lake Kristopher, KY 72347",10/29/1992,Manager,Finance,N/A,SMS,122799.8,10/21/2024
CUST2354,Katherine Turner,scottperry@hotmail.com,(179)494-4987,"3813 Castro Walk Apt. 258, Port Cheryl, NH 35285",2/20/1976,Technician,Healthcare,Referral,,-7517,9/4/2024
CUST7419,Nicole Barnett,david75@morris-miller.com,+1-316-013-4537x0206,"5278 Ricardo Square, Lopezmouth, NV 03990",5/21/1976,Analyst,Finance,Email Campaign,Email,44021.56,2/6/2025
CUST9373,Kristine Palmer,justinmartinez@lane.org,(426)409-6596x423,"221 Torres Wall Apt. 702, Lake James, PA 32843",4/16/1955,Consultant,Education,Referral,Email,53902.09,10/3/2024
CUST8128,Sheryl Gallegos,cgonzalez@hotmail.com,+1-536-086-9828x4755,"414 Gina Shoal Suite 056, Hubbardfurt, OK 87616",12/29/1997,Consultant,Education,Social Media,SMS,95719.9,6/1/2024
CUST6147,Kristine Jones,obeard@yahoo.com,132-846-6298x094,"597 Stacy Route, East Williamstad, NE 51293",6/18/1991,Engineer,Education,N/A,SMS,110059.92,2/11/2025
CUST7139,James Hill,wilkinsjennifer@hotmail.com,+1-586-770-9832x889,"PSC 1653, Box 4189, APO AA 92573",5/3/1999,Technician,Finance,Email Campaign,SMS,40763.19,12/8/2024
CUST3631,Lisa Curry,karen29@cruz.com,001-704-071-1587x428,"4789 Gonzalez Via Suite 919, Port Melissafurt, WA 84290",1/8/1992,Director,Technology,Unknown,SMS,109737.75,11/18/2024
CUST7039,Amy Small,nwilliams@kemp.com,862.197.9633x2488,"41716 Anna Throughway, Hernandezhaven, AL 34416",4/13/1983,Analyst,Education,Event,Phone,48486.72,4/18/2025
CUST1877,Vanessa Richmond,wayne07@sanders-rivera.biz,+1-233-880-7048x8575,"433 Andrade Shoals Apt. 601, South Justintown, AZ 82236",6/17/1989,Consultant,Healthcare,Email Campaign,SMS,74059.93,1/22/2025
CUST7804,Lori Gordon,heather38@kent-page.com,6888256815,"33936 Garrett Land Suite 690, Davidton, DC 66712",7/16/1987,Consultant,Manufacturing,Unknown,Phone,119041.75,5/8/2024
CUST8194,Patrick Jones,vanderson@gmail.com,001-438-839-6360x842,"965 Smith Center, Youngberg, CT 57744",6/17/1982,Director,Finance,Event,,88662.51,12/30/2024
CUST9918,Charles Silva,bflores@padilla.biz,+1-834-588-0330x4836,"93279 Elizabeth View, West Jasonstad, UT 96183",12/16/1967,Engineer,Manufacturing,Unknown,Email,127740.63,12/19/2024
CUST7508,Renee Gray,iramirez@smith-vazquez.com,001-320-721-7506,"USS Ayers, FPO AA 05608",8/7/2005,Manager,Manufacturing,Event,Phone,41389.83,7/20/2024
CUST7066,Jennifer Wise,wlee@gmail.com,001-171-867-2773x217,"297 Christian Hollow, New Cherylbury, MN 04175",10/12/1964,Consultant,Finance,N/A,Phone,113199.34,6/5/2024
CUST3622,Seth Allison,russell84@palmer-brown.com,402.023.9564x10246,"46676 Palmer Inlet Suite 728, East Joshua, NJ 18698",7/12/2004,Engineer,Manufacturing,Email Campaign,Email,78946.2,12/4/2024
CUST9070,Andrew Walters,dstein@yahoo.com,4857321416,"572 Good Trail, Victoriabury, NH 40670",11/21/1967,Consultant,Retail,Event,Email,92643.64,5/19/2024
CUST3553,Joseph Warren,gina91@davies.info,432.129.5463x58571,"98586 Melissa Island, Harrisville, AK 70290",6/18/1981,Analyst,Technology,Website,,53079.44,9/7/2024
CUST6147,David Grimes,dereklynch@yahoo.com,+1-687-438-6045x8772,"88025 Tina Oval, Dodsonbury, AL 33472",2/13/1978,Technician,Healthcare,Event,Email,25887.67,10/26/2024
CUST1376,Cindy Davis,dianeparker@gmail.com,(804)676-1080x60175,"950 Shaun Overpass, Kennedymouth, SC 69754",10/31/1958,Technician,Finance,Event,Email,141495.76,7/24/2024
CUST5702,Karen Johnson,christopher54@hicks.com,001-667-183-0047x60277,"737 Bailey Spring, West Jonathanstad, IA 68344",7/11/1954,Consultant,Finance,Social Media,,43397.57,12/23/2024
CUST9814,Janet Jones,vmay@rodriguez-copeland.net,906-677-5941x88361,"Unit 6518 Box 2549, DPO AA 29781",2026-15-45,Technician,Technology,N/A,,68679.92,2/1/2025
CUST8504,Tracy Sampson,amber79@hart.org,473-829-4136,"24703 Rebecca Branch, Bakerburgh, IA 78955",7/15/1966,Consultant,Retail,Email Campaign,Email,108754.95,11/13/2024
CUST1793,Kevin Taylor,ogibson@gmail.com,001-678-439-5841x92441,"6378 Jasmine Haven Apt. 632, Campbellport, OR 55944",3/28/1989,Director,Healthcare,N/A,SMS,35422.31,12/11/2024
CUST3152,Daryl Morrow,jasmine80@gmail.com,+1-879-416-3230x2593,"Unit 3321 Box 7009, DPO AP 14932",5/1/1955,Consultant,Manufacturing,Referral,Phone,128526.81,9/13/2024
CUST9228,Jose Jones,kimgomez@graham-smith.com,(115)092-5439x054,"6409 Morgan Mission Apt. 155, East John, HI 85685",4/29/1999,Analyst,Retail,N/A,,89151.37,7/4/2024
CUST7094,Alyssa Cruz,jared55@gmail.com,097.179.0393,"26788 Stephanie Trail, Stephenfurt, GA 09398",1/15/1998,Manager,Retail,Social Media,Phone,55834.46,1/3/2025
CUST8382,Thomas Hill,reeddaniel@rhodes.com,855-968-6797x9615,"6226 Sanchez Vista Suite 764, Lunaburgh, MO 30333",10/26/1964,Engineer,Finance,Unknown,,99940.02,7/2/2024
CUST9027,Elizabeth Wright,beth96@wong.com,(166)778-1200,"247 Henderson Village, Nicolemouth, NC 62473",10/20/1987,Manager,Healthcare,Website,Email,97212.74,3/20/2025
CUST1016,James Thornton,kennedyrobert@griffin.com,6485076682,"911 Johnson Shore, North Megan, OK 65580",3/19/2001,Director,Technology,N/A,Email,51815.44,7/23/2024
CUST8450,Thomas Nelson,graygary@gmail.com,191.871.3029,"7119 Rowe Forge Apt. 961, Salazarhaven, KY 05472",5/17/1999,Consultant,Retail,Referral,Phone,118070.14,3/1/2025
CUST9086,James Payne,edwardcochran@edwards-durham.com,058-151-5657x47289,"36556 Lopez Garden Apt. 069, Muellertown, OR 47330",9/14/1958,Manager,Manufacturing,Social Media,Phone,126052.21,8/2/2024
CUST6682,Meredith Levine,sanchezaaron@collins.net,1839389673,"4037 Richards Lake Suite 040, Brookestad, MO 09052",1/21/1994,Director,Education,Event,SMS,50797.52,4/11/2025
CUST1940,Larry Johnson,joseph64@davidson.biz,-5094,"641 Morales Knolls Apt. 108, Port Janet, KS 67413",4/17/1987,Technician,Manufacturing,Referral,,59065.12,6/26/2024
CUST6799,William Phillips,kedwards@mack.net,(852)764-7293x0630,"15076 Karen Spurs, Danielview, ID 52679",7/29/1990,Director,Manufacturing,N/A,Phone,101379.11,7/9/2024
CUST3931,Douglas Hood,richard02@hays.biz,(806)829-8514x945,"Unit 4220 Box 4951, DPO AA 95133",1/3/1999,Director,Retail,Website,SMS,142406.23,7/8/2024
CUST9827,Dana Myers,ltorres@gonzalez.com,001-122-179-9311x0359,"552 Moore Streets Suite 664, South Katherine, ME 15448",6/16/1988,Consultant,Manufacturing,Social Media,,73073.69,3/9/2025
CUST4928,Christopher Levy,donna81@gmail.com,(576)096-5498x1258,"655 Sarah Grove Suite 481, Port Davidmouth, MT 56467",1/11/1979,Consultant,Healthcare,Unknown,,51325.86,1/3/2025
CUST6818,Michael Andrade,owhite@ramirez.info,+1-865-539-1896x700,"67959 Adam Green, Port Joseville, MI 16324",11/21/1991,Analyst,Technology,Referral,,138916.35,3/24/2025
CUST5156,Andrea Williams,elizabethglenn@jackson.com,534-840-5653,"246 Bennett Lights, East Ashleyview, TX 29453",9/16/1975,Consultant,Retail,Event,Phone,70494.48,8/5/2024
CUST6830,Christopher Rodriguez MD,jennifer30@chaney-young.info,(497)324-5677,"494 Martin Parks Apt. 861, Jordanburgh, NY 46257",11/27/1960,Manager,Education,N/A,Email,139889.39,11/8/2024
CUST1818,Margaret Brown,kevin13@porter.net,6467133567,"83084 Shannon Greens Suite 926, Lopezfort, WI 89899",6/1/2005,Engineer,Manufacturing,N/A,Phone,26699.76,1/8/2025
CUST3863,Ruth Dickerson,evan42@gordon.net,356-050-4176,"032 Tina Falls, Rowlandchester, ND 95900",9/24/2001,Technician,Manufacturing,Event,Email,133570.66,7/23/2024
CUST2539,Mark Myers,ajohnson@gmail.com,+1-614-835-8508x36499,"Unit 2423 Box 3314, DPO AP 96763",1/27/1988,Director,Technology,N/A,Phone,82321.25,4/22/2025
CUST6659,Renee Lopez,pdavis@yahoo.com,147.267.9406x842,"647 Nicole Mission Apt. 457, Bridgetmouth, NC 64338",10/8/1974,Analyst,Finance,Referral,Phone,145070.08,3/19/2025
CUST7573,Peggy Santiago,jeffrey39@gmail.com,(038)043-0331x4832,"Unit 8326 Box 6117, DPO AE 98471",10/26/1998,Technician,Retail,Referral,Phone,71562.17,1/24/2025
CUST4694,Veronica Anderson,michaelbooth@yahoo.com,(674)192-2875x0302,"745 Karen Loop Apt. 138, Williamville, OR 87948",8/5/1969,Director,Education,Unknown,SMS,69486.03,12/25/2024
CUST8296,Cindy Hopkins,fisherjames@yahoo.com,002.376.9178x596,"8213 Amy Inlet, Spencerside, MO 33324",1/9/2004,Technician,Education,Social Media,SMS,66753.8,10/24/2024
CUST6898,Patricia Campos,bchambers@frey-wilson.info,+1-600-186-0989x83512,"962 Steven Turnpike Apt. 135, Port Donna, IA 46137",12/13/1957,Consultant,Finance,Unknown,,119011.77,12/21/2024
CUST5260,Judith Mccoy,richjoseph@mitchell.com,###-###-####,"652 Quinn Shore Apt. 642, New Janice, CO 32836",12/15/1956,Manager,Education,Social Media,,25943.01,7/20/2024
CUST1185,Brendan Turner,caitlin61@jackson.com,5533274758,"39072 Dixon Streets Apt. 503, Rodriguezfort, ND 32938",3/16/1989,Technician,Healthcare,Website,SMS,91930.5,7/24/2024
CUST3160,Cassidy Wilson,wrightkristie@yahoo.com,952-025-3708,"Unit 6100 Box 2800, DPO AA 06085",7/14/1973,Director,Technology,Email Campaign,SMS,39813.48,5/13/2024
CUST5938,Alexandra Baker,ojohnson@gmail.com,001-050-946-9421x2449,"273 Margaret Drives, West Larryview, NC 22350",9/24/1977,Manager,Retail,Event,Phone,84909.19,9/26/2024
CUST7096,Debra Smith,valerie20@yahoo.com,641-983-0115,"32611 Laura Prairie Apt. 550, Sanchezside, IN 35706",2026-15-45,Technician,Education,Social Media,,145646.07,2/16/2025
CUST1569,Patricia Hensley,moorefrank@hotmail.com,034-273-4228x277,"2814 Brady Gateway, North Alex, MN 54069",9/18/1961,Technician,Retail,Email Campaign,Phone,115260.39,8/19/2024
CUST1672,Lisa Watson,allenduncan@gmail.com,(897)904-4107x614,"07451 Steven Bridge Suite 738, Port Tanya, NJ 95542",6/27/1972,Manager,Healthcare,N/A,,43926.21,7/24/2024
CUST2829,Sarah Lin,paulbailey@smith.com,(315)554-5894x535,"USS Smith, FPO AE 98351",3/20/1976,Technician,Finance,Event,Email,129078.9,5/31/2024
CUST8612,Rachel Barr,riverasusan@howard.com,(760)117-7628,"4310 Palmer Skyway, Kaylaland, CA 84898",6/8/1964,Technician,Finance,Unknown,Email,73610.99,10/3/2024
CUST8904,Laura Mason,echristensen@gmail.com,2070683743,"3002 Carney Inlet, Olsenland, LA 93295",5/21/1963,Manager,Finance,N/A,Phone,21188.39,6/29/2024
CUST1855,Kelly Miller,dgreen@yahoo.com,148-263-0542,"PSC 7720, Box 8736, APO AA 89799",10/2/1958,Consultant,Education,Website,,105706.96,5/6/2024
CUST2242,Ryan Velez,samanthamills@olsen.com,(386)413-7967x3753,"64767 Alvarez Dam Suite 326, North Reneetown, RI 54166",6/5/1989,Engineer,Manufacturing,Event,,21540.63,6/22/2024
CUST7702,Nicholas Soto,kellybaxter@larson-williams.com,(241)519-6881,"8334 Stevens Ferry Apt. 751, New Brian, VA 92133",12/12/1994,Technician,Education,Event,SMS,22228.54,6/8/2024
CUST9580,Haley Campbell,terry63@marks.com,228.817.2363x4243,"9381 Christine Villages Apt. 213, West Calvin, WV 71849",11/4/1974,Technician,Retail,Unknown,Phone,33912.14,7/24/2024
CUST1571,Joseph Blair,rossmcdonald@brown.com,001-111-497-5443x51197,"394 Jimmy Camp, Edwardston, VT 40046",12/7/1992,Director,Healthcare,Referral,Phone,100571.51,12/31/2050
CUST6543,Tanya Mann,arielcastro@woods.biz,990.982.7206,"572 Baldwin Square Suite 472, Waltonside, WV 17595",7/5/1982,Analyst,Education,Unknown,,30272.5,9/8/2024
CUST8893,Shirley Thornton,lindaramirez@gmail.com,(108)168-0999x45428,"1324 Johnson Summit Apt. 688, Haynesport, AL 95658",7/20/1989,Consultant,Manufacturing,Referral,Phone,58996.7,4/10/2025
CUST6182,Lindsey Cooper,leesean@gmail.com,999.875.0128,"0473 Shannon Inlet, Lake Theresa, NV 24969",11/21/1985,Technician,Technology,Unknown,Email,32155.07,6/23/2024
CUST1804,Sharon Washington,jared31@walker.org,+1-422-015-1547x38655,"37817 Kayla Ways, North Theresashire, TX 42576",12/24/1976,Consultant,Manufacturing,Email Campaign,Email,102777.25,12/8/2024
CUST6261,Karen Parker,bryan79@yahoo.com,704-726-2776x46587,"8979 Rodriguez Estate Suite 525, West Wendy, NV 63990",8/15/1956,Manager,Finance,Email Campaign,,103837.94,8/17/2024
CUST2126,Sydney Johnson,patriciarichards@gmail.com,888.559.5004x4831,"945 Eric Stravenue Apt. 285, Patrickshire, CA 10233",9/9/1991,Director,Finance,Event,Email,49869.64,10/6/2024
CUST2281,Michelle Hall,dana34@gmail.com,001-667-808-3894,"21694 Cole Ports Apt. 058, Port Taylorborough, MI 74505",12/13/1954,Director,Retail,Social Media,Email,140140.7,4/8/2025
CUST5711,John Poole,medwards@fox-smith.com,5784942237,"5786 William Isle Apt. 061, East Maria, NM 59084",12/19/2001,Analyst,Manufacturing,Event,Email,43316.09,12/24/2024
CUST1034,Christopher Kaufman,jfields@yahoo.com,(234)968-5215x5571,"3119 Sharp Stream, Tinaberg, VA 43531",10/23/1970,Engineer,Healthcare,Event,Phone,117793.08,3/26/2025
CUST3165,Glenn Wright,galvanbeth@rodriguez.org,001-918-677-9276x41077,"8186 Mejia Expressway Suite 055, West Jamesbury, IA 12094",4/13/1993,Consultant,Finance,Social Media,Phone,93314.57,4/16/2025
CUST4018,Connor Ballard,rlopez@yahoo.com,179-665-5166x4652,"2490 Kennedy Springs, Rhondatown, MN 76083",8/31/1975,Consultant,Technology,Event,SMS,69900.01,12/23/2024
CUST1462,Gina Cobb,jacobhartman@ball.org,803-831-6848x7959,"3736 Garrett Cliff, Taylorhaven, MA 79395",6/29/1962,Manager,Technology,N/A,Email,85103.07,10/10/2024
CUST4155,Nancy Hansen,davegordon@andrade-rowland.net,231-259-8817x470,"8597 Kent Hollow Suite 946, Lake Lindsay, AK 73115",10/20/1973,Engineer,Finance,Email Campaign,Phone,129027.71,3/14/2025
CUST2082,Alexandra Thompson,mmurphy@kirby-lowe.com,(818)152-7992x8156,"PSC 1910, Box 0415, APO AP 07318",3/6/1966,Director,Manufacturing,Event,,145959.67,5/10/2024
CUST1071,Rebecca Lester,marcblair@hotmail.com,+1-450-636-5283x8557,"62243 Higgins Harbors, North Carlchester, WA 94649",12/31/1968,Engineer,Technology,Social Media,,83778.45,3/18/2025
CUST9991,Alexandria Miller,paul61@brown.com,001-645-510-3154x3986,"16369 King Land, Johnsonbury, ID 59998",5/27/1974,Director,Retail,Email Campaign,Phone,108360.33,12/28/2024
CUST7347,Dana Hardin,joshua21@ross-richardson.com,+1-019-016-9146x73385,"33380 Smith Points Suite 055, Parktown, WI 29656",9/19/1997,Consultant,Finance,Unknown,SMS,123747.17,8/2/2024
CUST9867,Dr. Elizabeth Avila,rrobinson@wood.com,769.411.8414,"6027 Torres Shores Apt. 756, North Matthew, NV 61687",10/10/1978,Engineer,Finance,Social Media,Phone,69400,8/4/2024
CUST2844,Cameron Fitzgerald II,hbrown@guerrero.com,001-668-631-6946x24552,"8507 Melissa Crescent Suite 951, Jamesmouth, MA 54901",9/8/1960,Manager,Technology,Email Campaign,SMS,66891.03,2/10/2025
CUST5119,John Day,robert88@marks.org,+1-087-504-6322x6062,"98008 Leslie Avenue, New Zachary, MT 02196",12/13/1998,Engineer,Education,Email Campaign,SMS,118975.04,7/5/2024
CUST4939,Mary Mccormick,williamschristopher@rogers.com,001-413-471-8180,"45952 Peterson Plaza Apt. 441, Copelandchester, AL 44256",6/26/1981,Manager,Finance,Referral,,78349.68,2/18/2025
CUST7566,Joseph Buck,stephaniemason@gonzalez.com,111-777-8797x284,"21041 Alyssa Heights, North Melanie, GA 98330",5/15/1986,Director,Retail,Website,Email,31650.45,10/5/2024
CUST8493,Harold Walker,patrick82@miller.net,001-659-956-3757x715,"898 Stevens Route Apt. 177, South Carol, WV 07720",7/12/1996,Engineer,Manufacturing,Event,SMS,132283.36,4/20/2025
CUST6648,Lisa Williams,david95@hotmail.com,+1-231-558-6840x581,"4572 Henson Freeway Suite 953, Brittanymouth, WI 17563",10/15/1997,Analyst,Retail,Email Campaign,Email,114229.7,11/15/2024
CUST9223,Michael Grant,christinesmith@hotmail.com,130.982.6523x3950,"PSC 4680, Box 7067, APO AP 49052",10/2/1981,Manager,Manufacturing,Event,Phone,109091.08,6/4/2024
CUST8771,Leslie Tyler,tharmon@peterson.com,822-871-5138x2733,"313 Hodges Mountain, North Williamport, AK 39418",10/1/2003,Manager,Education,Social Media,SMS,84106.11,5/2/2024
CUST3088,Eric Davis,ytaylor@yahoo.com,(362)192-5480x9692,"575 James Street, South Emilyberg, LA 70819",7/27/1980,Manager,Retail,Social Media,,58967.79,6/16/2024
CUST1942,Gary Collins,dukekimberly@wyatt.com,001-299-178-3242x64209,"03421 Martin Rapid Apt. 343, Karenfort, IA 02203",3/8/1964,Analyst,Education,Referral,,97194.83,9/23/2024
CUST4200,Erika Tucker,michael15@rodgers.com,756-427-5417x0912,"8831 Perkins Locks, South Michaelhaven, KY 62659",6/19/1973,Consultant,Finance,Referral,SMS,20879.76,11/3/2024
CUST8365,Carl Brown,arnoldkimberly@burns.com,431-052-4737x494,"527 Barker Club Apt. 048, Orozcobury, SC 19744",1/29/1955,Analyst,Manufacturing,Email Campaign,SMS,77228.98,4/10/2025
CUST4685,Eric Morris,invalid_email@,8826613628,"922 Sara Extension Apt. 049, Raymondshire, IA 54242",10/30/1984,Technician,Manufacturing,Referral,SMS,61686.47,1/27/2025
CUST5166,Jessica Hall,ygibson@gmail.com,811-631-1585x33025,"21311 Rodgers Fork Suite 613, Figueroaside, SD 61331",2/6/1983,Manager,Retail,Social Media,Phone,145394.7,4/17/2025
CUST7245,Jessica Ryan,mooremary@yahoo.com,(873)896-7284,"21452 Ernest Walk Suite 260, Sandersmouth, TN 04358",11/28/1971,Analyst,Technology,N/A,,145809.2,4/11/2025
CUST1156,Caroline Snyder,owenskristopher@davis.com,247.935.4912x5990,"193 Harrison Cliff, North Nancy, ND 76800",4/8/1976,Analyst,Retail,Social Media,,67452.02,5/30/2024
CUST5172,Marc Chavez,choiandrea@hotmail.com,649-939-6335,"Unit 7711 Box 9395, DPO AA 03884",11/11/1969,Manager,Manufacturing,Event,Phone,108622.64,4/18/2025
CUST7871,Charles Campbell,tbernard@hotmail.com,001-390-715-3630,"458 Roberts Viaduct Suite 750, West Brandon, AK 36999",10/21/1987,Engineer,Technology,Email Campaign,Phone,76999.14,9/28/2024
CUST8100,Amanda Mathews,johnny36@day.com,76179961,"350 Allen Estate, Powellbury, TX 20520",12/31/1966,Technician,Finance,Unknown,,107487.09,1/20/2025
CUST6915,Scott Tyler,qmacias@roman.net,001-548-525-7137x05053,"890 Elizabeth Hill, Lake Angelafurt, WA 54186",8/10/1965,Technician,Education,Referral,SMS,105626.19,4/8/2025
CUST6308,Joshua Fisher,yking@hotmail.com,669.058.0743,"729 Brown Run Apt. 620, South Tracey, LA 33985",7/8/1994,Consultant,Retail,Website,,148791.08,9/1/2024
CUST9519,Adrian Sampson DDS,longjoshua@yahoo.com,8096009790,"059 Hammond Mountain, Josephmouth, MT 81083",8/19/2004,Director,Retail,Event,,90673.88,3/12/2025
CUST6365,Patricia Grant,john02@taylor-hernandez.com,(651)312-0383x215,"24096 Stephanie Ford, Port Kellyland, IA 77205",1/25/2004,Technician,Manufacturing,Event,Email,34218.03,8/11/2024
CUST1902,Alexander Bailey,rbennett@swanson-townsend.net,244-808-3972,"3457 Walker Ford Apt. 471, West Tonyastad, TX 32488",12/9/1983,Technician,Technology,Social Media,Phone,104109.98,2/21/2025
CUST7778,,hansenrobert@thompson.org,-9721,"1965 Reid Shoals Apt. 490, Aguirretown, ME 52435",2/3/1959,Director,Technology,N/A,,145685.45,12/17/2024
CUST6292,Ashley Williams,pruitttracy@yahoo.com,-7012,"54386 Thompson Spring Suite 226, Austinshire, WI 18732",3/24/1993,Consultant,Finance,Website,Email,53635.99,10/18/2024
CUST8405,Julia Williams,zcolon@nelson-kelly.com,+1-285-216-4406x7533,"33628 Garrett View Apt. 779, Karentown, DE 62429",11/24/2005,Technician,Manufacturing,Event,Phone,77951.21,3/7/2025
CUST3855,Noah Chavez,navarroethan@sutton-cortez.net,+1-416-055-0905x1856,"8242 Little Divide Apt. 396, Audreyburgh, CA 61145",8/6/1993,Consultant,Technology,Event,Phone,64845.76,11/9/2024
CUST1849,Joel Mitchell,doyleshawn@hotmail.com,700.820.4309x6564,"27028 Stephanie Shoals Apt. 785, West Kennethport, DC 77997",2/9/1967,Consultant,Finance,Social Media,,139671.18,8/1/2024
CUST5321,Karen Morgan,garciachristopher@robinson.info,150-223-5866x547,"3305 Thomas Road, Dennishaven, MA 01212",1/5/1982,Engineer,Technology,Referral,SMS,60545.74,9/9/2024
CUST2678,Brittany Baldwin,chadhoffman@gmail.com,-6725,"91081 Moreno Lane, Sharonmouth, VA 32839",1/26/1976,Manager,Manufacturing,Email Campaign,SMS,81901.13,9/30/2024
CUST3624,Christina Acosta,crodriguez@hotmail.com,+1-685-764-4757x4823,"518 Mccall Shoals Suite 955, Andrewside, TX 23194",9/30/1994,Technician,Technology,Email Campaign,SMS,28732.66,10/29/2024
CUST6291,Todd Carlson,nyork@smith.org,+1-330-651-6613x99159,"690 Courtney Mission, Nortonshire, HI 93505",5/27/1994,Technician,Finance,Website,SMS,104236.09,3/11/2025
CUST3829,Jodi Torres,thomasholloway@wells.com,921514925,"7128 Anderson Ports Suite 535, North Jeffreyberg, WI 81370",8/7/1976,Manager,Technology,Referral,Phone,91748.34,1/29/2025
CUST6874,Ashley Kim,taylorwhite@armstrong-kelley.info,907.018.3686x45964,"003 Caldwell Bridge Suite 434, Lake Brent, DE 98316",8/7/1986,Director,Retail,Email Campaign,Phone,123708.25,6/21/2024
CUST6228,Jessica Roberts,arthur26@cummings.com,+1-584-842-7825x808,"668 Anthony Gardens, Amandaland, SC 66694",3/7/1964,Manager,Healthcare,N/A,,71425.71,8/4/2024
CUST7106,Tim Perez,bennettdaniel@hotmail.com,001-756-567-4949x85255,"732 Maldonado Drive, Lake Steve, NE 70623",9/2/1963,Director,Healthcare,Email Campaign,,70548.65,1/13/2025
CUST6878,Brandon Davis,jkim@foley.biz,863.168.3290,"715 Oliver Gateway, Robertstad, VA 55390",2/11/1968,Manager,Healthcare,Social Media,Email,95055.23,3/15/2025
CUST7293,Virginia Juarez,ronaldcardenas@gmail.com,527.344.4324,"853 Williamson Trace Suite 325, Port Harry, ND 59689",7/3/1990,Manager,Education,Social Media,Phone,79481.55,11/6/2024
CUST3946,Amanda Cook,scook@yahoo.com,4856068690,"PSC 9679, Box 3067, APO AP 13387",8/15/1969,Technician,Retail,Event,SMS,97606.21,10/12/2024
CUST4642,Beth Moore,umarshall@dunn.com,+1-264-574-4211x1075,"508 Travis Underpass Apt. 006, Port Bianca, MA 53287",4/27/1983,Consultant,Manufacturing,Website,SMS,65758.04,8/1/2024
CUST4095,James Fisher,jackadams@yahoo.com,567.179.0603,"048 Vasquez Villages Apt. 349, Lake John, HI 46906",4/18/1991,Director,Healthcare,Unknown,SMS,139428.74,12/24/2024
CUST5742,Randy Gonzalez,victoria64@hotmail.com,402.180.1589,"8952 Woods Isle, East Angela, KS 22137",8/14/2001,Engineer,Technology,Referral,SMS,35322.01,6/9/2024
CUST7771,Hannah Coffey,andrewssabrina@bailey-griffin.com,1630443179,"USNV Delgado, FPO AP 88093",2/28/1967,Engineer,Healthcare,Social Media,Phone,86407.23,11/15/2024
CUST1252,Brenda Carr,spencer39@yahoo.com,(087)258-3148x0722,"21571 Monica Parks, Port Anthony, AL 71882",7/5/1984,Director,Healthcare,Event,,74995.04,12/29/2024
CUST4208,Tara Rodriguez,smartin@farrell-woods.net,020.405.6476x5362,"16389 Michael Park Apt. 107, Pattersonshire, GA 29540",8/10/1976,Technician,Manufacturing,N/A,Phone,92138.63,2/26/2025
CUST6881,Theresa Smith,alicia40@watkins-edwards.com,+1-517-437-8017x984,"82808 Guerra Rest, East Aliciahaven, MN 69370",4/5/1993,Analyst,Healthcare,Referral,SMS,129458.08,6/1/2024
CUST1041,Hector Martin,kanematthew@romero-howard.com,815-085-2323x2105,"USCGC Mckee, FPO AP 74586",12/7/1958,Engineer,Education,Website,,37749.51,10/2/2024
CUST6029,Tanya Allen,richardsjoshua@hotmail.com,+1-179-710-9141x574,"017 Kristen Village Suite 878, West Williamberg, PA 34487",4/3/2001,Director,Manufacturing,N/A,,73187.47,12/8/2024
CUST1419,Michael Davis,curtisnancy@stewart-craig.org,-4856,"PSC 2528, Box 0508, APO AE 70580",9/16/2003,Consultant,Technology,Unknown,,83530.94,12/18/2024
CUST5702,Tracy Watts,gharmon@acevedo.com,904-925-6510x9731,"7638 Cody Course Apt. 230, New Jeffrey, IL 91562",5/14/1969,Director,Finance,Unknown,Phone,57971.69,3/21/2025
CUST7434,Ryan Willis,cynthiadavis@scott.com,001-215-040-9517,"69352 Bryan Ville, West Chrisborough, SD 21772",8/2/1989,Manager,Manufacturing,Social Media,Phone,121496.23,1/31/2025
CUST5321,Shawna Grimes,hullcassandra@gomez.org,(806)963-7346x666,"PSC 4162, Box 5143, APO AA 88705",8/15/1955,Technician,Retail,Event,Email,94452.83,9/6/2024
CUST3152,Javier Gutierrez,michelle45@callahan.com,477.726.0162x22404,"0876 Alvarez Plain, East Juliabury, OK 57217",11/16/1981,Director,Education,Event,Email,118800.54,3/4/2025
CUST9590,Tina Oliver,kennethcastro@hansen.biz,001-574-657-5257x251,"088 Christopher Ports Apt. 684, Jasonport, IA 21892",9/15/1992,Director,Healthcare,Email Campaign,Email,115678.53,6/16/2024
CUST4685,Sandra Gordon,johnsontina@dunn.com,+1-791-816-4920x14749,"Unit 3587 Box 8407, DPO AE 35652",7/28/1975,Manager,Education,Unknown,Email,78465.2,2/6/2025
CUST7466,James Miller,kenneth60@flores.biz,001-656-242-0930x425,"864 Steven Land, Wuberg, IL 76832",5/12/1987,Engineer,Retail,Unknown,Email,120832.11,8/3/2024
CUST2082,Paula Bryant,ayerssara@hotmail.com,791.732.9092x065,"97322 Jackson Crest, East Christopherhaven, NM 31113",3/1/1991,Manager,Technology,Event,SMS,131936.33,6/21/2024
CUST8722,Thomas Khan,qsmith@robinson.com,239.952.4759,"02562 Burnett Route Apt. 956, Jeffreyview, CO 10480",11/25/1963,Technician,Retail,Referral,Phone,122030.41,5/23/2024
CUST5144,Charles Meyer,omorris@lewis.biz,559.585.0085,"6828 Richardson Island, Deniseport, MD 72976",5/29/1968,Engineer,Manufacturing,Social Media,SMS,97591.5,3/28/2025
CUST9873,Jennifer Frank,annaburns@miller.net,990-164-0468x72977,"95083 Bishop Ways Apt. 402, Michaelfort, HI 48018",6/29/1978,Analyst,Technology,Social Media,SMS,94455.63,1/30/2025
CUST9955,Andrew Johnson,vatkinson@freeman.com,494.770.3359,"6560 James Drives, South Ryan, NH 41993",4/25/2003,Technician,Finance,Referral,,139439.93,9/25/2024
CUST2599,Douglas Gutierrez,daycarlos@hotmail.com,(388)640-3727x93447,"34927 Stevens Wall Apt. 620, Andersonmouth, NM 69465",6/28/1976,Technician,Healthcare,N/A,Phone,52458.04,4/4/2025
CUST6573,Jeffrey Gonzales,stephanie75@gmail.com,(270)111-5165x618,"844 Johnson Burgs Apt. 220, Brittanyborough, CO 41930",6/19/1991,Analyst,Healthcare,Unknown,,83629.63,4/2/2025
CUST3499,Brett Lane,ysingh@williams.biz,+1-615-399-4043x8989,"439 Horton Plains, North Scottview, NY 27771",1/9/1971,Technician,Education,N/A,,68772.4,6/11/2024
CUST4394,Craig Porter,dreese@allen-gaines.com,818.160.2271x7666,"4279 Hahn Circle, Dunnbury, MI 52369",1/13/1988,Technician,Finance,Email Campaign,SMS,110311.47,9/25/2024
CUST1381,Brandon Snyder,tiffanybradshaw@hotmail.com,985.644.7751x00627,"5009 Harris Fort Apt. 494, Courtneymouth, MA 13000",6/22/1986,Consultant,Retail,Social Media,Email,132958.01,8/31/2024
CUST7859,Melissa Rogers,hilljennifer@reed.com,+1-841-589-8856x1480,"2835 Hensley Shoal, Mcdanielshire, CT 59040",1/5/1985,Engineer,Technology,Email Campaign,SMS,130513.81,10/2/2024
CUST2593,Ruth Brown,millerjanice@joseph-price.biz,001-708-769-7536x902,"245 Dickerson Gardens, Warnerchester, AL 81782",11/6/1957,Consultant,Healthcare,Email Campaign,Phone,84312.94,3/5/2025
CUST3272,Travis Flores,christina91@garcia.com,-6540,"6477 Jessica Village Suite 645, Williamstown, NC 17028",12/13/1963,Analyst,Education,Event,Phone,93598.47,12/30/2024
CUST8317,Jennifer Baker,acarter@hotmail.com,443-755-2575x60620,"8075 Ralph Islands, New Dawn, GA 88804",2/26/1986,Analyst,Technology,Unknown,Email,25972.58,3/24/2025
CUST1744,Kylie Peterson,aprilmarshall@morton.org,(514)731-1472x441,Unknown,4/29/1954,Consultant,Finance,Website,Phone,77367.17,11/5/2024
CUST9175,Jeffrey Evans,monroeamy@gmail.com,568.980.6190,"6531 Hawkins Creek Apt. 167, East Andre, ND 95906",11/6/1987,Consultant,Healthcare,N/A,Phone,134679.21,10/12/2024
CUST6285,Leah Williams,george75@sampson-lucas.com,373.936.6712,"09619 Erik Flats, Adamsborough, WV 01488",2026-15-45,Manager,Education,Website,SMS,52550.61,5/15/2024
CUST6141,Daniel Davies,joseph10@holland-keller.com,(300)497-3883,"5256 Arroyo Locks, Crystalside, SD 91330",8/26/1992,Technician,Technology,Referral,Email,71524.4,2/11/2025
CUST5858,Alejandro Owens,brianfuller@carter.net,601.078.0238,"29501 Bruce Tunnel Apt. 412, Port John, NC 80184",4/9/1975,Technician,Technology,Unknown,Phone,75800.02,10/13/2024
CUST6943,Kristopher Lawrence,josephhuynh@gmail.com,+1-358-132-4555x182,"981 Baker Loaf, Jamesview, NJ 69478",5/24/1975,Technician,Finance,Website,Phone,81984.87,6/28/2024
CUST9169,Gregory Mason,juan50@lambert.org,371-450-9486x535,"0860 Wright Shore Apt. 025, Port Jennifer, AZ 89028",8/18/1961,Director,Healthcare,Event,,21207.3,12/30/2024
CUST1164,Jennifer Davis,keith59@yahoo.com,034.751.3478x84733,"Unit 0017 Box 4942, DPO AA 88788",2026-15-45,Analyst,Finance,Unknown,,110224.03,7/24/2024
CUST6512,Tonya Navarro PhD,qjenkins@hotmail.com,-9540,"PSC 8604, Box 4232, APO AA 94113",3/29/1956,Engineer,Healthcare,Email Campaign,Email,114999.24,11/1/2024
CUST6836,Mrs. Katherine Villarreal MD,fredpalmer@evans-ortiz.com,+1-116-292-9787x6655,"637 Frank Run Apt. 679, North Luisshire, UT 77228",7/24/1996,Engineer,Education,Social Media,SMS,37826.81,7/31/2024
CUST6377,Karen Cummings,petersoncarl@yahoo.com,001-999-717-3119x409,"68280 Sara Fall, Mendezmouth, KS 89310",6/28/1961,Manager,Technology,N/A,Phone,28893.51,8/25/2024
CUST9131,Jermaine Dominguez,victoria77@pena.com,303.350.9884x026,"45960 Miller Key Apt. 346, East David, WA 94367",3/3/1960,Engineer,Manufacturing,N/A,Phone,77212.92,5/10/2024
CUST4468,Nicole Schultz,krista80@gmail.com,478.732.3659,"4406 George Ville Suite 628, Mitchellmouth, NM 35487",8/14/1973,Manager,Technology,N/A,Phone,139586.24,7/9/2024
CUST7042,Joshua Russell,anita65@james.com,863-506-7721x23788,"Unit 8469 Box 3605, DPO AE 68003",4/17/1983,Technician,Retail,Unknown,Phone,31269.44,1/22/2025
CUST7534,Rita Nguyen,margaretflynn@lloyd.com,(040)187-6427x59003,"377 Jesus Turnpike Suite 704, South Daniel, WA 43100",11/26/1957,Manager,Finance,Event,,65699.63,10/14/2024
CUST6518,Colleen Robertson,qhooper@morgan.info,001-001-015-1092,"156 April Lane Apt. 447, Markburgh, NM 14188",3/9/1988,Analyst,Healthcare,Referral,SMS,103800.67,8/29/2024
CUST7190,Shelly Gonzalez,kwilliams@hotmail.com,(977)659-0441x543,"9712 Jack Bypass Suite 371, Jasonfurt, SC 31427",1/27/1990,Director,Manufacturing,Event,SMS,121266.05,11/29/2024
CUST5769,Ryan Harris,dbrown@harris-rose.com,-3221,"929 Guerra Trail, Tinatown, DE 59126",1/20/2006,Engineer,Technology,Social Media,Phone,87307.39,5/17/2024
CUST8689,Stacey Garrison,smithlaura@gmail.com,(386)671-6674x0010,"7574 Wilson Squares Apt. 944, Lake Clarence, WY 82595",10/20/1969,Manager,Technology,Email Campaign,SMS,104002.07,9/27/2024
CUST7748,Stephanie Taylor,katherineriley@gmail.com,(704)979-9368,"6273 Jackson Summit Apt. 791, East Darrylfurt, CA 54794",2026-15-45,Consultant,Retail,Website,Phone,84945.73,6/14/2024
CUST6581,Joshua Spence,awalters@khan.com,227-270-2151x74841,"17755 Jared Crest Suite 110, Zunigaton, ND 66192",8/3/1957,Engineer,Manufacturing,Website,SMS,141410.17,12/18/2024
CUST4729###,Stephen Cole,amyrobertson@guzman.org,(192)835-0407x494,Unknown,6/27/1990,Consultant,Manufacturing,Email Campaign,SMS,91026.31,9/24/2024
CUST9740,Russell Meyer,acummings@hotmail.com,635-220-7166,"0555 Miranda Common Apt. 559, Fosterbury, ND 81908",6/18/1990,Consultant,Finance,Website,Email,21793.15,2/4/2025
CUST6564,Eric Harrington,carmenmurphy@campbell-foley.com,917.237.6905,"4315 Shaffer Park, Willisburgh, PA 86727",3/15/1964,Engineer,Finance,Unknown,,85859.38,2/6/2025
CUST3206,Matthew Miller,qmiller@robinson-evans.biz,(339)567-5665x71540,"84158 Molina Points Apt. 268, South Karenburgh, IN 63381",2/28/2002,Technician,Manufacturing,Unknown,,75064.78,2/18/2025
CUST5720,Eric Griffin,richardsonjudith@walls.com,001-548-678-2524x2636,"7738 Paul Unions, Lake Pamela, HI 64278",2/19/1977,Engineer,Technology,Event,Phone,56070.81,9/21/2024
CUST9184,Kevin Gray,sandrasimmons@shannon.biz,728-094-7223x7688,"1050 Ronald Bridge Apt. 788, Jacobland, NH 07544",6/23/1978,Engineer,Manufacturing,Referral,Phone,89730.72,11/25/2024
CUST7839,Brian West,achambers@hotmail.com,-7619,"8778 Brenda Cape, Robertchester, MA 13444",2026-15-45,Director,Technology,Unknown,Email,60322.03,4/16/2025
CUST1928,Marcus Brock,anthonygilbert@gmail.com,777.995.0071,"407 Nicole Prairie Apt. 254, Robertville, SD 83022",7/20/1966,Technician,Healthcare,Website,Phone,31207.66,4/30/2024
CUST5192,Debra Monroe,yolanda20@dawson.com,1299859147,"8160 Sanders Station, Lucasport, IN 89337",12/6/1993,Engineer,Retail,Event,Email,60207.71,12/26/2024
CUST6607,Emma Castro,sbarber@murray-shaw.com,4896416071,"Unit 9540 Box 5946, DPO AE 23871",11/27/1999,Technician,Technology,Referral,Email,21646.45,9/6/2024
CUST4902,Roberto Ibarra,sarah97@gmail.com,(731)785-6082x5173,"2144 Timothy Haven Suite 280, New Christopher, MO 92340",1/5/2006,Technician,Finance,Referral,,143892.11,11/5/2024
CUST2976,Sarah Garcia,irobbins@mcneil.net,-6068,"84648 Kelly Gateway Apt. 401, Jamesfurt, MS 44395",6/3/1973,Director,Technology,Social Media,Phone,68343.03,5/30/2024
CUST2401,Heather Harris,syates@hale.com,(419)380-9568x0714,"92178 Karen Lake Apt. 688, Gutierrezport, GA 14849",11/8/1985,Analyst,Technology,Website,Email,63551.43,8/25/2024
CUST9106,Timothy Hamilton,alexandra78@yahoo.com,740.334.4530x5400,"09330 Barry Cliffs, East Darleneburgh, NV 04682",8/7/1990,Analyst,Manufacturing,Website,SMS,112602.02,1/7/2025
CUST4588,Scott Whitaker,colonsteven@hotmail.com,(023)136-3107x04077,"6827 Mitchell Street Suite 322, West Timothy, WA 40484",5/20/2004,Technician,Finance,Email Campaign,,86401.64,1/10/2025
CUST4833,Amanda Gillespie,dalton35@cunningham.com,796-110-6616,"418 Deanna Cliff Apt. 913, Walterburgh, WY 72600",9/4/1979,Consultant,Manufacturing,Referral,SMS,40450.3,5/28/2024
CUST1662,Jennifer Crawford,tracy69@yahoo.com,752.436.8984,"49758 Jeffrey Fork, Brownton, SC 52013",6/1/1966,Director,Technology,N/A,Email,49692.58,3/29/2025
CUST1202,Tracy Dunn,wrodriguez@santiago.com,2694891848,"41741 Jennifer Park, Pierceville, VA 71619",12/28/2001,Engineer,Finance,Unknown,Email,51791.69,6/22/2024
CUST4476,Taylor Hall,lindsay30@hernandez.com,339-339-4947x31913,"30725 Walker Square, Gonzalezton, ID 62876",8/3/1978,Analyst,Retail,Referral,Phone,141050.81,3/9/2025
CUST7847,David Caldwell,hoodkayla@pierce-wheeler.com,934-404-9956,"0673 Teresa Throughway Suite 266, Comptonchester, SD 60046",9/25/1998,Director,Technology,N/A,,49186.99,4/25/2025
CUST9997,Anthony Wiley,devinsullivan@ferguson.org,(494)669-4261,"2710 Ford Hill Suite 821, New Michelemouth, AZ 93604",10/21/1979,Consultant,Technology,Social Media,SMS,127379.61,4/1/2025
CUST2883,Jane Gomez,samuelmarquez@gonzalez-nielsen.info,051-304-9394x78241,"54223 Robert Pass, Lake Nicoleberg, DC 75185",9/3/1995,Analyst,Finance,Event,Email,43314.77,2/17/2025
CUST9246,Samuel Kelly,acostawendy@pacheco.biz,(243)811-6645x66537,"2003 Michelle Point Apt. 555, Johnchester, MO 37181",11/29/1993,Engineer,Retail,Website,,132584.19,6/11/2024
CUST8660,James Jones,gregorytrevino@gmail.com,001-386-834-0831x81745,"435 Michael Creek, East Isaacside, VA 00756",12/17/1957,Analyst,Finance,Event,,21035.99,4/17/2025
CUST2770,Crystal Warren,heathmelanie@bell.com,3266379972,"PSC 8950, Box 1939, APO AE 69232",11/6/1998,Analyst,Manufacturing,Unknown,SMS,116144.88,3/23/2025
CUST9061,Latoya Bruce,nwatkins@williams-terry.com,(820)330-3400,"56782 Johnson Wells, East Caleb, MA 53391",8/1/1985,Consultant,Education,Event,,149712.33,3/7/2025
CUST1798,Lauren Nelson,johnlong@yahoo.com,001-508-077-4411x547,"688 Huang Shore, West Michael, MT 71970",9/17/1967,Technician,Manufacturing,Unknown,Phone,39573.63,12/8/2024
CUST2633,Sean Williams,cooklaura@phillips-miles.biz,825.731.8995x143,"44180 Michael Unions, Nathanielmouth, OH 78810",4/19/2000,Engineer,Healthcare,Event,SMS,102672.44,12/21/2024
CUST6379,Andres Rogers,christopherthornton@gmail.com,834-586-0377,"322 Pugh Forest Suite 254, Silvashire, NC 14123",6/26/1992,Engineer,Education,Website,,130370.78,1/27/2025
CUST9313,Tanya Larsen,pamelaholt@gmail.com,3712511896,"64184 Branch Forest Suite 394, Paynebury, AZ 76080",9/12/1970,Analyst,Finance,Referral,Phone,74576.06,2/20/2025
CUST1827,Richard Thompson,pherrera@simpson.org,387-078-5261x945,"578 Daniel Cove, North Randy, DC 98600",1/10/1979,Manager,Technology,Social Media,Email,25707.03,12/1/2024
CUST9214,Haley Barrett,gkennedy@ross.org,5851011403,"0951 Stephen Plains, South Robertstad, SC 11464",4/15/1991,Director,Retail,N/A,SMS,79599.54,3/3/2025
CUST9623,Angel Krause,chelsearice@yahoo.com,458-243-2964,"16126 Cox Ports, Parkerfurt, TN 05852",12/3/2005,Engineer,Manufacturing,Website,Phone,102838.04,12/5/2024
CUST8615,Theresa Torres,invalid_email@,087.767.8748,"2605 Holt Turnpike, East Christineton, MA 17351",5/23/1998,Engineer,Manufacturing,Event,Email,76547.77,10/1/2024
CUST2930,Lisa Smith,wilsonchristopher@gmail.com,712.641.4668,"7496 Melissa Junction, South John, DE 15799",10/4/1977,Manager,Education,Social Media,SMS,140385.45,12/13/2024
CUST6713,Jessica Cross,phelpstony@johnson.com,(049)407-9742x0239,"188 Christian Parkways, East Rachelland, SC 54820",3/14/1983,Technician,Technology,Social Media,SMS,78858.52,2/13/2025
CUST1869,Madison Ross,ghall@hotmail.com,144-623-4173,"4123 Frederick Wall, North Samantha, ND 39015",4/3/1975,Engineer,Healthcare,Referral,Email,40203.37,3/26/2025
CUST2186,Philip Robinson,vharrington@hotmail.com,+1-996-914-5523x76337,"640 Bradley Inlet, Mariachester, CA 05837",11/4/1994,Consultant,Retail,Social Media,,35695.78,12/14/2024
CUST1894,Daniel Thomas,tinawillis@perry.org,7459653041,"71172 Joshua Cliffs Apt. 861, Thomasberg, SD 58977",1/28/1997,Manager,Retail,Social Media,,54451.03,3/24/2025
CUST5004,Alexis Ellis,wayne83@taylor.com,573-132-5459,"0256 Cindy Skyway, South Kayla, MO 66144",4/25/1975,Engineer,Healthcare,Unknown,SMS,127430.27,2/3/2025
CUST4156,Craig Ramirez,fosterhannah@taylor.org,+1-798-752-1441x52472,"074 Linda Radial, New Josephstad, GA 92482",4/27/2000,Director,Finance,Referral,SMS,39282.09,6/3/2024
CUST3601,,richardstrickland@yahoo.com,001-197-973-8222x0867,"Unit 3352 Box 8924, DPO AE 57267",8/27/1992,Manager,Education,Email Campaign,Email,108033.84,7/29/2024
CUST3155,Jason Lane,dalehenderson@sawyer.com,195-780-1769,"2777 Mary Loaf Suite 437, Breannastad, SD 93464",12/18/2000,Manager,Finance,Email Campaign,,92273.99,9/22/2024
CUST5934,Julie Brown,potterandrea@yahoo.com,693.870.5576,"41715 Hunt Curve, Taylorshire, DC 44943",8/22/1977,Manager,Finance,Email Campaign,Email,124506.58,7/13/2024
CUST1894,Richard Fischer,karendavis@brown-sutton.org,143.838.5740x659,"4357 Hanna Path, New Marc, ND 87756",4/13/1979,Engineer,Finance,Website,Phone,36992.98,7/14/2024
CUST6556,Bradley Castro,scott94@golden.com,(260)793-6103,"9119 Robert Squares, Burnsview, PA 60676",11/6/1964,Analyst,Technology,N/A,Email,95702.09,1/3/2025
CUST4810,Stephanie Wilson,anthony50@gmail.com,+1-514-148-6520x839,"86448 Alison Court Suite 468, New Dannyport, UT 44391",3/7/1967,Engineer,Finance,Website,Phone,137324.49,12/30/2024
CUST9853,Maria James,kelly23@hotmail.com,9945565985,"5760 Brian Well, New Amanda, MT 42038",2/18/1977,Manager,Finance,Unknown,SMS,35928.6,3/31/2025
CUST6793,Debbie Pearson,evansxavier@yahoo.com,+1-309-933-9405x96471,"USCGC Taylor, FPO AE 84496",8/31/2003,Engineer,Healthcare,Event,,126819.1,7/6/2024
CUST2829,Mike Zavala,julie48@hill.com,-9089,"1138 Sarah Run Apt. 242, Bryanfurt, MD 39166",11/22/1961,Consultant,Finance,Email Campaign,,42464.94,11/5/2024
CUST3169,Christopher Young,linda80@hall.com,001-007-713-4753x275,"17523 Francis Plains Suite 971, Russellstad, DE 42995",12/12/1974,Manager,Education,Social Media,,134845.09,6/25/2024
CUST9365,Patricia Stanton,barbaramartin@hunter.com,2387271244,"03258 Nelson Well, Walterbury, AK 52473",1/14/1955,Director,Manufacturing,Event,Phone,104146.19,8/24/2024
CUST4863,Kevin Hernandez MD,rsimmons@wood.com,548.320.2578,"2793 Kathryn Fields Suite 325, Port Austinport, AK 45432",12/17/1971,Consultant,Manufacturing,Email Campaign,Email,31403.8,3/30/2025
CUST9415,Joseph Hartman,thayes@buck.org,(123)622-5138,"0407 Williams Locks, West Matthew, NY 77699",11/9/1961,Manager,Retail,Referral,Phone,101998.07,12/9/2024
CUST5314,Chelsea Mcneil,rosewest@ramos-butler.org,001-521-286-9172x15298,"99893 Melissa Crest Apt. 735, Juliachester, MI 26819",11/14/1977,Engineer,Retail,Unknown,SMS,82358.98,11/23/2024
CUST9570,John Fox,noahwilson@yahoo.com,-4504,"2240 Camacho Row, Clarkville, TX 12619",6/18/1997,Analyst,Manufacturing,Event,SMS,70489.57,7/11/2024
CUST1161,Alicia Mcconnell,alex32@gmail.com,156.869.5601x30424,"0517 Michelle Extensions Apt. 988, West Tonya, VA 79224",4/26/1987,Engineer,Education,Event,Phone,23809.45,7/26/2024
CUST6972,Adriana Morgan,becky42@taylor-rivas.com,+1-354-511-1857x58382,"745 Wanda Turnpike Apt. 066, South Alyssaside, NM 97721",2/14/1979,Engineer,Retail,Event,SMS,119689.48,12/14/2024
CUST7754,Richard Snow,charles24@gmail.com,(257)364-9689,"25669 Wendy Spring, West Taramouth, ND 48163",3/6/1964,Manager,Finance,Referral,Phone,54648.51,3/24/2025
CUST2728,Aimee Garcia,atkinsgeorge@yahoo.com,7321669717,"PSC 9915, Box 0134, APO AE 62741",12/2/1957,Engineer,Healthcare,Event,,66124.6,2/13/2025
CUST7615,Andrew Lopez,nicholas00@hotmail.com,001-557-570-1172x3882,"614 Berry Pike, West Julie, CO 82195",11/26/1980,Manager,Healthcare,Event,SMS,124807.33,2/20/2025
CUST3728,Keith Miles,haastammy@gmail.com,-1446,"574 Gay Parkways, Coxview, SC 78786",6/3/1968,Analyst,Manufacturing,Website,SMS,143182.64,3/5/2025
CUST7239,Daniel Ruiz,conwayjade@finley.net,265-362-9992x652,"736 Donna Fall, Warrenville, ND 86623",4/20/2005,Manager,Manufacturing,Referral,,90476.2,1/2/2025
CUST1541,Marvin Rodriguez,ccox@king-daniels.com,340-421-5624,"5062 Thomas Junction, West Taylorport, WY 32266",3/12/1983,Consultant,Finance,Website,Email,50241.04,3/3/2025
CUST2263,Allison Stokes,dawsonglenn@hotmail.com,(554)144-8778,"19184 Bautista Forge, East Samuelborough, GA 91894",2/18/1970,Engineer,Manufacturing,Email Campaign,Email,63125.42,6/1/2024
CUST1098,Steven Escobar,julie95@stuart.com,-4955,"0389 Wise Rest Apt. 413, Jimenezland, OH 03426",5/25/1970,Manager,Healthcare,Social Media,Phone,139441.5,7/14/2024
CUST9268,Shelley Aguilar,tranmichael@richards-warren.info,119.271.1139,"7896 Cherry Canyon, East Lauren, MD 35380",4/29/1989,Engineer,Finance,Referral,Phone,120667.64,2/25/2025
CUST6115,Sydney Mitchell,derrick27@gmail.com,(149)589-7524x58079,"5395 Clark Spurs, Lake Jonathantown, MD 81262",11/28/1991,Analyst,Finance,Social Media,,96182.17,4/11/2025
CUST3814,Nicole Arroyo,xdunn@hotmail.com,212.867.3505,"33494 Curtis Cape Suite 790, New Devinburgh, CO 23751",10/15/1963,Analyst,Education,Referral,Phone,115205.76,1/6/2025
CUST1978,Lee Bryan,drogers@roberts.info,(371)609-6304x2506,"9506 King Ford Suite 930, Taylorburgh, WV 73071",3/8/1975,Technician,Retail,N/A,SMS,42646.35,7/26/2024
CUST6562,Emily Rivas,zmartinez@gmail.com,(663)031-8105,"66312 Lewis Cape Apt. 239, Leechester, MI 09124",6/11/1957,Technician,Manufacturing,Unknown,SMS,49020.84,4/21/2025
CUST9919,Susan Washington,fordrachel@gmail.com,19306997,"066 Sawyer Plains, East Timothyview, NH 61295",4/23/1994,Manager,Retail,Social Media,SMS,36555.29,4/14/2025
CUST8419,Rhonda Thompson,zpotter@barnett.com,+1-128-869-4321x399,"6598 Sonia Coves Suite 097, Jenniferberg, NJ 31008",11/20/1972,Engineer,Technology,Event,,130598.41,12/3/2024
CUST3444,Oscar Adams,briley@hotmail.com,-2353,"03588 Stephen Flat Suite 792, Devinhaven, CT 54176",2026-15-45,Engineer,Healthcare,Event,SMS,139734.97,12/7/2024
CUST6799,Tamara Bradley,wmurphy@robinson.info,7133461114,"191 Benjamin Walks, Lake Jennifer, OR 56805",5/2/1967,Manager,Technology,Event,Email,141769.41,1/15/2025
CUST5846,Brittany Castillo,cirwin@gmail.com,+1-481-812-0578x541,"363 Jonathan Crest, Port Eric, VA 54844",3/23/1970,Analyst,Technology,Website,Phone,65085.32,6/16/2024
CUST5111,Adam Hill,jasonfox@gmail.com,732-731-8883x08585,"6205 Kelly Circle Suite 238, Andersontown, AK 53499",1/10/1959,Manager,Technology,Website,SMS,78061.89,11/5/2024
CUST5436,Donna Galvan MD,andreamorgan@lopez.info,335.695.6324,"90520 Hayden Street, Donnahaven, ND 08412",4/3/1965,Manager,Healthcare,N/A,Email,65562.55,5/9/2024
CUST2411,Christopher Wilson,maryzimmerman@ramsey-wallace.com,488.253.0283,"956 Charles Squares, East Chelseamouth, UT 99462",11/11/1976,Technician,Finance,Website,,76968.62,3/18/2025
CUST3545,Jacob Chavez,qjordan@bauer.com,617-739-3501x63438,"3853 Kristina Club, Jamiefort, IA 07329",10/23/1983,Manager,Retail,Email Campaign,,65660.05,5/2/2024
CUST2642,Carla Evans,franklineduardo@yahoo.com,651.552.7017x38823,"32487 Nicholas Island, Feliciamouth, NE 48651",3/22/1963,Engineer,Retail,Unknown,Phone,41145.35,12/25/2024
CUST1569,Cassandra Walton,brianreed@adams.biz,001-475-329-7316x910,"6771 Vaughn Corner Apt. 633, Johnsontown, MA 51604",6/5/1984,Engineer,Education,Website,SMS,53946.6,8/18/2024
CUST7159,Marcus Nelson,zflores@robinson.com,001-215-695-6330x50547,"321 James Station, Troyberg, NJ 51253",5/16/1963,Engineer,Education,Referral,,40917.58,5/24/2024
CUST8718,Autumn Stewart,ppalmer@allen.com,398.329.0859x3574,"994 Charles Village, Monicastad, NV 34990",10/18/1977,Director,Finance,Social Media,,111585.6,6/30/2024
CUST4173,Emily Gray,scottkatie@woods.info,342.139.6771x0539,"6148 Shannon Throughway Apt. 829, West Geoffrey, VT 69522",12/12/1985,Technician,Healthcare,Event,,40423.49,2/10/2025
CUST2734,Carla Johnson,greenedylan@hotmail.com,+1-217-480-8149x26792,"17790 Neal Neck, Calhounmouth, WY 97001",5/4/1954,Analyst,Healthcare,Referral,,110635.57,5/17/2024
CUST3470,Henry Hendrix,david59@davis.com,001-923-350-4016x722,"3021 Owen Terrace Suite 880, Michellechester, MI 73355",11/14/1981,Technician,Manufacturing,Social Media,SMS,58662.08,7/9/2024
CUST4681,Perry Dixon,logan41@walker-huang.com,304-200-4809x0393,"9464 Robinson Views Apt. 201, Port Kim, KS 83444",8/8/1954,Engineer,Retail,Event,,39966.69,12/31/2024
CUST7308,Cynthia Williams,friedmanbrian@aguilar.com,(594)266-9395x303,"253 Kara Run, Weaverville, PA 95230",11/25/1966,Engineer,Retail,Website,SMS,127106.65,7/16/2024
CUST6783,Donald Campbell,larry13@juarez.com,(465)093-0238,"6212 Burnett Mount Suite 146, West Brookemouth, CO 39675",4/14/1975,Director,Retail,Referral,Email,23345.64,8/4/2024
CUST2811,Brittany Hall,heatherkoch@floyd.net,783-940-6927,"33863 Julie Ville, Lake Kristenview, NH 34428",4/3/1988,Technician,Education,Website,,129689.98,9/24/2024
CUST9394,Amy Frost,sharptammy@foley-stout.com,345-102-1609,"87718 Robbins Highway Suite 026, North Brian, PA 21722",8/23/1986,Consultant,Retail,Email Campaign,SMS,31847.79,8/9/2024
CUST8977,Brandon Reid,susan41@yahoo.com,448.524.9864x81999,"60870 Barnes Gateway, Victoriamouth, DC 60232",2/22/1982,Consultant,Healthcare,Social Media,,68022.22,10/2/2024
CUST8430,Evelyn Robinson,keith20@sanchez.com,271.852.4757,"453 Perez Vista Suite 182, Jeffreyshire, AK 45953",6/17/2000,Engineer,Education,Email Campaign,,54242.11,12/5/2024
CUST3641,Edward Robinson,deleonmark@gmail.com,(293)951-6288,"85925 Leslie Drive, Lake Wendytown, KS 02426",9/13/1957,Director,Finance,Referral,Email,31141.95,11/18/2024
CUST1102,Sophia Marshall,brent81@yahoo.com,7664116668,"50172 Petty Flat, Jessicaburgh, TN 39371",5/29/1974,Director,Retail,Unknown,Phone,91968.25,6/1/2024
CUST5874,Norman Kramer,jonestiffany@thompson.net,(588)416-0372x92396,"6519 Velez Glen Apt. 841, East Paige, MD 82885",5/18/1987,Director,Retail,Event,,94452.86,3/25/2025
CUST7375,Mark Flynn,beth78@gmail.com,5884930732,"1753 Daniel Rue Suite 964, Port Philipview, WA 21446",1/28/1970,Consultant,Education,Website,,137361.04,9/11/2024
CUST2365,Albert Hoover,mitchellhansen@esparza.org,(606)024-0482x39617,"522 Melissa Trace, Lake Lisatown, IN 51700",6/30/1985,Engineer,Manufacturing,Event,Phone,35636.64,8/22/2024
CUST6893,Angela Lowe,barry53@hotmail.com,683.926.5821,"12147 David Ports, Lisabury, MT 84477",10/21/1961,Manager,Healthcare,Referral,Phone,36404.18,2/26/2025
CUST7515,Austin Price,alexandersloan@gmail.com,96756839,Unknown,11/12/1999,Engineer,Technology,Email Campaign,Phone,149645,6/27/2024
CUST2851,Christopher Perry,romerobecky@yahoo.com,611.815.3148,"424 White Cliffs, Kimberlyborough, RI 90295",12/26/1961,Manager,Manufacturing,Social Media,SMS,138404.58,5/8/2024
CUST5306,Richard Weeks,albert09@martin.net,678.949.2908x49307,"947 Kevin Key, Johnsonfort, AZ 50432",10/16/1978,Engineer,Retail,Event,,91767.04,12/8/2024
CUST9501,Michael Short,jgomez@herrera.com,210-755-8632x465,"68725 Michael Meadow, Gouldborough, NC 22527",12/28/1993,Director,Retail,Unknown,Email,122251.58,7/14/2024
CUST3723,Bryan Carey,williamsstephanie@anderson.com,114.186.9012,"359 Steven Valleys, Kimville, TX 35807",4/7/2007,Director,Manufacturing,Unknown,,34627.45,3/21/2025
CUST1648,Steven Williams,michaelhardy@zuniga.com,160-162-3158x114,"572 James Field Suite 654, Jacksonview, SC 58873",8/5/1999,Manager,Manufacturing,Event,Email,140240.66,10/8/2024
CUST4422,Melissa Flores,devincraig@yahoo.com,320-047-2236x783,"03560 Campbell Summit Suite 718, West Jenniferland, FL 25096",4/21/1979,Engineer,Education,Unknown,SMS,134126.16,6/4/2024
CUST4108,Michael Horn,tara79@yahoo.com,642.179.1490,"879 Greene Inlet Suite 533, Smithchester, NV 38871",2/17/1978,Consultant,Technology,Email Campaign,,24870.54,7/4/2024
CUST7940,Catherine Griffith,johnsongregory@ferguson-powers.com,745.880.4248,"4467 Morris Forks, Josephbury, MS 82580",10/15/1996,Consultant,Healthcare,Event,,25041.73,2/27/2025
CUST8394,Earl Patterson,jwatts@hotmail.com,001-629-944-4427,"837 Henry Groves Apt. 787, New Jason, AR 54011",5/6/1954,Technician,Healthcare,Website,,139708.55,5/21/2024
CUST9733,Stephen Chambers,ericaaguilar@le.com,+1-161-231-8326x20548,"7286 Berger Avenue Apt. 694, Fieldsbury, ID 06409",7/5/1966,Engineer,Education,Unknown,SMS,60423.41,5/30/2024
CUST8927,Susan Bailey,klynch@yahoo.com,376624076,"0928 Joseph Oval Suite 948, North Gracechester, NH 35923",1/13/1996,Technician,Technology,Website,Phone,37470.12,12/1/2024
CUST5163,,alvaradomary@clarke.net,692.641.0548x360,"960 Austin Garden, Kathymouth, SC 01060",4/2/1983,Consultant,Education,Social Media,,98647.29,10/29/2024
CUST4789,Edward Taylor,edward15@hotmail.com,125-068-9864x570,"261 Derek Ramp Suite 499, Port Ronaldshire, ME 55479",8/4/1977,Manager,Retail,Referral,,116322.82,3/14/2025
CUST4919,Lucas Hess,qtaylor@hotmail.com,(648)738-4164x794,"530 Hamilton Rue, South Jamesborough, WY 34374",4/13/1958,Analyst,Finance,Event,Phone,28530.21,5/25/2024
CUST6926,Elizabeth Bates,vjenkins@hotmail.com,455-368-1404x9085,"4381 Martin Mills Suite 723, Port John, IL 37224",8/27/1975,Director,Retail,Referral,Email,42585.86,1/3/2025
CUST4407,Nicole Wells,ramosmichael@yahoo.com,(618)085-4798x40465,"15855 Alvarez Rapids, Wilsonton, NJ 89474",3/29/1979,Engineer,Healthcare,Website,,26572.71,10/28/2024
CUST6976,Thomas Allen,ashley29@goodwin.com,935.500.0907x828,"216 Emily Squares, Susanbury, AZ 30558",9/15/1957,Technician,Healthcare,Social Media,SMS,127055.82,7/22/2024
CUST4319,Chris Williams,woodcindy@alvarez-dudley.info,001-760-443-2399x760,"02051 Lloyd Spring Suite 830, Port Sarah, NM 52095",7/8/1971,Consultant,Technology,Website,Email,51451.95,9/5/2024
CUST5989,Timothy Sullivan,denisemarks@hotmail.com,(716)007-4278x2530,"96547 Bautista Estate, Port Alexisview, RI 32187",9/25/1969,Director,Retail,Referral,,96294.43,9/7/2024
CUST2065,Crystal Frye,monroekathryn@gmail.com,688.162.9788x32278,"170 Misty Flats, Jameshaven, SD 76129",5/26/1964,Analyst,Healthcare,Unknown,SMS,117364.95,5/13/2024
CUST3867,Michael Zamora,jonesjennifer@gmail.com,622-195-4442x1633,"88208 Avila Throughway, South Kelly, LA 05650",3/4/1995,Engineer,Education,Website,,26454.64,7/5/2024
CUST8274,Karen Lawrence,jamesmcdaniel@chaney.com,(944)235-2312x825,"9678 Jennifer Ports, East Dennis, MA 64650",6/25/1956,Manager,Healthcare,N/A,Phone,108100.38,1/28/2025
CUST9598,Thomas Fernandez,qbrown@gmail.com,374-102-5919x477,"90809 John Hill Suite 799, Lake Brenda, MO 62245",6/27/1978,Technician,Retail,Event,Email,132401.89,7/27/2024
CUST1699,Maureen Pena,jacksonsean@martinez.com,408-724-7925x33501,"8245 Shawn Passage Apt. 971, Danielleview, AR 03670",1/4/1973,Engineer,Retail,Referral,Phone,98148.45,2/13/2025
CUST9140,Charles Robinson,yarcher@graves-robbins.com,(866)459-3646x1592,"547 Bates Village Suite 194, South Michael, ID 64093",12/6/1972,Manager,Education,Event,SMS,112656.26,12/15/2024
CUST3799,Kimberly Burke,edwinthomas@foster.info,8716799611,"28542 Brandon Burgs, South Brooke, OR 27608",7/31/1969,Technician,Education,Email Campaign,,130706.2,5/22/2024
CUST4789,William Lopez,wcollins@coleman.net,(764)783-7267,"68815 Pamela Falls, West Brianfurt, DC 04162",5/26/2002,Analyst,Healthcare,Email Campaign,SMS,108035.5,10/4/2024
CUST8513,Troy Medina,smithjulie@gmail.com,7534072382,"4763 French Pass, Sabrinashire, IL 23419",2/19/2006,Consultant,Manufacturing,Website,Email,86496.78,5/18/2024
CUST3027,Melissa Lopez,shelby27@williams.com,+1-672-681-1058x62641,"8967 Garcia Groves, Gonzalezview, MO 40773",3/14/1959,Analyst,Manufacturing,N/A,SMS,58801.87,8/3/2024
CUST4105,Paul Brown,zcastro@hotmail.com,001-226-905-6055,"55758 Medina Mews, East Haley, AZ 49372",5/6/1982,Consultant,Finance,Social Media,SMS,103277.32,5/5/2024
CUST9038,Janet Holt,patriciaholt@yahoo.com,001-096-204-5600x57387,"497 Dan Ways, Snydertown, KY 92302",9/28/1986,Analyst,Technology,N/A,SMS,44486.81,11/20/2024
CUST5425,Alyssa Hall,hartmanrobert@garcia.info,(063)286-3988x97457,Unknown,9/4/1972,Manager,Finance,Unknown,,105868.94,5/5/2024
CUST9124,Mary Barnett,kimcolleen@hayes-wagner.com,711-480-5198,"717 Perez Mount Suite 788, New Amber, VA 97273",11/17/1974,Manager,Technology,Website,,149670.98,7/28/2024
CUST4151,Evelyn Nelson,brenda68@khan.com,441-532-7559x955,"992 Donald Stravenue Apt. 630, New Michelletown, MS 92095",2/24/1999,Consultant,Retail,Email Campaign,Email,95793.08,8/16/2024
CUST1149,Matthew Howell,marshalljustin@gmail.com,548.123.1044x99984,"083 Kaufman Spur, West Scottbury, SC 17467",5/25/1979,Manager,Education,N/A,Phone,109221.35,7/1/2024
CUST7644,Clayton Thompson,williamsstephanie@yahoo.com,555-764-2943x81364,"068 Brenda Via, Port Carlosville, AL 94976",7/8/2003,Consultant,Technology,Social Media,SMS,129904.5,9/22/2024
CUST6180,Gabriella Hunter,alexandriaponce@burgess-murray.com,7842435012,"492 Webster Stravenue, Bakerland, NH 55793",8/23/1974,Director,Healthcare,Social Media,Email,81201.51,7/4/2024
CUST1180,Andrew Knox,iwolfe@miller.com,+1-980-066-9575x852,"25216 Mata Trail Suite 051, Smithton, IN 85064",11/26/1976,Analyst,Technology,Unknown,Phone,143100.04,8/27/2024
CUST9433,Nancy Williams,davissarah@lewis.org,066.632.8461,"USNS Nguyen, FPO AE 36787",10/26/1992,Technician,Finance,Referral,SMS,49032.63,8/23/2024
CUST5915,Denise Cooper,josephpatricia@vasquez-nelson.net,(390)407-5347x79974,"PSC 0945, Box 8775, APO AP 53028",5/13/1985,Consultant,Education,Social Media,SMS,96124.19,5/7/2024
CUST8662,Jennifer Kramer,twalsh@hotmail.com,(771)410-5736x7035,"6425 Jessica Wells, South Dustin, HI 33943",7/28/1958,Engineer,Retail,Website,Email,81388.56,7/4/2024
CUST1376,Christy Vargas DDS,yateskatherine@wilson-brown.org,013-801-6696,"0432 Lin Estate, Port Kristen, NC 93663",5/23/1984,Director,Finance,Unknown,,88879.01,12/30/2024
CUST6522,Thomas Walker,shannon83@stone-bryan.com,001-683-203-8794x4150,"95145 Barnes Route Apt. 944, Port Kimberlychester, NH 50028",6/1/2004,Engineer,Healthcare,Referral,Phone,64547.09,10/31/2024
CUST5318,Jodi Cowan,sean40@hotmail.com,557.375.4157x813,"3925 Shaw Street Suite 424, Samanthashire, VA 12431",3/29/2003,Consultant,Healthcare,Social Media,Phone,121262.35,9/28/2024
CUST2741,Michael Estrada,brianponce@yahoo.com,(953)804-0379,"73503 Howard Point, Andrewborough, CO 87174",2/16/2005,Analyst,Technology,Referral,SMS,102484.87,4/29/2024
CUST8700,Sandra Morrison,zsmith@gmail.com,461-452-4219,"1764 Wright Courts, North Kevin, UT 83077",11/7/1961,Consultant,Education,Referral,Phone,94916.26,5/11/2024
CUST5949,Lee Oconnor,jacksontanya@gmail.com,047-964-2990x3045,"3332 Henry Spur, New Thomasborough, CT 19713",4/10/2007,Consultant,Finance,Referral,,102353.38,12/3/2024
CUST1838,Andrea Baker MD,tbennett@williams-ellis.com,001-001-864-6506x448,"8703 Kenneth Place Apt. 893, Richardsonborough, MA 40663",2/18/1983,Consultant,Retail,Email Campaign,Email,24904.29,3/3/2025
CUST7813,James Swanson,tabitha50@yahoo.com,299-085-2992x4318,"901 Nunez Vista Suite 490, Ericland, AZ 04591",1/12/1992,Technician,Education,Website,SMS,118390.21,11/29/2024
CUST8050,James Taylor,terrycooper@hotmail.com,+1-474-478-4734x6093,"63587 Rios Lane, Timothyshire, MO 27485",11/16/1955,Manager,Finance,N/A,Email,101469.3,7/7/2024
CUST4210,Brian Daugherty,douglascarol@gmail.com,+1-230-047-5182x240,"0871 Harris Trail Suite 088, Ashleystad, HI 26287",3/19/1973,Manager,Technology,Social Media,SMS,36761,6/29/2024
CUST6223,Zachary Anderson,chadarmstrong@kelly-clark.biz,(352)875-1478x8808,"563 James Junctions Suite 237, Port Kevin, AR 77836",9/14/1987,Director,Manufacturing,Social Media,Phone,28487.31,7/6/2024
CUST8661,Samantha Underwood,pamelacaldwell@hotmail.com,001-766-215-8507x07404,"7731 Barber Ford, North Brettside, OK 21570",12/17/1982,Analyst,Education,Email Campaign,SMS,76376.48,4/4/2025
CUST9658,Laura Stephenson,dbarron@hotmail.com,(872)771-6334x8782,"772 Anthony Village Apt. 707, Cookefurt, AL 66065",10/29/1961,Manager,Education,Email Campaign,SMS,117515.03,6/12/2024
CUST6938,James Williams,vschultz@boone-jones.org,(347)451-2220,"1252 Davis Bypass, South Rachael, OH 37533",12/12/1998,Consultant,Finance,Referral,Phone,114531.95,9/7/2024
CUST8843,Heather Snow,hortonjeffrey@hotmail.com,(647)465-5717,"962 Wesley Bypass Apt. 821, East Brandymouth, DE 28856",8/20/1987,Manager,Technology,Website,Phone,36011.06,2/3/2025
CUST8882,Thomas Powers,jimeneztiffany@gmail.com,429.748.5915,"4999 King Hill Apt. 852, Munozmouth, CT 46631",12/27/2000,Technician,Finance,Email Campaign,SMS,120262.46,2/22/2025
CUST6049,Nicole Davidson,trevor08@mckee-orr.info,(000)565-0299x083,"12702 Blevins Run Apt. 854, New Michaelport, OH 90343",8/8/2004,Engineer,Manufacturing,Website,Email,104963.79,4/9/2025
CUST1860,Riley Robinson,matthew63@yahoo.com,3128758132,"09733 Paul Summit, Kevinhaven, ND 48934",12/24/1996,Engineer,Technology,Website,,77760.86,12/17/2024
CUST5842,Amanda Lee,lecharles@yahoo.com,001-549-036-0539x9027,"33036 Joseph Rest, North Mark, DE 42201",6/17/1973,Director,Education,Email Campaign,Phone,46714.34,9/10/2024
CUST6425,Marcus Faulkner,charlescastro@gmail.com,2142749309,"5178 Ramos Parkways Apt. 576, Brittneyfort, DC 44302",9/14/1993,Technician,Finance,Social Media,,106016.39,3/28/2025
CUST6463,Emily Morrow,kevin12@malone-morton.biz,6755904536,"08176 Walker Inlet, East Lindseystad, OH 11447",5/23/1985,Director,Education,Event,Phone,74447.35,3/13/2025
CUST8935,Kristen Gonzalez,yacevedo@gmail.com,(241)829-7227x497,"5696 Paul Point, Lake Eric, WV 06633",6/16/1959,Director,Technology,Event,Email,56751.88,6/13/2024
CUST7252,Douglas Joseph,jeremiahsanders@howard.com,001-865-971-0176x86461,"Unit 3334 Box 4862, DPO AE 69228",3/30/1969,Consultant,Healthcare,Event,Phone,121134.66,4/16/2025
CUST8920,Anthony Hansen,sosaariel@gmail.com,348-423-0930x3773,"80536 Robert Route Suite 399, South Tammy, TN 10794",3/25/1993,Manager,Education,N/A,,58395.66,3/25/2025
CUST5016,Susan Gallegos,deanna54@yahoo.com,002.500.1746,"02606 Monica Avenue, Adrianside, FL 84297",6/27/1983,Director,Retail,Referral,,62978.47,1/30/2025
CUST2340,William Lawson,clarkemargaret@beard.net,(778)160-1282,"USCGC Gonzalez, FPO AP 11956",1/10/1960,Engineer,Technology,Website,Email,128580.18,4/25/2025
CUST5664,Eric Ruiz MD,karismith@macias-butler.com,790.727.6013x229,"2648 Felicia Crest, North Nathaniel, AK 36017",2/24/1958,Consultant,Healthcare,Website,Email,114063.27,6/30/2024
CUST5630,Lisa Huang,kelleychristopher@york.net,(353)670-6961x2459,"623 Barry Inlet, West Lindseyville, MO 46713",4/1/1957,Analyst,Technology,Referral,,148526.57,6/2/2024
CUST1723,Paul Fuentes,franciscoshaw@long-miller.biz,(035)524-1950x473,"0047 Tracy Radial, South Jasmine, OH 57594",4/1/2000,Analyst,Retail,Website,Email,125713.19,8/8/2024
CUST4138,Jacob Rivers,kimberlyholden@yahoo.com,454-151-3070x1234,"16291 Young Mountains Apt. 262, New Nathanchester, OK 93273",5/25/1970,Analyst,Education,Unknown,SMS,75379.38,11/15/2024
CUST4359,Caleb Thompson III,brendastanton@hotmail.com,001-973-605-3783x9119,"563 Nicole Passage Apt. 055, Port Dennisfurt, ID 36816",7/21/1996,Engineer,Finance,Website,Phone,106236.15,11/15/2024
CUST5113,Beverly Davidson,krios@gmail.com,001-616-845-3732x698,"USNV Walsh, FPO AA 17055",8/13/1979,Analyst,Education,Email Campaign,SMS,134201.82,5/24/2024
CUST2482,Travis Johnson,mdiaz@hotmail.com,567.001.9659x5373,"320 Santiago Stream Apt. 332, Leeton, ME 39337",5/29/1963,Analyst,Education,Referral,Email,72101.08,10/17/2024
CUST5372,Lauren Oconnor,tammy93@elliott.org,(738)174-0129x970,"PSC 4931, Box 7833, APO AA 37276",12/1/1977,Analyst,Retail,N/A,,123986.88,6/9/2024
CUST8454,Michael Day,emills@higgins.info,473.141.3312x52552,"34524 Lori Wells Suite 571, Jonesview, RI 72848",1/29/1968,Manager,Finance,Referral,Email,147603.99,11/3/2024
CUST2544,Shawn Black,jennifermorris@gmail.com,(517)214-2131x7084,"PSC 2044, Box 6222, APO AP 64048",6/22/1957,Engineer,Retail,Event,,124294.42,1/3/2025
CUST2731,Dr. Ryan Sharp,barbarawillis@malone.com,001-504-070-4419x02336,"0362 Joshua Field, East Michael, CO 28248",5/16/1957,Consultant,Healthcare,Event,,121291.36,6/27/2024
CUST6354,Jennifer Johnson,megan86@owens-hernandez.com,533.701.8348,"470 Kenneth Meadows, Holmestown, RI 85686",7/26/1979,Engineer,Technology,Unknown,Phone,82800.36,9/6/2024
CUST6047,Tami Smith,pholland@harper-sanchez.com,637.406.7798x707,"9515 Steven Plain Suite 319, East Edwardfurt, WY 03743",8/6/1975,Engineer,Retail,Email Campaign,Email,28233.69,4/5/2025
CUST6840,Brandon Payne,hoodsara@mccormick.com,001-060-902-3788x903,"95836 Miller Lock Suite 030, Foxmouth, AL 28913",2/4/1999,Analyst,Finance,N/A,Phone,147126.42,6/18/2024
CUST3823,Michael Mitchell,fdickson@smith.biz,001-722-098-2900x13009,"864 Steven Village Suite 970, Port Timothyhaven, MO 52654",6/21/2000,Analyst,Manufacturing,Event,Email,76270.23,4/26/2024
CUST5448,John Davis,katherine36@yahoo.com,841.247.5576x6038,"25670 Miranda Ferry, Brownfort, WY 16544",8/8/1982,Manager,Retail,Social Media,,39325.08,12/9/2024
CUST1295,Jason Wong,matthewhumphrey@hotmail.com,115-507-9720x198,"834 John Extension Apt. 457, West Kevinfort, IL 21748",4/1/1970,Director,Finance,Website,Phone,85723.78,8/20/2024
CUST6083,Jennifer Stewart,brennanamy@gmail.com,990-417-1442x720,"USNV Berry, FPO AP 79932",9/22/1977,Consultant,Healthcare,Website,,61682.4,9/8/2024
CUST1391,Michelle Jimenez,parkerjessica@gmail.com,(605)162-2396,"21882 Darlene Bridge Suite 383, East William, NC 79550",6/11/2003,Analyst,Finance,Event,Phone,91564.42,5/1/2024
CUST6945,Joseph Hampton,josethompson@lewis-davidson.info,4803433610,"11254 Sara Meadows Apt. 376, Kristiehaven, MO 14367",9/4/1971,Consultant,Healthcare,Website,,77744.55,9/21/2024
CUST5051,Charles Jones,kathleen49@hotmail.com,-9707,"34966 Craig Mill, Delgadomouth, ND 63929",5/23/1976,Consultant,Finance,Unknown,,78118.86,3/13/2025
CUST9008,Betty Hernandez,tylerharrison@gonzalez-grimes.com,-9580,"43171 Carlson Port Apt. 856, East Christinaberg, WI 03863",12/14/1986,Consultant,Technology,N/A,Email,33343.63,7/18/2024
CUST1418,Brittany Jackson,matthewjohnson@gmail.com,+1-526-589-7090x68845,"00936 Martin Inlet, East Christine, IA 93958",6/2/1976,Engineer,Manufacturing,Event,Email,127368.14,7/26/2024
CUST7001,Matthew Gonzales,youngantonio@yahoo.com,7442064167,"62177 Crawford Burgs Apt. 641, South Mary, GA 88606",8/19/1984,Director,Technology,Social Media,Phone,105097.48,1/20/2025
CUST5121,James Wilson,johnsonashley@yahoo.com,136-497-9599,"67257 Moreno Shores Apt. 026, Stevenschester, CO 56722",12/17/2005,Analyst,Education,Unknown,Email,126156.53,7/27/2024
CUST1701,Lisa Walter,salasmelissa@jones.com,(468)741-2333,"196 Tammy Creek Apt. 262, Margaretbury, NH 78691",10/20/1982,Analyst,Manufacturing,Unknown,,113165.55,7/11/2024
CUST3289,Richard Golden,joshua03@yahoo.com,001-501-556-4880x422,"54234 Chen Walks Suite 702, Jessicaport, NH 93184",6/28/1981,Technician,Retail,Website,Email,118711.59,1/5/2025
CUST9086,Theresa Thompson,dawnmclean@smith.net,361-900-3107x57284,"4499 Romero Spurs, Port Danielstad, CO 22995",12/24/1991,Engineer,Education,Social Media,SMS,91199.78,4/10/2025
CUST4288,John Martin,ldavis@gilbert-kennedy.com,778-238-5095x149,"49207 Smith Green, Littleberg, ME 09745",1/11/1989,Technician,Finance,Website,Phone,84014.88,11/26/2024
CUST4361,Mr. Shane Braun,danny05@gmail.com,077.788.4715,"079 Tiffany Crossroad Suite 938, Carterport, NJ 39297",8/20/1985,Technician,Technology,Email Campaign,Email,53057.61,2/12/2025
CUST9286,Joe Rodriguez,thomasschneider@bennett.com,232.408.5599x493,"Unit 3131 Box 4768, DPO AP 55237",5/20/1970,Manager,Finance,Unknown,,48026.64,7/7/2024
CUST1417,Linda Johnson,christy62@shaffer.com,(734)894-8027,"0862 Pearson Brook Apt. 477, Paulfort, CT 24529",3/5/2000,Technician,Education,Website,,26045.05,2/12/2025
CUST7414,Miss Melinda Clarke,jennifer41@escobar.com,001-924-540-7115x59482,"242 Small Vista Suite 375, Lake Kristinbury, OR 71119",3/20/1997,Technician,Manufacturing,Website,,79460.42,11/13/2024
CUST7689,Thomas Moore,keithhughes@gmail.com,001-799-086-2624x01333,"045 Campbell Causeway, West Debra, WY 12146",3/5/1976,Director,Healthcare,Email Campaign,Email,88947.37,10/21/2024
CUST2078,Briana Cruz,brownerik@mendez.com,+1-411-001-7770x9019,"056 Waller Way Suite 731, Feliciafort, NM 66956",10/8/1962,Director,Retail,Unknown,,140168.21,3/17/2025
CUST7188,Michael Johnson,james79@reyes.com,001-045-705-5322,"284 James Drive Suite 271, East Johnberg, ME 63487",7/22/1966,Technician,Manufacturing,Referral,Phone,33462.01,11/16/2024
CUST9031,Dean Wright,danielskaren@hotmail.com,(539)531-2527x403,"281 Michael Springs, Jacobhaven, MD 54151",5/31/1992,Director,Manufacturing,Social Media,,-9141,5/25/2024
CUST4477,Jesse Martin,anthonycraig@hotmail.com,531-803-8656,"7728 Jeff Gateway Apt. 445, New Melissachester, MI 55550",2/23/1960,Technician,Healthcare,Social Media,,145267.16,2/27/2025
CUST9101,Christine Carey,khiggins@jones.com,001-521-265-3944x709,"USCGC Anderson, FPO AA 67402",6/7/2003,Consultant,Healthcare,Referral,,98328.18,12/6/2024
CUST9806,Rodney Torres DDS,tammymaldonado@hess.biz,113-558-3310x1403,"5441 Isabella Cliffs Suite 206, Emilymouth, KS 25430",8/5/1967,Director,Education,Unknown,SMS,112543.67,8/8/2024
CUST7055,Brianna Roman,xarnold@yahoo.com,001-271-315-7547,"5225 Taylor Views Suite 341, East Malloryville, RI 34335",7/18/1972,Technician,Healthcare,Referral,Phone,101141.79,12/31/2050
CUST7738,Meghan Kirk,scotthale@yahoo.com,(827)271-5741,"908 Jeffrey Forge, Andrewbury, MI 26450",4/17/1962,Technician,Education,N/A,Phone,147573.61,6/6/2024
CUST8412,Anthony Monroe,crawfordrichard@yahoo.com,000-091-2850x8041,"2402 Jessica Village Suite 894, New John, OK 11742",6/14/1961,Manager,Manufacturing,Event,SMS,112345.85,4/24/2025
CUST3606,Henry Joseph,maria86@ramirez.info,980-145-0905x45618,"224 Wood Roads Apt. 710, West David, RI 44156",1/22/1963,Director,Retail,Event,,107651.65,5/24/2024
CUST6152,Jeffery Randall,wesley91@gmail.com,243.129.2865x894,"460 Charlene Well Apt. 407, New Emily, AZ 89116",4/9/1984,Analyst,Retail,Unknown,Email,87954.9,3/23/2025
CUST4538,David Long,kimberly35@hines-gibson.com,+1-450-121-6027x5961,"41625 Pearson Fall, New Craigville, WI 13208",12/4/1973,Consultant,Healthcare,Website,Email,45987.31,8/21/2024
CUST7089,Joshua Thompson,loganheather@hotmail.com,5383697352,"09684 Matthew Green Apt. 123, Wilsonville, NJ 06508",3/14/1997,Manager,Education,N/A,SMS,39035.69,4/25/2025
CUST7772,Alex Harper,jameskimberly@peterson.com,+1-040-989-0187x100,"84996 Morgan Streets, Port Alejandroport, AZ 18782",8/24/2002,Technician,Education,Referral,Email,66628.72,2/11/2025
CUST2913,Susan Morales,louisrojas@frazier.com,(005)678-0487x8989,"2963 Higgins Roads Apt. 676, South Elizabeth, SC 67416",1/29/1962,Engineer,Manufacturing,Unknown,Phone,116513.66,10/22/2024
CUST9706,Juan Patterson,fishermatthew@yahoo.com,+1-819-717-6980x4314,"44712 Bridget Valley, East Monica, NV 67302",10/7/1996,Consultant,Healthcare,Event,SMS,110081.69,10/24/2024
CUST1801,Andrew Miller,connie16@nelson.com,(387)503-9720x03689,"2676 Holly Islands, Kathleenstad, SD 53062",2026-15-45,Consultant,Retail,Email Campaign,SMS,145558.32,3/9/2025
CUST4422,Michael Marshall,lmitchell@yahoo.com,001-378-321-3893x879,"21291 Williams Village Suite 232, New Dorothyland, TN 79152",7/11/2002,Engineer,Technology,Social Media,Phone,100673.02,7/15/2024
CUST6027,Kayla Brown,mpark@barber-rivera.com,640.969.5492x4044,"USS Knight, FPO AE 04663",4/15/1988,Manager,Technology,N/A,SMS,118164,8/2/2024
CUST8572,John Mills,mhaas@smith.com,553-382-1367,"Unit 0855 Box 1106, DPO AP 79116",12/8/1961,Technician,Manufacturing,Referral,Phone,58243.1,7/5/2024
CUST7179,Matthew Hamilton,gwiley@yahoo.com,001-673-065-0559x0699,"64128 Patel Island Apt. 162, North Amyton, AZ 71410",3/6/1964,Technician,Finance,Referral,Phone,115560.33,8/23/2024
CUST3663,Matthew Mccarthy,millerbrianna@phillips.com,298-914-8503,"9192 Oconnell Garden, Williamshaven, AK 23920",12/19/1963,Consultant,Finance,Email Campaign,SMS,92357.82,6/12/2024
CUST8523,Robert Short,stephenwashington@gmail.com,001-751-914-4067,"1511 Amy Streets Suite 582, Rogerston, AK 31505",11/9/1993,Manager,Manufacturing,Unknown,SMS,20733.87,2/28/2025
CUST7736,Ian Thomas,jakehall@hotmail.com,9400256469,"15367 James Run, Eddiemouth, MI 43469",4/25/1967,Technician,Healthcare,Website,Phone,140721.67,8/31/2024
CUST3974,Nancy Huffman,tammy91@mitchell-brown.com,752-368-6357,"89088 Barry Brooks, Ralphview, MO 77888",1/19/1985,Engineer,Technology,Event,SMS,83771.62,1/4/2025
CUST2422,Danny Campbell,baldwinjessica@yahoo.com,(794)780-7382,"132 Chelsea Ridge, Kellychester, MN 12494",3/13/1980,Director,Education,Website,SMS,88301.36,1/28/2025
CUST7942,Mercedes Rodriguez,julielester@barron-brown.com,984-718-0272,"924 Mitchell Circle, North Curtishaven, NY 77227",5/30/1957,Director,Finance,Unknown,Phone,74071.06,5/6/2024
CUST8312,James Jones,parrishemily@rodriguez-white.com,(375)506-5804,"114 Shane Skyway Suite 571, West Karen, OR 74518",9/25/1964,Consultant,Finance,Social Media,Phone,134841.58,9/18/2024
CUST3142,Gabriel Lee,sarahkhan@diaz.info,+1-191-401-0833x47817,"2689 Simpson Fork Suite 053, Karenville, SC 23341",11/11/1976,Analyst,Education,Social Media,SMS,48397.89,11/6/2024
CUST7801,Christopher Terry,conwaytodd@yahoo.com,(012)459-0473x8302,"PSC 7373, Box 7538, APO AE 12423",10/27/1991,Director,Manufacturing,Email Campaign,Email,34913.85,6/2/2024
CUST2040,Kathleen Ross,michaeljuarez@watts.com,+1-078-325-6443x5745,"61716 Mills Mountains, Lake Sandychester, DC 27549",8/16/1968,Consultant,Healthcare,N/A,Phone,144656.59,1/17/2025
CUST2061,Bruce Eaton,ralphstevens@shaw.com,+1-224-156-0402x6434,"Unit 1136 Box 4948, DPO AP 27520",7/16/2003,Analyst,Retail,Unknown,Email,70163.87,7/15/2024
CUST4203,Christopher Carpenter,adamstara@yahoo.com,905.864.3752x178,"4121 Craig Turnpike Suite 010, East Territown, VA 47315",12/2/1988,Technician,Education,Website,SMS,86860.18,10/25/2024
CUST7168,Jim Jones,garciasteven@yahoo.com,001-090-381-7377,"962 Andrew Ford Apt. 511, Joshuatown, MA 49786",12/6/1994,Consultant,Retail,Website,SMS,136776.61,2/14/2025
CUST1058,Bruce Christensen,karen16@yahoo.com,358-562-1460,"67836 Cooley Square Suite 444, West Andrewview, MN 36111",2026-15-45,Analyst,Manufacturing,Website,Email,41761.33,6/15/2024
CUST6739,Robert Curtis,hurleydavid@thomas.info,589-967-5104x150,"0293 Spence Mall, Jenniferside, OH 76645",11/22/1984,Director,Finance,N/A,Email,-9963,10/29/2024
CUST1806,Benjamin Brown,richardhancock@hotmail.com,-2225,"Unit 5403 Box 5174, DPO AE 06362",11/12/1995,Manager,Technology,Email Campaign,Email,46725.34,7/14/2024
CUST9486,James Meadows,nicole18@hotmail.com,8497909543,"28242 Megan Glen Apt. 753, Harmonchester, VT 60767",8/3/1986,Technician,Retail,N/A,Email,117095.81,3/11/2025
CUST4705,Jamie Leon,jessica10@yahoo.com,336-280-9363x52564,"388 James Expressway, Clarkton, CA 88459",7/16/1954,Engineer,Retail,N/A,SMS,24925.22,4/1/2025
CUST3068,Nicole Parker,hawkinspatrick@yahoo.com,696-182-6555,"3530 Edward Court, Lake John, RI 55588",11/29/1968,Engineer,Healthcare,Unknown,SMS,92550.95,1/26/2025
CUST6539,Laura Sanchez,lisafletcher@sanchez.com,001-945-258-2629,"149 Wendy Junction Suite 094, Sheatown, CT 89095",12/8/1980,Manager,Education,Email Campaign,,78646.34,1/22/2025
CUST6817,Jennifer Nash,reyesjeffrey@yahoo.com,(322)143-8607x3162,"793 Jessica Streets Suite 288, North Patricia, ME 55885",11/9/1968,Consultant,Education,Website,,107528.84,8/13/2024
CUST5448,Catherine Wiggins,nicole28@hancock.biz,141-681-2352x1981,"USS Nelson, FPO AE 47513",1/15/2004,Engineer,Technology,N/A,Email,118274.88,7/24/2024
CUST8040,Alicia Fernandez,jeanrowe@guzman-howard.org,(274)256-4389x1100,"1069 Timothy Meadow Suite 246, West Eric, WA 98241",9/7/1989,Engineer,Technology,Unknown,Email,66501.02,12/20/2024
CUST6144,Justin Peters,joel71@brewer.info,917-738-1526x06987,"6244 Michelle Center Suite 124, North Christopher, LA 41013",5/2/2004,Engineer,Education,Unknown,SMS,98853.56,9/14/2024
CUST1541,Darrell Harris,alec27@harrison.org,001-713-579-3269x86211,"PSC 0640, Box 0481, APO AP 67956",12/1/1980,Consultant,Retail,Email Campaign,Email,81618.4,9/26/2024
CUST9177,Matthew Wilson,michaelcox@brooks.biz,605.280.3221x3849,"778 Andrews Ferry, East Dannyberg, LA 58727",9/23/1986,Manager,Healthcare,N/A,,123580.16,2/1/2025
CUST7754,Caleb Mcdonald,acevedocorey@downs-smith.com,809.088.3876,"83824 James Expressway Suite 281, Bryceside, NH 12621",7/16/1970,Analyst,Technology,Referral,SMS,108047.58,2/14/2025
CUST2642,Paul Campbell,zmoody@yahoo.com,803.650.8544x60096,"323 Payne Haven, Port Marissabury, WA 87585",7/31/1999,Technician,Education,Website,Phone,36020.57,4/2/2025
CUST9286,Robert Brown,cmoss@hotmail.com,(676)726-7877x03450,"5132 Gibson Corner, Christinaton, AR 34096",4/14/1976,Director,Manufacturing,Email Campaign,Email,59609.85,11/26/2024
CUST3728,Theresa Meadows,brodriguez@yahoo.com,(019)950-6346,"452 Bowman Cliffs, East Charles, VA 02039",11/21/1960,Technician,Technology,Social Media,Phone,73645.08,2/6/2025
CUST5934,Linda Shaw,robert20@dougherty-myers.org,740.122.4019,"03308 Bruce Land, Lake Ericborough, AZ 99550",12/24/1985,Director,Healthcare,Referral,Phone,48702.44,5/30/2024
CUST9268,Joel Ross,brianshaw@cook.com,(882)750-1042x123,"2267 Tina Centers Suite 235, North Calebchester, SC 67928",8/28/1991,Manager,Finance,Referral,Email,130680.4,5/9/2024
CUST1699,Briana Serrano,qwright@hotmail.com,702.796.7192,"687 Hayden Garden, Nathanielhaven, AR 99582",12/24/1997,Consultant,Technology,Event,Email,57784.85,3/4/2025
CUST9853,Cheryl Moore,georgekristina@yahoo.com,+1-928-209-8244x5143,"92415 Wilson Ports Apt. 433, Cochranside, OR 40662",1/10/1989,Analyst,Finance,Referral,,143700.19,12/14/2024
CUST8274,Daniel Kline,daniel94@gmail.com,+1-724-125-2058x66367,"3915 Phillips Centers, Melissachester, HI 16953",5/29/2006,Manager,Technology,N/A,Phone,33005.86,2/18/2025
CUST3814,Angela Bowman,jennifer13@willis.com,642.253.8993,"174 Daryl Isle, East Michael, NH 26669",12/18/1957,Engineer,Healthcare,Social Media,,78583.98,6/14/2024
CUST4288,Alice Hernandez,jerry95@gmail.com,001-155-451-0321x366,"64735 Gonzalez Forest Suite 781, Lake Alexandriashire, NJ 98545",8/11/1989,Technician,Education,N/A,Phone,93521.76,5/10/2024
CUST5508,Katherine Harris,dixonmarvin@patel.com,258-129-0081x77591,"040 Hickman Junctions Suite 676, Deborahstad, ND 31003",1/30/2006,Analyst,Retail,Referral,Email,60717.92,3/15/2025
CUST7083,Pamela Chandler,hopkinsaaron@williams.com,923.250.1066,"PSC 0926, Box 8111, APO AP 81736",5/9/1980,Technician,Technology,N/A,,55968.38,6/17/2024
CUST2617,Walter Martin,james43@thompson.com,-4415,"85036 Moore Wells, Tylerburgh, OR 30762",8/21/1977,Manager,Technology,N/A,SMS,134125.16,12/22/2024
CUST1325,Joshua Rodriguez,higginsjohn@gibson.com,001-093-903-7705x7507,"3902 Gregory Rapid Suite 914, West Karenstad, ND 07492",9/2/1984,Consultant,Education,Unknown,SMS,83306.28,10/14/2024
CUST7427,Thomas Lewis,jeffreywebster@hotmail.com,589.724.6170,"29935 Porter Mews Apt. 254, Port Anthony, SD 79181",5/25/1981,Manager,Technology,Event,Email,129433.09,11/5/2024
CUST8280,Paul Jenkins,invalid_email@,(904)126-8183,"645 Bishop Ramp Apt. 450, East Victor, CO 57936",2/28/2000,Director,Healthcare,Social Media,Email,114565.3,6/5/2024
CUST8186,Steven Reese,brownjohn@yahoo.com,001-729-113-9250,"154 Amanda Haven Suite 053, Lisashire, WV 89072",2/25/1995,Director,Technology,Website,,119996.03,4/18/2025
CUST5079,Michelle Valenzuela,michelle41@berry-smith.com,(156)499-3709x474,"1525 Elizabeth Burg, New Matthew, MI 89860",12/23/1971,Engineer,Manufacturing,Social Media,,105008.06,3/19/2025
CUST8845,Katherine Morgan,xhebert@hotmail.com,+1-935-458-1001x193,"2437 Davis Village Suite 129, New Christinabury, RI 05197",3/30/1985,Analyst,Retail,Referral,SMS,37404.56,4/5/2025
CUST2710,Lauren Bryant,ofranklin@henderson-arnold.com,241.906.1796x57244,"0878 Vargas Road, Floresville, OH 10562",7/17/1972,Director,Finance,Email Campaign,SMS,85281.75,1/5/2025
CUST8087,Caroline Moore,mosleystacy@hutchinson-archer.com,(070)928-1262,"48967 Alan Mount Suite 102, East Susan, TX 35046",10/10/1978,Manager,Manufacturing,N/A,Phone,118436.79,8/26/2024
CUST9006,Amy Anderson,marissa40@gmail.com,001-304-413-2868,"662 Cain Grove Apt. 579, Michaelland, IN 53880",2/17/1975,Consultant,Healthcare,Referral,Phone,115669.58,3/20/2025
CUST5802,Amanda Vasquez,michele35@mccoy.org,001-114-830-9615x4714,"8374 Anderson Canyon, Port Amyport, OR 14507",10/4/1988,Analyst,Finance,Referral,,50127.49,11/18/2024
CUST8785,Brian Robertson,millerkimberly@harrison-harris.org,8200182840,"0725 Tammy Vista, Anneshire, IL 47086",5/13/1967,Analyst,Healthcare,Website,Phone,87325.08,7/10/2024
CUST2733,Cynthia Anderson,psantiago@jones.net,409-140-2704x129,"35595 Kathleen Route Apt. 837, Stuartchester, MN 76498",8/1/2001,Consultant,Retail,Email Campaign,Email,25187.61,7/21/2024
CUST1291,Richard Drake,meadowsanthony@yahoo.com,+1-379-973-6896x36593,"9663 Amber Corner, Brownland, OR 26192",8/31/1978,Analyst,Finance,N/A,SMS,128533.39,7/10/2024
CUST1004,Thomas Miller,kelseyrichardson@gmail.com,487-320-9053,"891 Kevin Hills Apt. 855, North Michael, AZ 62160",4/19/1978,Director,Manufacturing,Event,Phone,68965.74,5/6/2024
CUST3738,,charlesbauer@white-kerr.com,486-373-3855,"3592 Jose Knoll Suite 465, East Grace, AL 14417",6/30/1981,Analyst,Manufacturing,N/A,Email,87166.18,1/28/2025
CUST8179,Derek Benitez,rhonda93@hotmail.com,573.905.0094x9086,"1562 Alex Plaza, North Jeremiah, MT 77513",1/8/1968,Manager,Manufacturing,Email Campaign,SMS,126240.78,12/11/2024
CUST8145,Miss Marissa Li,vsimon@gmail.com,+1-832-250-7244x93294,"87143 Sarah Knolls, Ericville, WA 25146",1/8/1979,Consultant,Retail,Event,Email,85238.81,2/24/2025
CUST3501,Kristin Barber,zthompson@hotmail.com,152.483.0958x50080,"88842 Justin Club Apt. 317, New Rickeymouth, IA 05434",9/5/1988,Consultant,Healthcare,Referral,Email,86890.37,5/30/2024
CUST4201,Richard Sparks,christian29@lewis-bradford.info,6027445818,"4419 Madison Square, West Joy, MO 59172",4/4/1985,Manager,Healthcare,Referral,Phone,67088.98,7/11/2024
CUST8168,Micheal Garcia,derekgonzalez@gmail.com,291-766-6080x68380,"065 Hebert Prairie, East Scott, IN 66582",6/28/1958,Engineer,Technology,Referral,,125452.44,7/5/2024
CUST8879,Beth Lopez,zacharyjohnson@jackson.com,865604034,"56153 Carolyn Causeway, Mcknightfort, NE 05803",10/30/1955,Engineer,Retail,N/A,,82272.75,6/28/2024
CUST3887###,Daniel Krueger,carlajoseph@webster-gross.net,874-577-7981,"572 Susan Highway Apt. 760, Wrightstad, NY 53438",11/23/1961,Manager,Technology,Unknown,,22917.98,9/11/2024
CUST9592,Michael Payne,kgraves@griffith-henry.net,705.031.7296x0410,"721 Christina Plains Suite 921, Nicholasville, SD 78546",8/30/2003,Manager,Manufacturing,Event,Phone,37514.13,11/6/2024
CUST1553,Richard Castillo,zhinton@perry.com,859-295-9870,"11889 Potter Dam Apt. 293, Lake Kimberly, OR 35479",9/2/1966,Engineer,Manufacturing,Referral,Email,41624.38,9/19/2024
CUST6599,Stephanie Sullivan,michael79@yahoo.com,635.243.5679x5307,"0876 Wendy Mountains, Rickymouth, MS 64534",3/12/1957,Director,Retail,Event,Email,134206.17,5/1/2024
CUST3313,Lisa Bowman,michaelcohen@hotmail.com,-9844,"198 Lorraine Camp Apt. 787, Harryfurt, WY 84457",2026-15-45,Technician,Education,Website,Phone,78396.44,6/10/2024
CUST2667,Melissa Wilson,stephenbarker@gutierrez.com,-7473,"6904 Dominique Junctions, Christopherchester, KY 75749",12/9/1977,Consultant,Healthcare,Referral,,98109.03,7/5/2024
CUST6945,Megan Simpson,elizabeth60@hotmail.com,(862)686-8443,"489 Raymond Burgs Apt. 349, Matthewborough, IL 86474",7/12/1955,Manager,Manufacturing,N/A,SMS,41803.82,8/3/2024
CUST2701,Brian Hardy,kimberlythomas@gmail.com,384.100.5728x129,Unknown,5/6/1990,Analyst,Retail,Event,Email,49875.79,10/5/2024
CUST4798,Brett Neal,ghawkins@hotmail.com,(406)192-3299,"7631 Howard Underpass, South Patricia, MO 54571",1/19/2001,Manager,Finance,Website,Phone,87952.47,10/1/2024
CUST5401,David Ortega,jonesnicholas@lewis.org,214.050.4242x2225,"676 Stephanie Turnpike, South Shannonport, AL 61034",12/4/1957,Technician,Retail,Unknown,Phone,98716.43,6/16/2024
CUST3826,Scott Bradley,thomas53@hotmail.com,+1-586-185-6970x1998,"9284 Velasquez Loop, Patricktown, SC 61332",5/7/1990,Consultant,Manufacturing,Event,Email,134107.84,11/21/2024
CUST4040,Miranda Cain,aprilwiley@yahoo.com,184-633-1564,"894 Anna Park, Jamesmouth, KY 72710",6/4/1990,Director,Finance,Website,,105721.04,10/31/2024
CUST2380,Travis Schultz,tylerlin@yahoo.com,2409258634,"USS Lee, FPO AE 82641",10/5/2003,Director,Finance,Unknown,,87865.75,7/3/2024
CUST2410,Cynthia Davis,gregory73@bennett.net,7126509554,"027 Acosta Hill Apt. 759, Parrishmouth, WV 74638",2026-15-45,Engineer,Technology,Event,,49833.21,5/6/2024
CUST6123,Sandra Potts,floresmelinda@yahoo.com,388.222.8154,"219 Wesley Overpass, Lake Granthaven, LA 79528",8/12/1989,Consultant,Education,Event,Email,75313.62,4/26/2024
CUST6214,Charles Cummings,galvanmark@gmail.com,6590660778,"40187 Black Isle, Anthonyport, OR 20310",7/29/2002,Consultant,Healthcare,Unknown,Email,56824.67,5/22/2024
CUST8613,Stephanie Stone,iharris@hotmail.com,001-798-610-8284,"492 Freeman Spurs Suite 330, Port Gordon, RI 05438",8/23/1980,Consultant,Education,Referral,Email,112189.35,9/12/2024
CUST9825,Ralph Nelson Jr.,prose@cabrera.com,708-161-5818x15632,"49212 Collins Meadow Suite 375, West Edwinport, GA 00973",10/22/1995,Director,Manufacturing,Website,Email,68753.88,12/24/2024
CUST8198,Kristen Mitchell,smithmelissa@hotmail.com,020.855.1766x380,"6429 Karen Hollow Apt. 443, Heatherchester, SD 70980",4/18/1988,Technician,Education,Email Campaign,SMS,33855.82,11/2/2024
CUST4236,Steve Martinez,iyoung@murillo.biz,(673)266-9569,"22625 Mitchell Station, Brandonville, NV 69438",10/4/1958,Technician,Manufacturing,Social Media,SMS,131147,4/20/2025
CUST7332,Michelle Davis,nathangoodwin@scott-mueller.com,(330)343-9812,"70398 Jackson Tunnel Suite 971, Port Patrick, MI 79593",3/29/1955,Director,Education,Event,SMS,148933.83,11/30/2024
CUST5632,Alison Fields,michellejones@gmail.com,161-157-7773x115,"1647 Manuel Groves Apt. 785, New Laurenville, OR 84790",6/12/1992,Manager,Retail,Event,,43233.55,2/27/2025
CUST4909,Whitney Stokes,omata@hotmail.com,(374)756-6482,"151 Lisa Flat Suite 249, North Nicholasborough, MN 24807",8/14/1984,Director,Retail,Social Media,SMS,95094.65,4/19/2025
CUST2772,Wesley Ramos,linda37@yahoo.com,001-877-390-9689x630,"262 Michele Islands Suite 563, South Hector, FL 96745",7/7/1962,Consultant,Technology,Referral,Email,117215.85,11/9/2024
CUST3420,Alexandra Gonzalez MD,whaynes@davis.com,(231)370-6302,"67653 Krueger Fork, East Jackshire, WV 46595",5/10/1985,Technician,Healthcare,Website,Phone,86084.66,8/20/2024
CUST1449,Krista Little,ukaufman@yahoo.com,(670)519-2090x47294,"USCGC Rubio, FPO AE 31446",4/3/1995,Director,Manufacturing,N/A,Email,40895.94,2/17/2025
CUST2401,Tamara Barber,tjohnson@gmail.com,001-116-989-8002x24947,"3707 Lee Skyway Suite 565, Williamsview, ME 61587",9/14/1959,Engineer,Finance,Unknown,Phone,81316.93,3/20/2025
CUST6817,Cody Anderson,sarahbarnes@perez-williams.com,(446)053-4123,"50948 Jermaine Village, Port Ashley, AL 78999",7/30/1968,Consultant,Finance,Website,SMS,48830.13,1/6/2025
CUST4682,Jeremy Weeks,alicia55@williams-taylor.com,626.692.0927x57757,"37895 Casey Curve Apt. 357, Port Sheilaberg, KY 59773",8/18/1956,Director,Finance,N/A,,140989.05,8/30/2024
CUST6647,Robert Williams,gmorales@davis.biz,+1-652-901-2618x7495,"502 Curtis Ways, Lake Adrienne, NH 97313",5/15/1959,Director,Technology,Event,SMS,112508.76,5/18/2024
CUST8849,Garrett Edwards,sergiomccarty@riley.com,(989)151-4780,"7542 Jackson Union Apt. 579, Carrollstad, DE 74429",12/14/1961,Engineer,Healthcare,N/A,,77066.37,5/27/2024
CUST2116,Nicholas Russell,gonzalezeddie@tran.org,525-122-1857,"7528 Adams Plains Apt. 396, Jacobside, CA 59803",11/15/1990,Technician,Manufacturing,Social Media,Phone,24369.22,1/16/2025
CUST8540,Tyrone Douglas,schwartzbrett@thompson.com,9814316760,"1079 Taylor Junctions, Port Leonshire, NV 17029",4/27/1961,Director,Manufacturing,N/A,Phone,99974.7,2/20/2025
CUST7717,Gail Reese,kathryn89@yahoo.com,-2263,"5568 Rodriguez Harbor, Thomasborough, RI 91303",8/5/2005,Engineer,Education,Referral,Email,146833.97,1/10/2025
CUST4996,Robert Scott,leelisa@hotmail.com,+1-109-130-9372x53357,"1097 Thomas Island, East Virginiafort, DC 77224",10/23/1981,Analyst,Retail,Social Media,,72708.63,4/22/2025
CUST3761,Robert Robinson,heidi31@fowler.com,+1-283-511-5524x573,"4299 Waters Courts Suite 217, West Paigeside, VT 61434",5/12/1997,Director,Finance,N/A,Email,139493.06,7/31/2024
CUST9952,Lawrence Snyder,jameswright@hall.com,598-626-1559x8594,"425 Marcus Neck Apt. 046, Port Benjamin, RI 25504",5/29/1968,Analyst,Technology,Unknown,SMS,65171.76,1/6/2025
CUST9444,Jennifer Davis,lisa24@johnson.com,-10943,"029 Tina Landing, Chaseton, SD 78449",11/14/1996,Manager,Manufacturing,Referral,,140862.8,1/30/2025
CUST1789,Mary Silva,jeremiah47@gmail.com,(423)024-7203,"2556 Donna Circles Apt. 298, Oneillland, AL 74131",4/30/1979,Engineer,Education,Referral,,85810.95,7/23/2024
CUST4276,Willie Vazquez,millersherry@fernandez.net,566.261.2185,"8680 Rodney Corners, Stephanieside, WI 84821",2/12/1961,Engineer,Manufacturing,Social Media,SMS,143112.01,5/12/2024
CUST4914,Paul Frost,griffinashley@gmail.com,9997096698,"85243 West Walks, New Johnstad, ND 41235",7/15/1985,Analyst,Manufacturing,Unknown,SMS,110244.94,3/24/2025
CUST8804,Michele Sullivan,wwilson@jackson.info,(573)563-2971x664,"3969 Tara Hollow, North Matthew, MS 02055",3/18/1996,Director,Retail,Unknown,Phone,118471.53,5/5/2024
CUST8773,Tracy Baker,tammyhuff@yahoo.com,+1-919-830-2450x246,"8992 Taylor Locks, Port Donnaside, UT 44786",7/27/2005,Technician,Retail,Event,Email,82656.12,12/14/2024
CUST3162,Rebekah Nunez,kayla13@hotmail.com,001-587-978-1278,"529 Tammy Street Suite 349, Robertfurt, NJ 36289",12/1/1967,Engineer,Retail,N/A,Phone,107998.69,8/19/2024
CUST6273,Caitlin Johnson,garrettdanielle@gardner.biz,001-521-680-4114x673,"4338 Levi Tunnel Suite 094, Patelport, VT 24873",6/16/1967,Analyst,Retail,Social Media,Email,111106.41,5/2/2024
CUST7830,Barbara Watkins,briggswilliam@robles.com,+1-808-002-0321x712,"160 Spears Shoals, Wadeberg, NV 13404",11/6/2001,Manager,Education,Website,,107580.73,10/26/2024
CUST1501,Michele Branch,haguirre@mckenzie.com,5745255135,"46531 Mcconnell Forge Suite 880, Lewisfurt, WY 76496",12/24/1987,Engineer,Manufacturing,Referral,,60803.46,9/28/2024
CUST2954,Kelly Stuart,william72@schroeder.com,184-682-8628,"23374 Cory Street, East Trevor, WY 88334",8/18/2003,Director,Education,Referral,Phone,84869.91,12/23/2024
CUST4887,Steven Johnson,santiagomarcus@davis-greer.net,-4721,"29149 Andrew Greens, East Katrinaview, IL 28453",8/7/1972,Manager,Technology,Referral,SMS,46881.22,4/29/2024
CUST1623,Cassandra Andrews,gwoods@yahoo.com,(539)162-7458,"48738 Flores Curve Apt. 103, North Williambury, DE 12642",10/29/1979,Manager,Manufacturing,Social Media,Phone,121262,4/14/2025
CUST8538,Bruce Watkins,sanchezdavid@yahoo.com,-3082,"USS Ross, FPO AP 77596",6/8/1958,Engineer,Technology,N/A,,99797.51,7/6/2024
CUST7787,Edward Jensen,xfinley@gmail.com,001-352-240-6651,"Unit 7399 Box 2179, DPO AA 08154",1/30/1995,Engineer,Retail,Social Media,SMS,84004.25,11/25/2024
CUST1472,William Medina,erin83@carter.com,+1-427-301-5225x4620,"3301 Hardin Pine Apt. 780, Ryanhaven, WY 52317",7/2/2005,Analyst,Retail,Referral,SMS,71724.33,2/5/2025
CUST4383,William Lee,joseph65@yahoo.com,(554)841-9832,"14967 Joshua Coves Suite 515, Mooreview, UT 14885",1/12/1960,Director,Healthcare,Website,,82181.61,1/25/2025
CUST5000,Christina Hull,olivia52@hotmail.com,652-478-2888,"5256 Harris Heights, Morrisburgh, IN 78636",5/29/1977,Engineer,Manufacturing,Social Media,,131852.02,9/30/2024
CUST5336,Andre Wilson,stephen63@hotmail.com,001-535-944-0497x86293,"42403 Joshua Drive Suite 611, Ambertown, WA 27150",6/27/1984,Consultant,Finance,N/A,,61034.66,5/3/2024
CUST5909,April Thompson,alejandro03@gmail.com,059.455.9650x3353,"Unit 8600 Box 3406, DPO AA 18472",7/1/1958,Engineer,Technology,Referral,,95531.07,3/16/2025
CUST6483,Jordan Bell,rmurray@tran.info,(816)393-6509,"Unit 9025 Box 2717, DPO AA 61648",1/12/2003,Analyst,Manufacturing,Unknown,SMS,44329.82,6/23/2024
CUST1292,John Taylor,xcastillo@anderson.com,042-176-7107,"99321 Baxter Mountains Suite 115, Gonzalezchester, IA 04487",4/3/1997,Manager,Education,Email Campaign,SMS,67570.14,2/7/2025
CUST2556,Elizabeth Vargas,scottstephanie@gmail.com,(595)759-4866,"963 Steven Flats Suite 702, Christophershire, SC 35357",12/5/1969,Consultant,Healthcare,Email Campaign,SMS,67460.14,4/13/2025
CUST3107,Patrick Blackburn,samantha94@yahoo.com,001-001-640-4269x6530,"081 Troy Heights Apt. 900, Sarahhaven, MA 60511",8/3/2006,Analyst,Retail,Referral,Phone,147305.42,5/23/2024
CUST7791,Jose Martinez,millerchristina@fox.net,431-724-0769x733,"5266 Juan Road, Victoriafurt, MD 15962",9/13/1988,Manager,Finance,N/A,SMS,124531.39,5/29/2024
CUST2378,Kevin Romero,ymarshall@miller.com,+1-343-183-8706x453,"56766 Whitney Neck, Sharontown, AR 26867",8/5/1973,Consultant,Retail,Referral,Phone,124004.87,4/2/2025
CUST9230,Daniel Patrick,ldominguez@hotmail.com,+1-019-359-5924x205,"1236 Jason Orchard, Khanview, WY 12996",3/21/1999,Manager,Retail,Unknown,Email,42958.95,4/25/2025
CUST8211,Kendra Lewis,roger12@hotmail.com,5689516187,"88581 Shannon Locks Suite 445, New Marystad, NJ 38682",8/9/1964,Manager,Technology,Event,SMS,122093.28,5/21/2024
CUST4638,Ashley Carter,parker23@gibson.com,001-110-186-3485x0991,"7690 Taylor Prairie Suite 217, East Lisachester, WA 15073",7/19/1958,Analyst,Manufacturing,Unknown,Email,71792.25,1/26/2025
CUST8541,Joshua Rivera,blacktammy@gmail.com,(486)993-0748,"8521 Joe Street Apt. 563, Port Amanda, VT 61618",6/4/1955,Manager,Finance,Referral,SMS,-8828,5/1/2024
CUST2765,Jack Burgess,kayleethomas@gilmore.com,(864)423-8350,"0111 Kevin Key, West Cynthiaview, NV 58027",2/29/1988,Engineer,Retail,N/A,SMS,53769.99,5/8/2024
CUST1659,Zachary Alexander,jacqueline04@ramsey-trujillo.org,(895)250-3932,"4889 Leonard Landing Apt. 201, Wongton, AK 57242",5/21/2001,Director,Manufacturing,Unknown,SMS,64738.24,5/23/2024
CUST9764,Wendy Marshall,charris@flores.com,346.347.5538,"28939 Robert Meadow Suite 472, North Matthewbury, OH 72351",6/5/1972,Engineer,Education,Unknown,Phone,94990.99,1/8/2025
CUST2680,Krystal Jones,garnerdavid@patton.com,023.949.8669x0162,"98585 Edwards Parks Apt. 331, Bryanchester, ID 09701",5/30/1970,Technician,Manufacturing,Referral,SMS,66164.17,9/2/2024
CUST7401,Timothy Gibson Jr.,patrickspencer@harris-myers.biz,(959)423-9132,"PSC 7530, Box 9731, APO AP 87765",6/11/1970,Director,Retail,Unknown,,135652.22,9/9/2024
CUST6268,Elizabeth Sanchez,ericschultz@coffey.org,046-482-5184,"35600 Edward Underpass, Port Danahaven, AZ 22374",2/6/1955,Director,Education,Email Campaign,Phone,132873.49,10/12/2024
CUST9720,Sarah Miller,ambermiller@black.com,001-436-141-4487x53410,"0033 Latoya Station, Lake Ryanhaven, IN 53871",5/12/1960,Analyst,Retail,N/A,,130357.1,8/30/2024
CUST8451,Brent Blake,tphillips@yahoo.com,325-863-7629x47088,"51109 Garcia Tunnel Suite 179, South Leahside, GA 16582",5/25/2006,Engineer,Healthcare,Social Media,Phone,60752.67,6/22/2024
CUST1603,Jennifer Anderson,millsralph@johnson-rice.biz,1239767062,"21968 Thomas Ways, East Kevinfurt, NJ 24744",3/2/1987,Analyst,Technology,Social Media,,55262.25,12/22/2024
CUST4203,Craig Ward,sotochristine@fletcher.com,+1-260-790-1888x9814,"0236 Ortiz Coves, Millerton, DC 20435",7/15/1968,Analyst,Technology,Event,,73818.58,2/14/2025
CUST8367,Heather Harris,ksmith@hotmail.com,001-857-071-2643x643,"365 Ronald Station, East Michaelview, FL 93558",3/30/1962,Engineer,Healthcare,N/A,Phone,106062.93,11/16/2024
CUST4554,Michelle Bryan,donnaandrews@young-foster.org,(782)045-2977,"PSC 7715, Box 2781, APO AP 02762",9/5/1973,Technician,Technology,Website,Phone,41698.36,12/27/2024
CUST6184,Victoria Williams,alexanderkatelyn@hotmail.com,(490)094-6626,"23575 Andrew Valleys, West Shannonville, OK 43662",10/29/2005,Engineer,Finance,Email Campaign,Email,23427.44,4/6/2025
CUST8312,Amanda Dalton,oallen@gmail.com,146.074.5240,"3426 Nathan Land Apt. 338, South Angelabury, MO 31367",5/1/1964,Director,Finance,Website,SMS,100353.28,11/7/2024
CUST1309,Garrett Rivera,xmiller@wilkins.com,391-731-4233x182,"86679 Rebecca Crescent Suite 076, West Reginashire, MT 69015",2/20/1998,Technician,Retail,Social Media,Phone,52161.55,10/1/2024
CUST4421,Lee Sanchez,jamesbrianna@hotmail.com,839-613-2030x46552,"5499 Johnson Summit, Port Heatherport, AZ 79771",5/6/1996,Consultant,Technology,Referral,Phone,88476.5,12/31/2050
CUST1584,Donald Ford,invalid_email@,433.075.0389,"981 Jennifer Brook, Mccoyborough, HI 78518",2/1/1968,Engineer,Finance,N/A,SMS,131847.95,1/4/2025
CUST6849,Erin Baldwin,kevin23@yahoo.com,001-355-022-8001x79851,"453 Tyler Lodge Apt. 484, New Jenna, MO 10772",11/14/1995,Consultant,Retail,Unknown,SMS,91310.89,11/5/2024
CUST5548,Robert Weiss,millerautumn@wilson-walker.com,526-274-2625x9506,"86215 Ortiz Corner Apt. 071, Tammyton, KS 91731",6/23/1957,Technician,Manufacturing,Referral,,102036.18,12/31/2050
CUST3378,David Flowers,baileyapril@hotmail.com,526.239.6648,"868 Simmons Plaza Apt. 380, Johnville, NH 53924",2/8/1999,Director,Retail,Event,SMS,138160.01,6/7/2024
CUST5493,Kimberly Moreno,fcook@perkins.com,001-866-801-2367x7784,"178 Johnston Lakes, Port Barbaraburgh, MI 21392",12/24/1989,Director,Healthcare,Unknown,Email,77441.84,10/26/2024
CUST2933,Gabriel Henry,olambert@yahoo.com,+1-805-668-2680x4897,"3832 Jason Throughway Apt. 612, Aguilarland, ID 45143",12/22/2005,Consultant,Education,Referral,SMS,21372.26,5/9/2024
CUST1916,Michael Bates,garciashane@yahoo.com,(652)353-0256,"1373 Mary Courts, Emilyport, MI 35238",12/10/1973,Manager,Education,Social Media,,89562.86,2/17/2025
CUST5330,Amber Weiss,grantatkinson@ortega-jones.net,9293683082,"PSC 3208, Box 4092, APO AP 47537",10/16/1983,Consultant,Retail,Social Media,Email,119563,1/31/2025
CUST4912,Brian Bauer,williamdavis@gates-gordon.com,(567)471-6032x2162,"250 Deborah River, Ashleymouth, MA 81385",10/14/1987,Director,Healthcare,Unknown,Email,91267.59,4/21/2025
CUST7183,Kenneth Nielsen,sharmon@gmail.com,2549894052,"3953 Rodney Alley Apt. 518, North Peterborough, AR 52618",4/23/1968,Consultant,Manufacturing,Email Campaign,,52486.5,7/26/2024
CUST6381,Melissa Finley,annasmith@owen-ellis.org,-4271,"098 Wheeler Trail, Jamesview, NE 99004",9/2/1967,Technician,Technology,Email Campaign,,48677.02,4/12/2025
CUST5380,Terry Miller,andersonangela@edwards-johnson.info,715-793-8979,"87863 Padilla Flats Suite 005, Stevensport, RI 26953",7/27/1969,Consultant,Technology,Referral,SMS,57007.99,3/17/2025
CUST3342,Barbara Diaz,stonecharles@hotmail.com,610-145-3075x583,"657 Laura Skyway Suite 057, West Elizabeth, NC 80159",4/14/2003,Director,Education,Email Campaign,Phone,130952.66,3/8/2025
CUST2748,Zachary Rivas,shawnchase@yahoo.com,262-926-4897,"1012 Esparza Gardens Apt. 004, Tylerbury, NM 74173",2/28/1989,Manager,Education,Website,,100304.82,7/19/2024
CUST9262,Brett Holloway,james43@hotmail.com,422-440-8705x89348,"6610 Brooks Fork Suite 861, Hernandezmouth, AK 68575",12/18/1968,Technician,Manufacturing,Email Campaign,Phone,61683.68,12/22/2024
CUST8658,Joshua Wood,stacy36@gmail.com,001-782-239-5976x152,"92815 Chad Wells Apt. 011, Robbinsburgh, LA 92043",8/3/1956,Engineer,Manufacturing,Website,Phone,146403.24,4/2/2025
CUST8949,Robert Mitchell,jason77@yahoo.com,001-023-779-4321x48664,"08388 Briggs Vista, New Devinville, TX 81268",12/7/1954,Analyst,Healthcare,N/A,,114523.92,9/29/2024
CUST2553,Erica Davis,jonesrichard@acosta-ferguson.net,747.857.5574,"05150 Justin Landing Apt. 051, Johnsonland, NH 49504",10/11/2004,Engineer,Healthcare,Website,,48234.45,4/2/2025
CUST9313,Courtney Johnson,dorseymaria@gmail.com,646.252.0922x8237,"75662 Decker Courts, Port Stephaniechester, DE 53556",3/10/1976,Analyst,Retail,Social Media,,110601.52,6/25/2024
CUST1745,Regina Mooney,nicoleacevedo@hotmail.com,347-101-4119x60286,"18152 Williams Forks Suite 675, Calhountown, UT 23397",5/21/1982,Analyst,Finance,Unknown,Phone,27284.98,11/26/2024
CUST4684,Christopher Barton,rlopez@hotmail.com,651-713-8743x46352,"08615 Martinez Courts, Lisaport, NH 99796",8/21/1982,Engineer,Manufacturing,Email Campaign,Phone,44985,9/10/2024
CUST8678,Kristen Gray,jeffreymorales@gmail.com,(241)180-4586x6651,"3690 Aaron Place, West Charles, OK 73223",10/21/1988,Consultant,Finance,Website,Phone,70023.73,8/27/2024
CUST6571,April Ramirez,johnjacobs@hotmail.com,3314427481,"43205 Danielle Flats Suite 866, West Stacyland, KY 30499",11/21/2001,Manager,Technology,Website,Phone,79908.5,5/15/2024
CUST2985,Judy Levy,jean76@gmail.com,476-856-4347,"81696 Huff Pike, Lake Shellyville, PA 22397",7/21/1986,Director,Technology,Referral,,70585.98,7/9/2024
CUST3129,Roberta Bray,morenoheather@campbell-miles.biz,986.773.7119x67334,"PSC 9488, Box 7881, APO AP 41692",4/17/1992,Analyst,Healthcare,N/A,Email,116814.2,12/5/2024
CUST4428,Melissa Phillips,nathan70@butler.com,+1-921-027-5008x303,"237 Taylor Street, Daniellehaven, NY 27469",9/25/1981,Director,Finance,Social Media,,103007.6,6/9/2024
CUST1238,Shawn Bishop,tvaldez@goodman-smith.org,001-581-612-7008x013,"9602 Erin Falls Suite 533, Pattersonshire, IN 91072",9/30/1978,Analyst,Finance,Unknown,Phone,146525.63,6/16/2024
CUST2016,Christian Bryant,wgarrett@gmail.com,8951470398,"53426 Costa Meadow, Yuside, FL 92704",6/11/1957,Technician,Retail,Social Media,Email,41756.85,7/9/2024
CUST3559,Melissa Davidson,rogerspeter@torres-munoz.com,+1-921-439-4474x3502,"521 Tyler Views, New Virginia, MO 72909",8/9/1955,Director,Finance,Email Campaign,Phone,21160.88,7/6/2024
CUST7395,Kimberly Ryan,gary66@hotmail.com,855.305.9484x250,"43962 Jonathan Brook, Claytonfort, NE 83617",6/4/1969,Director,Technology,Email Campaign,Phone,68281.83,10/23/2024
CUST5653,Elizabeth Rivera,invalid_email@,674.786.8664,"727 Shannon Ferry Suite 840, Wadetown, IN 58245",8/21/1964,Manager,Healthcare,Email Campaign,Email,109172.8,7/19/2024
CUST8087,Ashley Wiley,andreacrawford@martin.com,5073776461,"962 Brian Radial Suite 575, East Brandon, WI 41567",8/17/1962,Technician,Finance,Website,SMS,103794.74,10/30/2024
CUST1816,Michael Phillips,fwilliams@eaton.com,5356722511,"4410 Smith Station Suite 123, West Matthewtown, NM 10968",5/26/1993,Director,Finance,Referral,,50247.7,6/11/2024
CUST1270,Jordan Kim,langdaniel@gmail.com,+1-529-719-9557x5149,"657 Adrian Junctions, Stevensstad, ND 34371",6/17/1988,Technician,Education,Unknown,,115314.55,7/31/2024
CUST5413,John Smith,alexanderpalmer@moore.com,855.909.5541x24030,"36846 Karen Flat, East Charles, AK 52920",2/4/1975,Technician,Retail,Social Media,Phone,52590.51,4/5/2025
CUST7041,Maria Walker,lauren64@ramirez.info,(855)241-6082x30962,"6426 Kathy Meadows Apt. 307, Port Lindseyview, SC 38110",3/10/1961,Consultant,Technology,Email Campaign,SMS,90555.43,6/23/2024
CUST1873,Patrick Johnson,baldwinjoseph@gmail.com,(673)268-7562x332,"310 Whitehead Spur Apt. 045, Robertville, IL 29772",7/3/1976,Manager,Manufacturing,Referral,SMS,62078.51,6/23/2024
CUST8360,Richard Huff,ysalazar@yahoo.com,001-742-754-4654x97489,"480 Sandy Burgs Apt. 902, West Ann, AK 17864",2/2/1994,Analyst,Manufacturing,Unknown,Phone,28953.96,12/13/2024
CUST7768,Samantha Gross,edward23@lawrence.com,-2658,"4268 Sara Island, Port Anne, ND 36893",12/1/1999,Consultant,Education,Unknown,SMS,90408.77,12/30/2024
CUST9505,Patrick Davis,jonathan83@yahoo.com,673-708-2411,"6072 Kathleen Knolls, North Jesse, MO 19490",11/28/1986,Engineer,Technology,Event,,115375.51,4/4/2025
CUST1696,Lindsay Brown,deannahunt@gmail.com,428-382-7589x3328,"9191 James Isle Apt. 698, Johnsonland, DC 43292",9/27/1960,Director,Education,Unknown,Phone,61690.23,6/29/2024
CUST8713,Charlotte Buckley,ysalas@sanchez.com,695-664-4489x627,"570 Griffin Knoll, Lake Brittanyfort, KS 76201",4/11/1973,Technician,Manufacturing,Unknown,,44683.03,3/23/2025
CUST6669,Karen Vargas,yhunt@hotmail.com,152.105.7936x7330,"USNV Sullivan, FPO AE 80404",12/23/1987,Consultant,Manufacturing,Referral,SMS,61938.01,3/31/2025
CUST3620,Anna Rivera,jessica83@foster-smith.info,6907033478,"428 White Drive, West Danahaven, ID 02818",2/14/1986,Analyst,Finance,Website,Email,25691.04,2/16/2025
CUST3976,David Velasquez,richard45@gonzalez.net,990.798.1693x4228,"143 Sampson Centers, Robertview, NV 47100",7/2/1954,Manager,Finance,Referral,Email,83098.14,7/21/2024
CUST7462,Jennifer Perkins,lisawhite@dunn-jenkins.com,897.689.7054,"927 Mary Valleys, Castilloland, NE 43001",11/14/1960,Engineer,Manufacturing,N/A,,105529.76,7/7/2024
CUST7654,Miss Danielle Hudson PhD,sarahbell@yahoo.com,(549)684-6553x912,"92817 Perez Bridge Suite 578, Lake Kristenberg, MA 58785",7/27/1996,Director,Technology,Event,SMS,26381.13,6/12/2024
CUST7482,Annette Davis,smithdaniel@norman.com,(044)483-3563x9039,"31805 Schroeder Manors, West Ruben, IA 99017",9/6/1995,Director,Technology,Website,Email,140927.43,8/7/2024
CUST4245,Kerri Golden,agarcia@patterson.net,9519341006,"65591 Brian Turnpike, Gilltown, PA 06916",10/19/1954,Technician,Retail,Unknown,Email,80847.69,4/27/2024
CUST9133,Sandra Lee,crystalpalmer@olson-fuentes.com,(180)065-9566x5452,"419 Smith Street, Bensonfurt, NC 46192",1/27/2001,Engineer,Education,Event,,126863.45,8/8/2024
CUST1672,Mary Ingram,jessica50@gmail.com,001-905-010-2531,"USNV Robinson, FPO AP 29960",12/24/1982,Engineer,Manufacturing,Social Media,Email,115459.04,12/31/2024
CUST8386,Jean Maxwell,lindseyschroeder@ayers-chapman.net,691-743-2899,"18267 Taylor Courts Suite 107, Port Kathleen, MO 09940",12/15/1968,Engineer,Healthcare,Event,Email,33159.27,8/8/2024
CUST1645,Carmen Dougherty,cgrant@hotmail.com,(256)767-7276,"80335 Amber Loop, Nguyenstad, AL 27928",1/2/1984,Director,Retail,Referral,Phone,88404.96,4/4/2025
CUST4549,Philip Salinas,hmoran@yahoo.com,(832)052-8725,"7905 Wilson Road Apt. 204, South Jessicaville, TN 92965",9/11/1960,Director,Technology,Referral,,116994.09,2/19/2025
CUST9890,John Lee,trevinojessica@mullen.com,(508)068-7836,"046 Isabella Mountains Apt. 056, Kimfurt, KS 30054",9/1/1958,Director,Education,N/A,,111331.55,1/12/2025
CUST8031,Nicole Villa,eharding@gmail.com,3217834537,"3251 Craig Walk Apt. 718, Stanleyshire, LA 47678",11/2/1976,Engineer,Healthcare,Unknown,Phone,91495.51,4/28/2024
CUST5318,Jonathan Castaneda,ccortez@chavez.info,372-302-4400,"3292 Katherine Isle Suite 482, Andrewsfurt, NV 61936",1/20/2003,Analyst,Technology,Referral,,141357.6,10/18/2024
CUST3259,Brenda Rodriguez,csampson@hotmail.com,001-639-017-8575x25856,"79975 Michael Alley, Jaredtown, CA 37757",10/26/1996,Director,Education,Unknown,SMS,73604.63,6/18/2024
CUST1381,Cheryl Thompson,turnerhannah@yahoo.com,001-759-342-7506x522,"18129 Myers Summit Suite 147, Levineport, OK 22895",10/7/1974,Consultant,Technology,Social Media,Phone,93208.81,4/20/2025
CUST2593,Kayla Dalton,hprice@hartman-george.com,(499)897-9749x577,"0653 John Drive, Claytonmouth, IL 48979",1/31/1973,Consultant,Manufacturing,N/A,SMS,66801.11,3/29/2025
CUST5856,Tyler Reed,yhodge@yahoo.com,097.240.1889,"9513 Stephen Village Suite 845, Lake Earl, FL 25615",8/7/2002,Consultant,Retail,Website,Email,147784.34,10/12/2024
CUST3042,Elizabeth Ayala,bharris@yahoo.com,805.556.0475x08047,"917 Victoria Divide, Johnview, DE 32587",4/24/1957,Engineer,Manufacturing,Referral,SMS,20853.95,8/5/2024
CUST7964,Rachel Sanders,lbowers@hotmail.com,746.648.5542x60234,"32134 Ryan Corner Suite 296, Heathertown, CA 87424",7/26/1964,Manager,Education,Website,SMS,139484.57,5/5/2024
CUST3486,Alexis Jackson,olsontim@yahoo.com,(689)692-6039x520,"654 Stacey Fields, West Candace, ID 74668",4/14/1993,Director,Manufacturing,Event,Phone,-2865,10/2/2024
CUST6025,Nicole Ryan,lthompson@dunlap.com,+1-205-356-6538x4078,"3874 Estrada Lane Apt. 085, Michaelchester, DC 84795",10/31/2006,Analyst,Healthcare,Referral,SMS,67720.78,11/11/2024
CUST4091,Howard Hart,jdodson@gmail.com,+1-696-488-3495x00526,"5975 Lee Land Suite 925, Leonville, IA 89428",6/12/1995,Manager,Healthcare,Social Media,SMS,31947.67,3/23/2025
CUST9721,Gregory Silva,tanyaparker@gmail.com,(632)017-3394x522,"92980 James View Suite 644, Simmonschester, MA 18576",11/11/1982,Director,Healthcare,N/A,Email,114065.47,9/26/2024
CUST8786,William Miller,garciapatricia@wilkinson.com,932-892-5429x665,"99088 Cooper Vista, Christinatown, WY 02830",1/4/1958,Manager,Retail,Unknown,Email,97380.06,3/22/2025
CUST6564,Sarah Wright,pamela57@yahoo.com,804.979.9425,"49497 Valencia Valley Suite 364, Port Austinburgh, SD 42018",4/15/1971,Engineer,Technology,Unknown,,30202.06,7/21/2024
CUST7222,Joseph Thomas,hayley40@mcknight-gibson.com,+1-796-911-6356x78374,"492 Cox Row Suite 913, South Christian, AK 93315",10/24/1965,Analyst,Education,Unknown,,74147.82,11/3/2024
CUST8906,Richard Williams,vbennett@yahoo.com,(130)596-3476,"89776 Andrew Heights Suite 765, Jonathanmouth, LA 33547",9/15/1973,Manager,Technology,N/A,Email,102405.32,2/13/2025
CUST9901,Cassidy Hall,zmills@yahoo.com,473.081.3034,"USNV Wilson, FPO AE 67426",6/4/1955,Consultant,Finance,Social Media,Email,61511.15,9/24/2024
CUST7100,Aaron Mora,ksmith@hotmail.com,(415)048-3491,"Unit 4698 Box 7371, DPO AP 89361",9/16/2003,Manager,Education,Event,Phone,39915.67,8/7/2024
CUST1586,Katie Whitehead,richmondamanda@hotmail.com,4059189587,"241 Ramirez Street, Chelseaton, RI 08650",8/30/1980,Technician,Retail,Email Campaign,Email,48871.13,1/14/2025
CUST1851,Traci Cole,vhenderson@gmail.com,(775)049-4865x035,"77147 Palmer Hollow, Matthewside, WV 60920",10/26/1961,Consultant,Healthcare,Referral,SMS,30730.86,2/15/2025
CUST3960,Kathy Hicks,dennisdennis@hotmail.com,3916317943,"1203 Roth Drive, New Lisashire, OK 65698",12/6/1971,Technician,Finance,Event,,54132.54,3/26/2025
CUST3182,Sean Castro,salazarelizabeth@hotmail.com,441-507-6258x776,"5984 Fernando Throughway Suite 456, Angelafurt, ME 65229",4/24/1955,Director,Retail,Unknown,Phone,119064.28,2/27/2025
CUST7063,Robert Jenkins,christine53@yahoo.com,+1-997-693-7263x9138,"639 Moore Point Suite 580, Garcialand, ID 63833",7/1/2000,Director,Healthcare,Email Campaign,,104792.3,3/2/2025
CUST7346,Melanie Hopkins,lynn99@hotmail.com,182.939.6244x567,"2223 Alan Mountain Apt. 046, West Robertofort, GA 62273",3/5/1966,Director,Manufacturing,N/A,Phone,51500.96,1/25/2025
CUST5990,Michael Cooper,jessica28@jacobson.com,001-619-264-5101x5389,"56402 Perez Extensions Suite 326, Williamton, MA 68665",12/23/2002,Consultant,Education,N/A,Email,34628.88,3/14/2025
CUST3281,Nancy Holmes,andrew43@gmail.com,001-022-319-4509,"PSC 1224, Box 1744, APO AE 13479",6/4/1968,Consultant,Education,Social Media,Phone,61695.99,6/21/2024
CUST5888,Anne Fowler,jameshernandez@shaffer.info,001-659-821-7858x7618,"45106 Taylor Islands, Lake Rebekah, VT 67016",2/4/1959,Technician,Finance,Unknown,SMS,42003.18,12/3/2024
CUST5325,Jeffrey Adams,francochristopher@yahoo.com,(102)937-2597x5814,"32923 Robinson Walk Apt. 851, North Matthewland, NM 80625",8/4/1959,Director,Retail,Event,Phone,77260.25,1/16/2025
CUST4894,Catherine Pope,patriciadavis@hotmail.com,9235515213,"875 Romero Loop Suite 577, West Stephen, PA 79675",4/5/2004,Manager,Technology,Social Media,Phone,118505.39,10/25/2024
CUST9741,Christina Johns,johnsondanielle@ayala-young.com,(890)601-1155x273,"2748 Jason Via, North Richard, WY 78125",5/8/1992,Engineer,Technology,Website,Phone,143362.32,5/9/2024
CUST7259,Jason Banks,tina17@hotmail.com,6884357310,"7276 Watson Oval, Lake Gary, UT 77832",2/12/1967,Analyst,Finance,Social Media,Email,59665.35,2/21/2025
CUST3338,Leah Kramer,lambwendy@henry.com,001-471-601-4700,"6702 Kelli Loaf Apt. 825, Ramosport, MA 43850",2/10/1961,Engineer,Education,Referral,Phone,46494.18,12/4/2024
CUST7248,Oscar Mckenzie,katrina18@phillips.org,248.067.0344,"66640 Petersen Dam Suite 570, Lake Thomasborough, CO 44376",3/24/1961,Analyst,Manufacturing,Email Campaign,Phone,110359.25,12/10/2024
CUST9032,Aaron Mccoy,hughesjennifer@hotmail.com,+1-660-454-5107x17919,"PSC 0434, Box 8407, APO AP 75005",8/28/1973,Engineer,Retail,Event,Email,53209.32,9/19/2024
CUST8982,Brian Obrien,olowe@caldwell-parker.info,+1-028-206-1278x4840,"558 Jason Lakes Suite 737, Darrylhaven, GA 37092",5/21/1989,Analyst,Healthcare,Unknown,SMS,26901.08,2/1/2025
CUST8419,Marco Smith,edavis@gmail.com,+1-424-939-1576x095,"PSC 3780, Box 3834, APO AE 67103",9/16/1989,Engineer,Finance,Email Campaign,SMS,106187.61,5/31/2024
CUST9894,John Patel,pgarcia@price.com,(260)481-5680x676,"975 Jessica Greens, Cartermouth, AK 56701",1/10/1990,Analyst,Finance,Website,SMS,132763.36,7/13/2024
CUST5167,Jonathan Alexander,spencerdouglas@gmail.com,687.176.4815,"1589 West Drives, West Joseph, NV 14427",3/4/1964,Consultant,Healthcare,Email Campaign,Email,137503.37,2/5/2025
CUST9724,Sheila Morales,shanecox@moore.biz,+1-396-374-6126x44194,"USNS Day, FPO AA 82481",9/4/1979,Director,Manufacturing,Website,Phone,45853.78,1/3/2025
CUST1706,Stephanie Gordon,vhart@freeman.com,(168)788-3868x38503,"726 Robinson Hill Apt. 843, Bartonfurt, KS 03568",8/31/1961,Director,Technology,Website,Email,52160.98,5/23/2024
CUST6622,Michelle Hudson,jonestonya@davis.net,883.685.1232,"2671 Callahan Crossing Suite 330, Danielbury, NM 38727",12/30/1956,Analyst,Education,Email Campaign,,116770.79,3/2/2025
CUST6131,Lawrence Thompson,josephreyes@gmail.com,+1-561-875-8241x61521,"1894 Brian Villages, South Joshuaport, TX 70760",10/3/1978,Analyst,Technology,Social Media,SMS,101280.03,8/15/2024
CUST8488,Christopher Taylor,joelbaker@humphrey-perez.biz,808-785-9408x650,"562 Wilson Vista, Lake Kevin, IL 58921",3/6/2004,Director,Education,Unknown,Email,101353.01,11/2/2024
CUST9877,Austin Jones,hwilliams@cunningham-adkins.com,(703)161-0530,"0942 Daniel Track, West Garychester, MS 27053",5/22/2003,Engineer,Manufacturing,Social Media,Phone,39722.06,12/19/2024
CUST4253,Travis Green,sararichmond@brown.com,001-462-691-7389x1290,"54981 Julie Terrace Apt. 538, New Kyle, DE 89202",4/11/1969,Technician,Healthcare,Website,,87693.32,9/24/2024
CUST6266,Nicole Ward,rebeccalevy@castillo.biz,884.607.2764x34535,"1113 William Run Apt. 976, East Erinland, KY 94177",7/19/2001,Director,Technology,N/A,Phone,74253.33,2/1/2025
CUST8384,Mr. Matthew Chen,morganrichard@hotmail.com,001-992-874-3846x7015,"303 Bradley Island Apt. 676, Paulfort, UT 24973",7/15/1991,Manager,Retail,Social Media,SMS,78391.99,4/6/2025
CUST7980,John Garcia,kaylakramer@hotmail.com,001-208-357-4867x083,"Unit 2560 Box 0503, DPO AA 02180",1/19/1972,Manager,Technology,Referral,Phone,132136.4,10/23/2024
CUST9272,Michael Long,mezapatrick@yahoo.com,315.530.4026,"308 Michael Trafficway Apt. 857, Grayburgh, VA 83048",3/5/1999,Technician,Technology,Event,Phone,75908.36,10/6/2024
CUST7729,Eugene Mccarty,barrjames@hotmail.com,941.526.8996,"664 Burton Square Suite 890, Wallaceborough, TX 49131",12/13/1983,Technician,Manufacturing,Referral,SMS,28815.83,10/18/2024
CUST5587,Stephanie Johnson,belinda99@yahoo.com,001-334-282-0373x2663,"81116 Justin Grove, New Angela, ND 58922",10/8/1990,Technician,Finance,Referral,SMS,129137.93,5/19/2024
CUST8651,Nathan Scott,ohughes@yahoo.com,2792143710,"4764 Karen Rue Suite 352, North Jamesstad, ID 59827",5/19/1957,Technician,Finance,Unknown,SMS,134417.15,8/15/2024
CUST4972,Scott Powell,lprince@nelson.com,345-023-0005x074,"USNS Morgan, FPO AA 94084",7/20/1961,Consultant,Education,Email Campaign,SMS,39754.42,7/22/2024
CUST1372,Katrina Adams PhD,whitneytaylor@hernandez.info,(812)434-3096x962,"0764 Yu Ford Suite 719, Jessicafurt, OK 37603",10/25/2005,Engineer,Healthcare,Referral,Email,119118.17,6/7/2024
CUST6984,Dr. Lawrence Johnston,vargastravis@yahoo.com,347.578.6525x3215,"58959 Joshua Meadow, South Morgan, TX 21984",2/23/1980,Director,Education,Event,Phone,97526.89,10/16/2024
CUST8160,David Miller,gregjimenez@gmail.com,001-146-558-0085x307,"2168 Williams Hills, Katrinamouth, OH 69267",1/26/1987,Technician,Finance,Social Media,Email,109458.37,11/27/2024
CUST3291,Stephanie Brown,tracy94@williams-white.com,703-035-7473x31358,"82850 Ramsey Ferry, North Micheleton, DE 55973",8/4/1974,Manager,Manufacturing,Unknown,,112562.49,1/9/2025
CUST1600,Christine Thompson,michael41@cox.com,642-978-0649x8210,"80236 Travis Trail, Christinaville, CA 45474",5/4/1992,Manager,Retail,Email Campaign,,37876.65,11/15/2024
CUST6024,Dawn Leach,kellyrobinson@wilson-allen.com,4467529261,"4811 Smith Hills, Vanceborough, HI 14496",11/13/1993,Manager,Finance,Email Campaign,Email,140306.56,9/5/2024
CUST1078,Paul Woodward,reevesjeffrey@gmail.com,264-010-7591x61014,"366 John Valleys, Lake Robert, WY 51998",1/9/2001,Manager,Technology,N/A,Phone,118510.96,5/3/2024
CUST1370,Susan Conway,danny52@morrison-garcia.org,(503)573-5325,"463 Sutton Fields, Smithville, ID 09073",9/11/1965,Manager,Retail,Unknown,,109422.15,10/18/2024
CUST1672,Andrea Marshall,michaelroman@brown.net,759.561.9744,"2892 Greene Avenue, Lake David, MA 47667",10/8/1981,Manager,Retail,Email Campaign,Email,99030.89,7/15/2024
CUST4483,Michael Bender,margaretsmith@cruz.biz,001-124-732-1015x6646,"2592 Gordon Inlet Apt. 963, Kristinaberg, WI 09215",1/20/1970,Technician,Education,Email Campaign,Email,87684.38,10/19/2024
CUST8775,John Gonzalez,henry98@reynolds-gonzalez.com,002-391-4366,"PSC 8850, Box 8777, APO AE 17422",12/4/1974,Consultant,Finance,Referral,,147897.98,1/13/2025
CUST8320,Jason Pratt,rcantrell@hotmail.com,900-469-6419x7716,"052 Garcia Estates, Waltersshire, NC 01774",4/13/1995,Director,Retail,Event,Email,44680.54,9/23/2024
CUST5587,Jessica Anderson,roger24@yahoo.com,001-408-569-6045x71201,"494 Ramirez Island, New Kevin, DC 39501",7/21/1979,Consultant,Education,Unknown,SMS,79975.13,6/9/2024
CUST2410,Meredith Wright,rebeccadunlap@french-foster.com,995-618-8284,"63822 Campbell Locks Apt. 380, Lake Shannonchester, AZ 69666",12/4/1981,Analyst,Manufacturing,Website,Phone,80265.26,3/24/2025
CUST1270,Jennifer Cook,morsemarc@mooney.org,8279276939,"495 Kylie Key, Wilsonshire, IA 53346",3/3/1980,Consultant,Finance,N/A,Email,43370.28,1/26/2025
CUST1600,Chelsea Cobb,hmitchell@yahoo.com,218-088-4273,"0752 Alex Pines Apt. 355, Barbarafort, OK 59202",5/26/1962,Technician,Manufacturing,Referral,,73762.71,10/23/2024
CUST8198,Heather Weiss,trivers@escobar.net,001-010-143-1800x597,"03126 Sarah Isle, West Lisaport, CA 48832",5/4/1981,Engineer,Healthcare,Email Campaign,Phone,134731.3,4/25/2025
CUST9720,Jamie Jones,alanmassey@rubio.org,082-430-3027x36717,"5544 Wilson Grove, Hansenmouth, IN 71759",12/26/1988,Analyst,Education,N/A,Phone,113388.71,12/3/2024
CUST4682,Kevin Knox,christopher37@hotmail.com,+1-415-716-1850x38346,"27863 Heather Roads, Greenfurt, WY 23955",4/16/1986,Engineer,Finance,N/A,,102429.41,3/31/2025
CUST7717,Phillip Hartman,ypeck@gmail.com,(482)718-3635,"1534 Armstrong Ports Apt. 346, West Saraland, MN 28238",12/19/1996,Director,Technology,Email Campaign,Phone,69228.22,8/12/2024
CUST7729,Barbara Brown,ralvarez@meyer.com,###-###-####,"Unit 7118 Box 6219, DPO AP 26071",9/3/1972,Engineer,Healthcare,Social Media,Phone,41076.13,11/3/2024
CUST9833,Christopher Anderson,taylordawn@hotmail.com,2477097284,"USCGC Page, FPO AE 73251",11/21/1982,Manager,Technology,Website,,60048.09,8/22/2024
CUST8204,Mary Miller,pdowns@massey.info,601.292.7835,"78863 Smith Freeway Suite 218, Port Samanthaton, IL 86630",8/9/1988,Consultant,Education,N/A,Phone,35282.02,8/30/2024
CUST6263,Jennifer Bond MD,bakertrevor@gmail.com,021-324-2033,"232 Meagan Place Suite 184, Petersonview, TN 31512",12/27/2003,Manager,Finance,Event,SMS,21587.01,9/23/2024
CUST1573,Sherry Reyes,garzakyle@best-gibson.net,+1-570-506-2812x229,"PSC 0689, Box 2798, APO AP 04515",7/5/1969,Consultant,Manufacturing,Unknown,Email,99037.91,10/6/2024
CUST8614,Samuel Holloway,nicolefernandez@keller-conrad.com,001-300-669-3597x51649,"Unit 0920 Box 7920, DPO AE 90612",6/24/1955,Manager,Healthcare,Event,,78986,7/31/2024
CUST3372,Amy Johnson,allenkristen@mckay.biz,+1-914-657-4548x4203,"1017 Anna Forks, Matthewborough, SD 03339",6/21/1959,Engineer,Manufacturing,Event,Email,51812.71,6/3/2024
CUST9488,Nicole Todd,stephensdawn@yahoo.com,276-631-6673x03093,"23570 Amanda Wall, Christopherbury, MT 21092",10/5/1977,Analyst,Manufacturing,N/A,Phone,26359.44,9/22/2024
CUST4981,James Brown,harrynguyen@hotmail.com,(024)270-2454,"63163 Mcmillan Squares, South Christopherfort, DC 64001",7/27/1979,Engineer,Technology,Social Media,Email,38898.67,10/4/2024
CUST1748,Vincent Kaiser,wmoses@hotmail.com,276.259.8715x89602,"57951 Eric Rest Suite 880, Traciberg, VT 88923",9/28/1979,Technician,Manufacturing,Unknown,SMS,63044.44,12/22/2024
CUST9078,Nicholas Johnson MD,gregorypadilla@gmail.com,943.879.6244x8268,"Unit 6923 Box 9619, DPO AA 25065",11/16/1954,Engineer,Finance,Email Campaign,Phone,40973.58,1/29/2025
CUST8919,Benjamin Benson,alanmarshall@hotmail.com,072.800.8504x93936,"6362 Hill Harbor Apt. 823, Thompsonside, OR 36474",4/23/1957,Director,Technology,N/A,Phone,145618.12,2/5/2025
CUST5576,Brian Peterson,carrieroberts@yahoo.com,(022)579-0015x0204,"USNV Johnson, FPO AP 84168",8/24/1996,Director,Education,Website,Email,119906.56,9/8/2024
CUST4822,Maria Walker,reynoldsdavid@davis.net,686-224-8180,"610 Derrick Hill, Jonathonfurt, VA 92329",5/25/1964,Analyst,Retail,Unknown,Email,118597.46,11/11/2024
CUST1190,Lori Wells,christopherwright@gmail.com,+1-624-023-8706x767,"11733 Amy Garden Apt. 154, Port Brandy, CA 68745",11/21/1995,Engineer,Education,Email Campaign,Phone,35863.02,11/28/2024
CUST5036,Jennifer Hughes,collinselizabeth@hotmail.com,268.153.2596x89071,"67634 Francis Tunnel Apt. 671, Port Carolynside, NJ 20459",7/5/2004,Analyst,Manufacturing,Email Campaign,Phone,110457.83,11/17/2024
CUST3650,Michelle Hunt DVM,sarah20@yahoo.com,632.425.4697,"36980 Kayla Crossroad Suite 593, Floresshire, AL 51075",4/2/1995,Engineer,Finance,Event,Email,82876.19,9/21/2024
CUST7167,Brian Parker,bakernathan@hotmail.com,472-520-3124,"0679 Breanna Lodge Suite 824, South Nathanielbury, AZ 16544",8/19/1966,Director,Technology,Social Media,,99149.8,4/11/2025
CUST3239,John Chung,stewartaaron@gmail.com,323-735-1885x772,"94696 Theresa Mount, South Zacharyfort, IA 71577",8/22/1961,Analyst,Manufacturing,Event,SMS,140523.7,2/4/2025
CUST8239,Victoria Guerrero,teresa37@anderson.com,001-838-446-2416x145,"0964 Herman Cliffs Suite 825, Lake Toddshire, ND 55657",2/24/1972,Director,Retail,Event,,84025.58,7/15/2024
CUST6579,Kevin Lara,rachelfisher@hotmail.com,+1-993-649-7781x271,"06592 Johnson Station, West Kimberly, CA 82378",8/24/2000,Director,Healthcare,N/A,SMS,147303.5,10/10/2024
CUST5447,Kenneth Richards,sarapeters@tucker.org,375.487.6070,"546 Clayton Crescent Suite 647, North Mary, PA 13860",4/22/1979,Engineer,Finance,Email Campaign,Email,115870.89,11/17/2024
CUST4836,Melanie Nelson,carolyn75@hotmail.com,441-600-5648,"1060 James Shores Apt. 634, North Christopher, HI 81858",1/4/1989,Director,Retail,Email Campaign,Email,63392.99,3/21/2025
CUST2516,Kimberly Miller,wsingleton@hotmail.com,(630)977-4730,"USNS Mays, FPO AE 62127",10/3/1981,Technician,Healthcare,Website,Phone,109702.22,1/8/2025
CUST1265,Cassandra Terry,jgonzalez@yahoo.com,539-562-5902x086,"030 Tucker Ports, Shannonland, CA 72720",9/11/1966,Engineer,Education,Social Media,SMS,119714.24,7/10/2024
CUST4206,Tiffany Flores,starkheather@gay.com,221-835-3376x52342,"PSC 8975, Box 6417, APO AA 55488",6/9/1984,Technician,Education,Social Media,,114171.56,10/20/2024
CUST3272,David Hill,sandra38@mitchell.biz,807-669-7567,"7995 Samantha Common Apt. 376, Kochshire, MS 43321",10/2/1988,Engineer,Healthcare,Referral,SMS,128397.29,11/25/2024
CUST1303,John Stone,shart@miller.com,420.996.9675x1510,"55312 Anderson Streets Suite 055, East Samuelton, CA 71603",12/8/1966,Consultant,Retail,Unknown,Email,103934.79,1/21/2025
CUST7555,Nathan Wilcox,laura36@wood.net,(587)794-0121x67586,"90264 Sanford Burg, Connorhaven, ND 84108",10/11/1997,Manager,Technology,Email Campaign,SMS,80121.11,3/17/2025
CUST7682,Matthew Jackson DDS,aolson@hotmail.com,001-597-176-7016x3935,"48184 Casey Manor, Port Jeremy, ND 73809",7/19/1963,Technician,Finance,Unknown,SMS,93442.54,5/26/2024
CUST1480,James Greene,hestermichael@gmail.com,001-002-511-2053x4996,"174 Brian Curve Apt. 930, Crystalmouth, ND 39517",6/9/1982,Analyst,Manufacturing,Event,Email,47074.12,11/30/2024
CUST3214,Joanna Stephens,butleramanda@perez.org,001-241-841-7684x665,"437 Makayla Lodge Apt. 341, Mariechester, CO 16472",4/19/1988,Analyst,Education,Website,Phone,56459.8,8/22/2024
CUST3570,Michelle Gillespie,georgecaldwell@gmail.com,899.823.1844,"29105 Strong Mount, Port Emily, NY 66024",9/22/1990,Analyst,Retail,N/A,Phone,94227.61,8/26/2024
CUST3067,Larry Ward,susanforbes@hotmail.com,555.751.9027x309,"2290 Jonathan Plaza, Lake Christineborough, WI 95082",8/2/1979,Manager,Manufacturing,Website,SMS,111684.6,10/6/2024
CUST4074,Ruben Flores,dennis24@frost.net,(125)868-5791x282,"113 Danielle Dale, Tylerburgh, NJ 99423",5/2/2001,Technician,Finance,Social Media,,31283.71,6/27/2024
CUST2944,Robert Hebert,baueramanda@walton-adams.com,638.348.6728x526,"256 Jeremy Mall Apt. 601, Darlenetown, NV 74337",3/1/1987,Analyst,Retail,Unknown,SMS,48098.18,7/30/2024
CUST4220,Tara Bolton,zstephens@hotmail.com,001-104-503-8098x65465,"025 Griffin Crossroad Suite 388, North Wayneborough, AL 78981",2/11/2005,Manager,Finance,Social Media,Email,121112.75,1/18/2025
CUST4741,Mary Delgado,icox@smith-fuller.net,(629)083-6894x57710,"6336 Dustin Shore, Schneiderport, NM 39294",11/17/1971,Consultant,Manufacturing,Website,,137644.25,10/3/2024
CUST4757,Robert Estes,brownchristopher@gmail.com,001-152-170-1139x2305,"641 Tabitha Plaza, East Jamie, CA 14236",1/29/1965,Manager,Education,Email Campaign,SMS,120819.32,2/2/2025
CUST8442,Lisa Williams,gomezstephen@hotmail.com,039-584-6071x60130,"53850 Bethany Harbors, North Emily, AR 54224",8/4/1982,Engineer,Manufacturing,N/A,Phone,46674.32,3/6/2025
CUST4906,Andre Contreras,shelly61@gmail.com,5345641864,"USCGC Weber, FPO AA 94774",10/12/1989,Consultant,Retail,N/A,Email,20534.28,3/6/2025
CUST4934,Deborah Smith,sara75@gmail.com,+1-692-240-2154x9535,"5582 Johnson Summit Apt. 545, Lake Christopher, HI 65646",2026-15-45,Technician,Manufacturing,Unknown,Email,63327.67,5/27/2024
CUST7018,Ryan Johnson,danaschneider@rowe.info,423-854-3993,"7531 Patricia Extensions Suite 671, East Lisa, ID 39020",1/26/2007,Engineer,Manufacturing,Unknown,SMS,22922.43,7/21/2024
CUST8775,Dennis Underwood,nashgordon@johnson.com,010.939.0106,"555 Mariah Greens, South Craig, TX 11470",8/4/1967,Technician,Healthcare,Social Media,Phone,45030.93,11/26/2024
CUST5927,Kyle Thompson,brandy73@gomez.com,057.767.9702x17713,"3812 Jeff Ramp, North Eric, IL 16529",1/19/1969,Director,Education,Unknown,,107246.13,7/6/2024
CUST4927,Kevin Wood,lherrera@bryant.com,(295)774-4189x15037,"503 Jodi Groves Suite 081, Perezfurt, NY 35176",12/20/1957,Manager,Healthcare,Social Media,Email,21983.37,3/12/2025
CUST6655,Jake Ward,mitchellmatthew@gutierrez-mcneil.com,293-397-3561,"77548 Jose Prairie Suite 623, West Alexander, MT 72279",9/19/1958,Director,Manufacturing,Website,Phone,90528.73,2/24/2025
CUST1491,Stephanie Crawford,newmanbryan@rodriguez.com,710-254-3423x37859,"4696 Holly Knoll Suite 532, Porterton, NC 51926",1/21/2000,Analyst,Education,Referral,SMS,94630.78,8/23/2024
CUST6955,Sara Gonzales,stevenpayne@wilson-brown.com,676-548-6230,"627 Jennifer Mountain, New Anna, IN 60551",1/19/1975,Engineer,Education,Event,SMS,90275.02,7/23/2024
CUST2978,Debra Roberson,lesliewolfe@gmail.com,-2700,"000 Stephens Mission, West Rebekahstad, MO 29640",10/4/1999,Manager,Finance,Email Campaign,Email,33770.5,10/28/2024
CUST7851,Christopher Santiago,xtaylor@gmail.com,095-480-5747x34334,"921 Matthew Forges, North Tammytown, HI 81036",4/22/1994,Engineer,Retail,Email Campaign,Phone,111608.09,11/14/2024
CUST5771,Eric Stout,ortegabrooke@hotmail.com,545-286-1172x64731,"724 Pamela Terrace Suite 559, Port Jessica, TN 33378",3/3/1971,Technician,Technology,N/A,,100120.99,8/24/2024
CUST1934,Dana Serrano,nataliemiranda@hampton.com,703.143.2063,"89326 Watson Manors Apt. 985, New Adrian, GA 64301",4/30/1975,Analyst,Healthcare,N/A,Email,146578.65,9/24/2024
CUST8005,David Russell,ronald61@yahoo.com,+1-062-232-6056x68988,"3774 Owens Meadows, Port Audreytown, WY 50165",4/9/2003,Director,Healthcare,Website,,32644.19,1/14/2025
CUST5150,James Travis,amandamcgee@yahoo.com,-5504,"USNS Walsh, FPO AP 45988",11/20/1969,Technician,Technology,N/A,,81170.96,6/26/2024
CUST3803,Ashley Whitehead,adrianasmith@gmail.com,612.113.4114x226,"206 Phillip Coves, North Christopherborough, CA 64795",10/27/2002,Manager,Manufacturing,Social Media,SMS,70970,7/23/2024
CUST2120,Linda Price,james26@odonnell-bray.net,620.918.0469x77284,"24172 Douglas Mall Apt. 538, Port Seanville, SC 40382",2/17/2005,Technician,Education,Unknown,SMS,78926.8,9/2/2024
CUST6439,Daniel Martinez,theresa54@garrison.com,563.047.4042,"USNV Parker, FPO AE 32844",8/29/1997,Engineer,Retail,Website,SMS,82224.77,4/22/2025
CUST1644,Elizabeth Smith,tmatthews@davis-park.biz,001-678-969-3246x782,"Unit 3159 Box 0971, DPO AE 56554",11/11/1970,Analyst,Education,Event,Phone,86033.46,9/4/2024
CUST9470,Brian Miles,allennewman@floyd.com,001-875-575-3872x20314,"589 Moore Field Apt. 661, Crawfordburgh, OK 35541",3/18/2000,Technician,Finance,Social Media,Email,123016.02,10/27/2024
CUST5326,Elizabeth Lewis,mackmartha@gmail.com,716-040-7479x09263,"26544 Brown Forge Apt. 698, Janetberg, WV 68318",12/3/1972,Consultant,Retail,Event,,51014.79,10/20/2024
CUST4679,Sylvia Harris,lawrencephillip@lane.com,149.402.0775,"PSC 7922, Box 0623, APO AE 43075",11/17/1986,Director,Healthcare,Email Campaign,,28587.79,3/27/2025
CUST8226,Jessica Adams,mmonroe@rivera.info,001-182-195-7684x6826,"PSC 8422, Box 7652, APO AE 25316",2/23/2006,Technician,Manufacturing,Email Campaign,,93737.46,6/2/2024
CUST1623,James Owens,moorejackie@adams.com,+1-343-872-9798x47674,"73216 Richard Curve Apt. 335, Dixonland, IN 96288",8/11/1989,Director,Technology,Referral,Phone,106139.59,3/7/2025
CUST4095,Jonathan Bryant,msingleton@yahoo.com,(754)671-2313,"391 White Mission, Tiffanyfort, OH 93192",4/15/1966,Technician,Technology,Event,,34861.97,8/5/2024
CUST8531,Rebecca Graham,vanessadunn@hotmail.com,626.041.1960,"85676 Lauren Tunnel Apt. 072, Lake Mary, IN 01622",3/6/1966,Consultant,Education,Event,Email,126863,6/7/2024
CUST7073,James Johnston,kevinthomas@baker-cooper.com,644.896.4594,"332 Scott Plain Suite 582, West Oscarside, KS 11685",8/7/1966,Analyst,Retail,Website,Email,109116.13,5/13/2024
CUST6073,Scott Powell,sandovalsteven@peterson.com,195-332-1977x23626,"20873 Jamie Springs, Gloriahaven, KS 52343",10/6/2005,Consultant,Education,Email Campaign,Email,31769.29,9/23/2024
CUST7687,Daniel Kramer,tamara09@yahoo.com,(029)393-6667x8415,"4988 Harris Centers Suite 837, West Kelly, GA 70503",11/19/1982,Director,Technology,Unknown,Email,118420.1,3/3/2025
CUST8490,Victoria Patrick,rlee@gmail.com,001-477-147-3151x725,"18737 Sean Lodge, Victorburgh, IL 21639",7/4/1958,Manager,Retail,Event,SMS,70697.75,11/19/2024
CUST4406,David Olson,kvalencia@gmail.com,+1-161-940-8721x787,"1823 Matthew Well, Rachelville, RI 49201",1/2/1962,Consultant,Healthcare,Referral,SMS,58965.59,8/23/2024
CUST2152,Kathleen Ramirez,brookspatricia@hotmail.com,289.308.8481,"37346 Edwin Mountain Suite 027, New Johnville, NC 52609",6/12/1995,Analyst,Retail,N/A,SMS,148737.6,2/28/2025
CUST5771,Christopher Mack,oeverett@gmail.com,(306)222-4407x59959,"0322 Edward Forest Suite 701, Ramireztown, DE 63600",11/11/1958,Engineer,Manufacturing,Event,,130192.78,6/27/2024
CUST7733,Jennifer Hudson,stantoneugene@gmail.com,-3158,"226 David Ways Apt. 765, North Juan, NM 84865",12/5/1990,Engineer,Education,Event,Email,20109.63,6/22/2024
CUST7806,Kathy Johnson,aweaver@hotmail.com,577-689-3183,"3455 Garrett Inlet, South Katiestad, AZ 90532",9/9/2004,Analyst,Finance,Unknown,SMS,132538.35,3/9/2025
CUST9855,Brenda Watson,zthomas@trevino.biz,-7385,"PSC 7183, Box 5995, APO AP 64677",8/14/1985,Consultant,Technology,Event,,101277.86,8/19/2024
CUST3845,Anne Gonzales,kristasalinas@yahoo.com,214-135-2740x2204,"7301 Richard Park Suite 151, Amytown, ME 56254",12/25/1979,Consultant,Retail,Email Campaign,,90865.44,1/30/2025
CUST5905,Teresa Garcia,thomas20@butler.org,278-351-2926x2793,"7652 Price Lake Apt. 285, Kaitlinville, KS 84151",7/14/1981,Manager,Retail,Referral,Phone,92204.81,7/24/2024
CUST5989,Michael Swanson,dawncarroll@good.com,001-316-303-5385x524,"219 Micheal Corners, West Jennifer, NV 28356",10/16/2003,Consultant,Healthcare,Social Media,Phone,37456.07,4/15/2025
CUST8741,Kristin Carter,davisronald@hotmail.com,+1-168-604-1785x5638,"9240 Ricky Mall, West Jonathan, NM 63632",4/28/1999,Technician,Finance,Referral,,105530.47,4/8/2025
CUST7973,Thomas Dean,patriciagardner@white.net,819.050.2602x3220,"0644 Raymond Ford Suite 954, Jennashire, NM 94464",5/29/1980,Engineer,Healthcare,N/A,,131819.86,3/14/2025
CUST7392,Louis Valencia,robert48@johnson.info,+1-166-387-6159x477,"470 Stephanie Pike Suite 950, Stephaniechester, ND 87769",10/31/1993,Director,Retail,Event,Phone,79071.27,11/12/2024
CUST3105,Deborah Green,erandall@yahoo.com,(600)127-7383x541,"2129 Anthony Curve Apt. 320, New Jennifer, VT 35900",8/3/1967,Director,Retail,Email Campaign,SMS,49346.32,12/24/2024
CUST4378,Melanie Owens,sophiavaldez@goodman.com,1417260810,"37539 Warren Ways Apt. 954, Tracyborough, LA 67816",12/8/1960,Director,Finance,Event,,130084.51,3/5/2025
CUST6040,Jaime Schneider,angel72@haas.com,001-964-589-3210x70980,"1292 Stephanie Throughway, Port David, NM 63031",8/20/1982,Technician,Manufacturing,Social Media,,140453.38,1/3/2025
CUST4955,Leonard Johnson,alejandrobauer@harris.com,882.763.5786x0914,"1534 Nicholson Ridges Suite 231, Lake Heatherland, UT 29121",8/12/1959,Analyst,Finance,Website,,111634.73,2/24/2025
CUST7219,Adam Davis,brian59@hill.com,992627674,"962 Cole Fields, South Stacyberg, SC 37353",7/3/1973,Director,Retail,N/A,Email,38471.37,4/4/2025
CUST3439,Holly Singleton,lindsey66@hotmail.com,(310)017-7151x9054,"3487 Barnes Port Suite 803, South Dylanhaven, KS 14418",10/8/1990,Director,Education,Email Campaign,Email,88036.38,3/24/2025
CUST1692,Jillian Smith,garciaashley@gmail.com,788-434-8527x1906,"0532 Manning Spring Suite 489, Clarkfort, NV 46502",4/8/2000,Engineer,Healthcare,Email Campaign,Email,108929.62,5/21/2024
CUST2846,Brittany Perez,imartin@gmail.com,991-391-0464,"053 Connie Loaf, South Jessicaborough, IA 82950",8/14/1962,Director,Education,Event,Email,137466.09,3/4/2025
CUST9377,Leah Mitchell,scott12@gmail.com,707.176.9094,"1093 Gabriel Passage, Port Kathleen, ND 05892",1/8/1977,Engineer,Retail,Email Campaign,,94615.49,1/31/2025
CUST2292,Tanya Hill,framirez@scott.net,+1-026-458-9081x11908,"10729 Nicholas Route, Justinburgh, FL 78542",8/27/1985,Consultant,Education,Unknown,SMS,57597.1,1/25/2025
CUST7549,Beverly Morales,phunt@wright.com,001-824-429-9066x671,"90995 Leslie Valley Suite 905, Kathymouth, NV 98536",11/6/1974,Technician,Manufacturing,N/A,SMS,114506.32,9/26/2024
CUST3609,Jennifer Bailey,iluna@hotmail.com,(117)643-0216,"46561 Holmes Estate Suite 421, Hinesborough, MT 69985",2/18/1987,Analyst,Finance,N/A,,95158.34,5/31/2024
CUST1152,Amy Kim,charles11@gmail.com,+1-087-878-8800x039,"527 Megan Corner Apt. 157, Berryville, ND 27295",6/28/1958,Engineer,Technology,Social Media,Email,57286.04,12/15/2024
CUST7553,Tamara Wolfe,claudia37@stone.com,360-550-4075x350,"53850 Donna Knolls, Rebekahton, MI 80239",11/7/1967,Manager,Manufacturing,Website,SMS,52766.63,7/3/2024
CUST5817,Timothy Brown,anthony68@ford.com,972-057-6242x614,"35126 Rivera Junctions Suite 425, Hermanfort, DE 53899",10/1/1977,Analyst,Education,Unknown,SMS,21846.39,1/7/2025
CUST7052,Annette Hughes,msmith@hotmail.com,065.095.1797x5464,"042 Weber Station, Lake Andrewhaven, DC 03804",2026-15-45,Director,Healthcare,Event,Phone,105690.23,2/11/2025
CUST5389,Nicholas Combs,smithshawn@juarez-mckay.com,001-812-120-7708,"57561 Veronica Radial, Richardsonshire, NM 64747",12/5/1962,Manager,Education,Unknown,Phone,83039.41,9/24/2024
CUST5065,Brian Carpenter,zbailey@luna.biz,835-210-2949x6627,"033 Virginia Springs, New Patriciachester, NH 48914",5/20/1961,Engineer,Education,Website,Phone,97420.73,3/19/2025
CUST2611,Ronald Jackson,markwatkins@hotmail.com,-7602,"3970 Mason Crest Suite 312, Lake Brendahaven, PA 64172",12/18/1985,Consultant,Retail,Unknown,,50933.17,11/18/2024
CUST4680,Mary Ford,gonzalezkathleen@yahoo.com,(928)024-8075x0604,"Unit 1804 Box 6086, DPO AP 61363",1/13/1963,Technician,Technology,Referral,Phone,95108.46,8/24/2024
CUST8580,Angela Harris,veronicabishop@jones.com,801.718.9619x00161,"706 Mary Brooks Suite 917, West Franklin, TN 65592",10/2/1983,Engineer,Technology,Social Media,Email,26828.02,12/19/2024
CUST3181,Ashley Dickson,linda30@yahoo.com,+1-352-904-3116x510,"82468 Cindy Roads Suite 033, East Cody, ME 59150",6/14/1986,Consultant,Retail,Social Media,,116999.57,7/24/2024
CUST5662,Brian Vazquez,smithryan@smith.net,745.676.5806,"USNS Morgan, FPO AP 43464",8/4/2004,Director,Healthcare,Email Campaign,,81696.65,5/28/2024
CUST6906,Cody Frank III,vvasquez@hotmail.com,286.675.2648,"58001 Susan Fields, East Brian, NM 04483",3/10/1999,Director,Retail,Website,SMS,140538.93,8/14/2024
CUST3069,Nancy Sanchez,shill@gmail.com,832-750-5800x38577,"USCGC Wilson, FPO AP 35115",2/10/2002,Consultant,Technology,Social Media,Email,32657.36,5/25/2024
CUST8804,Christopher Young,ramosalexandria@hotmail.com,(549)060-0149x56876,"7348 George Plain, Port Jamiestad, CA 28015",3/24/2002,Technician,Education,Unknown,,99363.12,2/4/2025
CUST2396,Jeremy Gonzalez,pdalton@gmail.com,998.927.5079,"673 Douglas Stravenue Apt. 738, Justinberg, KY 61337",12/22/1966,Analyst,Education,Social Media,SMS,124301.13,12/6/2024
CUST2459,Pamela Williams,richardhumphrey@key-spencer.com,007-444-9608x0215,"194 Joshua Mission Suite 066, Vincentfurt, IN 22067",7/19/2003,Technician,Manufacturing,Email Campaign,,120509.63,12/8/2024
CUST2585,Thomas Pope,wilkinschristopher@hotmail.com,001-008-914-0396x218,"5308 Graves Pines, Chanmouth, MT 23826",3/6/2000,Manager,Technology,N/A,Phone,87593.8,11/22/2024
CUST3503,Mrs. Kimberly Huff MD,lisa39@kidd.biz,056-356-8735,"8243 Cheyenne Knolls Suite 176, Keithtown, MS 68543",6/1/1996,Technician,Healthcare,Social Media,Email,107464.24,7/6/2024
CUST5847,Dr. Michelle Moore MD,charles89@ibarra-wallace.com,556-724-2532x6476,"8570 Erica Mountains, Port Angela, KY 86550",11/1/1997,Engineer,Retail,Website,Email,109114.94,12/30/2024
CUST2288,Laura Turner,lori97@gmail.com,586-827-8739,"USCGC Delgado, FPO AP 87503",5/26/1959,Manager,Technology,Social Media,SMS,45100.34,1/25/2025
CUST6904,Crystal Freeman,cynthia11@hotmail.com,064-361-5861x7931,"94585 Reilly Estates Apt. 090, New Heatherborough, WY 28063",4/4/1960,Director,Finance,Website,Phone,143563.56,11/25/2024
CUST5085,Shaun Murray,dylanpena@trujillo-hill.com,+1-495-814-4835x556,"26039 Cortez Gateway Apt. 381, Port Rachelbury, MO 25848",12/25/1964,Engineer,Technology,Website,Email,131337.31,8/29/2024
CUST9200,Brittney Irwin,fhunter@gmail.com,446.757.6252x25579,"PSC 3223, Box 0704, APO AP 21084",2/1/1977,Consultant,Technology,Unknown,Phone,136480.21,6/21/2024
CUST3973,Daniel Pitts,lheath@gmail.com,497.093.7194x114,"3564 Foster Brooks, Yoderton, WV 23143",4/3/1985,Manager,Education,Social Media,,105862.12,5/12/2024
CUST4387,Melissa Dawson,david44@hotmail.com,534-456-5658x10594,"68508 Gonzalez Trail, East Heathermouth, OR 26307",10/26/1976,Technician,Retail,Social Media,,109988.79,5/28/2024
CUST6377,Michelle Curtis,fernando44@yahoo.com,445.068.6422x474,"USNV Palmer, FPO AE 32313",7/31/1956,Analyst,Education,Referral,Email,56047.37,1/9/2025
CUST9816,Jordan Anderson,thomasrichard@miller-rich.com,630-258-8014,"556 Amy Prairie Apt. 820, Jonesmouth, LA 99411",2/12/1956,Consultant,Retail,Social Media,Email,53571.02,8/5/2024
CUST9757,Kelly Lynch,scottalison@gmail.com,155.104.8651x7059,"02675 Jason Ridge, Garciaberg, MN 17550",1/29/1996,Manager,Retail,Website,,147324.86,11/15/2024
CUST5778,Matthew Jensen,dbanks@gmail.com,(549)154-3957x2829,"8231 Amanda Parkway, Nguyenville, LA 34206",10/16/1959,Director,Retail,Referral,,34095.96,8/5/2024
CUST1269,Gregory Alvarez,michaelgreene@yahoo.com,(311)448-9959,"85828 Smith Stream, Thomastown, OR 02107",6/25/2004,Consultant,Healthcare,Event,Email,138639.2,12/31/2024
CUST2180,Brian Davis,thompsonkelly@moore.info,+1-286-782-6417x4735,"537 Young View, Clarktown, RI 74389",11/5/1962,Analyst,Finance,Website,Email,29153.6,12/6/2024
CUST7106,Deborah Carpenter,coopermatthew@yahoo.com,(022)300-0846x9828,"49965 Hogan Villages Apt. 435, West Josephton, WV 46697",6/6/1976,Analyst,Retail,Website,,39351.06,1/11/2025
CUST2120,Henry Cordova,justin70@walker.info,(504)372-6629,"86628 Walker Vista, Amandaville, MO 46377",1/14/1991,Engineer,Finance,N/A,,54636.74,1/9/2025
CUST3916,Kathleen Henderson,jerryhernandez@aguilar.com,-4001,"PSC 1346, Box 7454, APO AE 20170",12/12/2002,Analyst,Retail,Event,Email,86999.79,11/25/2024
CUST2612,Brandi Smith,lschroeder@marshall.com,(946)567-0632x1048,"95401 Albert Isle, Sarahburgh, NJ 57828",7/7/1991,Consultant,Retail,Email Campaign,Email,90216.73,5/31/2024
CUST3460,Victoria Chen,warddanielle@hotmail.com,235-089-3029,"12316 Crawford Burg, Lake Brandon, TX 91521",7/20/2000,Consultant,Technology,Unknown,,35756.47,7/7/2024
CUST8965,Adam Drake,christine25@lee.com,5898581385,"8532 Harris Inlet, New Denisetown, UT 64194",12/7/1964,Analyst,Education,N/A,SMS,72079.92,12/7/2024
CUST6296,Lauren Turner,zgreene@yahoo.com,824.164.9642,"PSC 7193, Box 4010, APO AP 89644",7/23/1996,Technician,Finance,Social Media,SMS,30459.38,5/17/2024
CUST2005,Julia Price,vortiz@carrillo.net,410.929.3219x4416,"7531 Theresa Village Apt. 476, North Markchester, PA 96831",1/30/1999,Analyst,Technology,Referral,Phone,92081.81,9/25/2024
CUST1907,Curtis Guzman,edwardthompson@boyer.com,523-543-4763x63960,"581 Jason Extension Suite 625, Christensenmouth, WY 80103",3/4/1978,Technician,Healthcare,Social Media,,136539.89,11/1/2024
CUST3699,Kenneth Morrison Jr.,melissadavis@wagner-ellis.com,+1-032-013-1667x02364,"07996 Christina Point, North Brandonside, VT 55736",8/15/1998,Technician,Education,Email Campaign,Email,135077.84,5/15/2024
CUST4447,Bobby Carroll,maciasbrandon@hotmail.com,001-896-192-3246,"01647 Schultz Wall Suite 603, West Alexandra, MO 24527",7/2/1971,Technician,Healthcare,Referral,Email,45102.05,5/18/2024
CUST1224,Morgan Koch,isaiah96@frazier.com,730396283,"717 Anthony Lane, West Michelemouth, NH 29323",7/21/1980,Director,Healthcare,Email Campaign,,28189.04,7/22/2024
CUST1000,Dorothy Tran,iruiz@hotmail.com,242.731.1687,"41981 Mandy Inlet Apt. 538, Rhondashire, RI 75960",7/22/1984,Technician,Education,Email Campaign,,145654.64,12/26/2024
CUST8410,Rachel Martin,stephenhall@gmail.com,719-216-3145x17827,"41622 Morgan Shores, West Andrewbury, IL 14952",4/24/1976,Engineer,Education,Website,SMS,122411.21,8/6/2024
CUST8542,Brittany Hodges,wyattpamela@hotmail.com,074.988.3004x58746,"4968 Jackson Trace, East Nicholas, DC 14286",8/25/1961,Consultant,Finance,Referral,,142211.67,6/17/2024
CUST9415,Steven Gallegos,boydsydney@snow.com,+1-307-510-0052x86196,"91211 Warren Lodge Apt. 260, Danielberg, KY 15856",9/18/1954,Manager,Technology,Event,Phone,140226.06,5/29/2024
CUST8646,Gina Avila,collinskim@yahoo.com,001-034-312-8607x43509,"036 Figueroa Keys Suite 577, Hardyburgh, CO 29004",10/19/1969,Technician,Healthcare,Email Campaign,Email,81258.55,9/3/2024
CUST9391,Courtney Ward,joanndaniels@gmail.com,001-692-483-8654x43848,"7775 Pamela Center, Johnsonmouth, IN 98847",9/15/1976,Engineer,Healthcare,N/A,Phone,21867.48,8/11/2024
CUST8423,Nicholas Foster,lbrown@hotmail.com,(756)908-8484,"564 Mack Inlet Suite 814, Kimmouth, IN 55095",12/2/1972,Engineer,Education,Unknown,Email,79304,5/8/2024
CUST4754,Alyssa Weaver,tstuart@pittman.com,706-522-1334x90747,"3540 Moore Plain, Russellview, VA 69549",3/10/1982,Director,Finance,Unknown,Email,34843.36,10/24/2024
CUST9463,Alexandria Williams,williamsmarilyn@gmail.com,209-598-1935x814,"660 Atkinson Passage Suite 253, North Brandichester, OK 64531",1/3/1997,Director,Healthcare,Website,Phone,75407.49,12/31/2050
CUST1682,Nicholas Hughes,kjohnson@gmail.com,021-181-1590x2955,"9677 Taylor Summit, Larryhaven, IL 34428",11/13/1982,Technician,Retail,Social Media,Email,146860.93,7/9/2024
CUST1212,David Lester,stephen87@wong-weaver.com,767.087.3821,"USS Landry, FPO AP 09221",9/19/1986,Director,Healthcare,Social Media,Phone,119349.62,2/20/2025
CUST2853,Kevin Williams,garzabonnie@gmail.com,+1-868-629-9049x64648,"710 Baldwin Estates Suite 942, Port John, TN 21597",5/28/1977,Manager,Education,Website,Email,55606.14,3/17/2025
CUST8165,Amy Romero,lauracarter@kelley.com,076.792.3078,"1435 Mary Lane, Barnesborough, DE 37650",5/22/1963,Manager,Technology,Social Media,Phone,77025.96,6/21/2024
CUST1148,Manuel Bowen,stephaniestark@gmail.com,173.135.3727x9574,"448 Michael Park, North Jacobburgh, KS 93572",7/12/1978,Engineer,Healthcare,Website,,121096.01,6/24/2024
CUST4197,Todd Ewing,emilyclark@christian.info,001-363-122-1231x34447,"6562 Brianna Avenue Apt. 785, West Sonya, WI 15830",10/24/1979,Consultant,Finance,Website,Email,43323.67,2/5/2025
CUST1071,Dana Taylor,aimee95@bridges-carlson.com,001-860-489-7073x070,"1830 Abigail Ways Suite 903, Drakehaven, UT 27325",11/3/1973,Technician,Technology,Event,SMS,74108.89,8/24/2024
CUST4689,Kimberly Barajas,wdaniels@gmail.com,+1-303-916-4769x160,"27507 Wilson Stream, Hernandezville, TN 34924",11/18/1956,Technician,Healthcare,Referral,Phone,103177.34,11/10/2024
CUST1665,Mary Nunez,jason60@martinez-hooper.info,001-443-251-1438x83280,"587 Beth Freeway, Petersonport, PA 63982",4/26/1970,Consultant,Retail,Referral,Phone,99369.94,2/27/2025
CUST5895,Joseph Castro,deanna98@maldonado.com,162.676.3459x5884,"USCGC Jones, FPO AA 36407",2/6/1983,Director,Healthcare,N/A,,99566.48,5/3/2024
CUST8606,Jon Campbell,vanceaaron@hotmail.com,001-459-489-7623x454,"Unit 7061 Box 0931, DPO AE 99875",4/19/1991,Technician,Education,Social Media,,20594.11,8/21/2024
CUST5236,Christopher Olson,yblack@yahoo.com,+1-624-365-2486x42464,"126 Shelton Passage Suite 218, Sanfordburgh, NH 18991",10/11/2004,Manager,Finance,Event,Email,100459.72,9/28/2024
CUST8995,Charles Boyd,michaeldaniels@nguyen-perez.com,275.016.3165x13958,"7576 Marshall Ranch, Garrettview, AR 68410",1/9/1960,Director,Healthcare,Email Campaign,Phone,55935.46,1/4/2025
CUST2695,James Bond,bradleymccarthy@sanchez-reynolds.info,001-055-700-3644x948,"44376 Carol Fort Apt. 610, Marshview, TN 89222",11/19/1982,Engineer,Healthcare,N/A,,84676.93,9/10/2024
CUST8690,Laura Walsh,denise32@yahoo.com,716-561-6556x16694,"2910 Darryl Ports Apt. 035, Port Lauren, IL 31836",6/28/1995,Technician,Finance,Website,SMS,57058.39,4/7/2025
CUST8413,Collin Brooks,zwhite@williams.com,096.252.9708,"53656 Kelly Pines Apt. 357, South Christianside, DE 04017",3/12/1996,Analyst,Education,Event,,25631.27,6/26/2024
CUST2220,Robert Price,jason73@dunn-johnson.org,(827)308-1431x39040,"9608 Wright Plains, Lake Melanie, IL 90535",2/14/1992,Engineer,Manufacturing,Referral,Phone,122113.96,6/14/2024
CUST7238,Nicholas Castro,ichambers@gmail.com,(848)037-6821x8421,"73444 Anthony Dam Suite 573, Whitneyshire, LA 42142",10/21/1997,Director,Finance,Website,Phone,113782.4,10/17/2024
CUST6615,Amanda Nixon,whitefrank@knight.info,+1-269-216-5616x676,"539 Sandra Manor Apt. 695, Kellyside, MI 68799",6/23/1996,Director,Education,Email Campaign,Phone,117121.28,9/4/2024
CUST2590,James Jenkins,andrew21@hotmail.com,751-632-4473,"180 Lee Trafficway, New Robert, DE 95745",8/27/1988,Manager,Finance,Social Media,Phone,32748.34,9/8/2024
CUST1393,Mary Patton,michael52@thomas-reed.com,119.465.4405x3473,"403 Stephanie Place, North Frederick, AL 08757",7/21/1964,Consultant,Healthcare,Email Campaign,Phone,29558.86,12/11/2024
CUST4051,Kathy Sanchez,paynemichael@gmail.com,8665257324,"USNV Stein, FPO AP 18855",9/10/1982,Consultant,Finance,Email Campaign,Phone,48101.47,11/18/2024
CUST1945,Jaime Munoz,qchang@bishop.com,001-447-266-6943x60656,"55773 Contreras Manor, Michaelbury, ME 07055",8/28/2000,Consultant,Healthcare,Email Campaign,SMS,37732.6,3/7/2025
CUST2300,Steven Wolf,zrichardson@gmail.com,547.431.9597x2919,"7306 David Fields Apt. 818, West Ryan, NM 35587",7/26/1978,Manager,Technology,Social Media,SMS,46287.42,1/5/2025
CUST1670,Levi Price,fwilliamson@gmail.com,774-575-6237x2851,"77863 Morgan Run, Lake Danielmouth, HI 04163",2/8/1980,Engineer,Technology,Event,Email,56478.54,5/9/2024
CUST9135,Cody Clark,woodsjodi@gmail.com,858.726.7724,"3004 Sheri Key Apt. 303, Jerryville, WA 80956",1/12/1990,Consultant,Retail,Email Campaign,Phone,118844.15,10/13/2024
CUST9691,Patricia Murphy,derekboyd@yahoo.com,001-619-745-8113x5014,"68138 Singh Curve, Williamport, NV 03508",9/3/1954,Analyst,Manufacturing,Referral,Phone,95155.79,2/24/2025
CUST9916,Michael Medina,stevendelgado@robinson.biz,6634793980,"193 Harris Dale Apt. 599, East Timothyberg, KS 29098",7/8/1967,Manager,Finance,Email Campaign,,132085.88,11/6/2024
CUST5247,Stephen Lee,qsimmons@ramirez-dyer.org,(592)692-3179x894,"99127 Rowland Place, Ruizshire, NE 43516",4/8/1972,Director,Retail,Unknown,,56292.21,2/11/2025
CUST8302,James Parker,tannerparker@kelley-wilson.com,427.172.2389x881,"467 Sonya Ford, Stevenbury, MD 21652",11/19/2004,Consultant,Technology,Unknown,Phone,52218.09,4/7/2025
CUST3826,Lisa Wilkins,davismichelle@rivera.org,180.252.7914x535,"132 Gallagher Neck, Tonyabury, WV 25634",4/27/1995,Director,Healthcare,Event,Phone,138788.11,8/15/2024
CUST6926,Jeffrey Watson,chadcarlson@chen-dixon.com,(372)859-9440x43365,"7028 Richard Rest Apt. 955, East Jack, NV 45824",8/31/1960,Consultant,Finance,Website,,115351.92,3/7/2025
CUST8261,Jillian Turner,markmullins@yahoo.com,(316)651-9263x6284,"886 Crystal Rue Apt. 052, Lake Catherine, SC 11682",6/9/1970,Engineer,Retail,Event,,82305.01,11/18/2024
CUST4785,April Adams,williamjenkins@hotmail.com,2115694847,"17253 Nelson Run, West Barryton, KY 63626",10/15/2001,Engineer,Retail,Email Campaign,Phone,30801.9,9/23/2024
CUST7496,Christian Sanford,pearsonbryan@mccall.org,313-681-5031x69922,"9672 Boyd Skyway Suite 148, West Thomas, MI 48039",6/26/1977,Engineer,Technology,N/A,,143491.41,4/20/2025
CUST7439,Elizabeth Flores,carlvillarreal@hotmail.com,+1-687-555-3882x56205,"USS Williams, FPO AA 34461",12/22/1972,Analyst,Education,Referral,Email,22070.92,11/8/2024
CUST5320,Alyssa Hodges,iwhite@hotmail.com,(683)238-1607x19218,"60472 Johnny Cliffs, New Stephen, UT 18252",10/8/1999,Analyst,Healthcare,N/A,,131529.87,2/9/2025
CUST9625,Tiffany Washington,ulevy@yahoo.com,761.818.4011x1135,"524 Todd Meadow, East Nicholasview, DE 53565",1/4/1978,Director,Finance,Email Campaign,,120338.55,8/26/2024
CUST9929,Robyn Barnett,janicebright@pittman-gomez.com,968.136.1875,"USCGC Jackson, FPO AP 59988",11/9/1984,Consultant,Healthcare,Unknown,SMS,101485.42,9/8/2024
CUST6730,Danielle Allen,dcooper@stevens-watson.com,001-907-422-8364x529,"034 Amanda Heights, West Robert, MT 38537",12/14/1984,Technician,Finance,Unknown,Email,70034.3,4/5/2025
CUST7981,Dominic Parrish,duane28@yahoo.com,(960)941-6657,"116 Kevin Walks Suite 267, South Bonnietown, OR 87439",5/21/1971,Analyst,Manufacturing,Website,SMS,75367.29,8/17/2024
CUST4091,Victoria Roberts,spencerdanielle@scott.com,185-621-4779x023,"919 Brian Burg Suite 093, Mollytown, MD 12839",7/28/1969,Technician,Manufacturing,Event,Phone,122399.94,6/16/2024
CUST2095,Curtis Schmidt,danielmartinez@gmail.com,001-345-086-1410,"9324 Robinson Cove, Garymouth, LA 31534",5/20/1998,Director,Education,N/A,Email,86915.74,10/12/2024
CUST1613,Sean Meadows,grossangela@roberson-henderson.com,522-186-9010x6277,"Unit 7123 Box 8589, DPO AA 03750",11/8/1999,Analyst,Finance,Website,,67526.81,10/10/2024
CUST3291,Carlos Alexander,nathanmendez@jones-jones.com,+1-697-364-9139x407,"455 Dale Place, New Carolyn, WY 90153",4/14/1978,Engineer,Education,Social Media,Phone,104262.45,10/26/2024
CUST2590,Michael Jenkins,stephaniegonzalez@gmail.com,(871)850-8710x145,"7040 Diana Mall Suite 956, Christopherchester, HI 77075",1/7/1956,Engineer,Manufacturing,N/A,Phone,37992.75,11/5/2024
CUST3928,Danny Sanders,katherine18@yahoo.com,177.764.8363x4975,"7214 Steven Extension Apt. 505, Edwinbury, AR 02513",3/3/1969,Manager,Manufacturing,Website,,115859.41,1/1/2025
CUST5387,Tanya Chavez,iwilson@yahoo.com,426-307-6207x2147,"16545 Flynn Trail, West Tony, WA 82595",3/8/1960,Director,Technology,Referral,Phone,61660.3,3/27/2025
CUST9935,Bryan Wiley,nelsonjacob@gmail.com,425.317.8527x8318,"1237 Christian Courts, Michaelhaven, WY 77467",1/12/2007,Director,Technology,Email Campaign,SMS,27079.8,9/24/2024
CUST5160,Ronnie Lang,fitzgeraldmichele@gmail.com,065.441.7865x6950,"8463 Lisa Stream, New Jennifer, TN 06155",4/3/1974,Analyst,Retail,Email Campaign,Email,81121.3,9/2/2024
CUST3814,James Carter,goodwinkaren@lewis.org,001-184-983-8359x779,"PSC 2125, Box 2577, APO AA 26269",12/8/1975,Technician,Manufacturing,Social Media,,100723.66,6/6/2024
CUST1606,Nicholas Evans,owilliamson@gmail.com,001-594-931-2708x7693,"9108 Howard Mountains, Garciamouth, ME 43932",9/8/1959,Technician,Finance,Referral,,31350.14,9/17/2024
CUST9330,Tanya Terry,gonzalesashley@gmail.com,001-306-834-5575x53360,"215 Kelly Loaf, Port Evanmouth, TN 37139",4/21/1992,Manager,Education,Website,Email,41419.61,7/11/2024
CUST1252,Charles Guzman,lindsay94@knight.com,870-331-3437x59965,"092 Little Pine, Lake Jamieland, MI 99243",5/29/1994,Technician,Healthcare,Email Campaign,Phone,133749.11,8/4/2024
CUST3814,Amanda Nguyen,annacox@yahoo.com,001-163-117-6877x75703,"36621 Charles Branch Suite 896, New Jose, OR 37503",7/13/1961,Technician,Finance,Social Media,,146044.7,3/12/2025
CUST2665,Jacqueline Walker,qbridges@gmail.com,(343)845-5537,"7754 Diana Plains Suite 396, Fletcherberg, ME 18167",5/27/2003,Manager,Retail,Social Media,,77701.81,3/3/2025
CUST7705,Nancy Martinez,cody92@hotmail.com,001-516-210-4819x254,"5510 Silva Walk Suite 215, Grayside, ND 26262",11/13/1989,Engineer,Education,Referral,Email,22864.76,1/21/2025
CUST4640,Manuel White,weissmaria@mann.com,323-529-0264x197,"040 Stephanie Glen, New Barbara, AR 05640",6/27/1966,Director,Technology,Social Media,,95231.6,12/22/2024
CUST9834,Maria Roberts,davidnelson@ramos-brown.biz,970-479-0605x2306,"59572 Rose Springs Apt. 242, New Danielmouth, GA 50047",3/15/1994,Technician,Education,Email Campaign,,79540.92,12/17/2024
CUST3274,Sean Smith,hendersonpriscilla@gmail.com,+1-026-019-2723x8517,"72574 Case Cliffs, West Marthaville, KS 83324",4/15/1964,Manager,Education,Referral,SMS,49481.65,12/15/2024
CUST4898,Victoria Nguyen,scott51@gmail.com,001-365-849-8215x5382,"63323 Reeves Pass, Robertmouth, KS 31230",4/1/2002,Analyst,Finance,Referral,SMS,56969.66,9/23/2024
CUST1004,Earl Gaines,timothyperez@fernandez-lawson.com,188.333.2480x91245,"953 Stephanie Inlet Suite 608, Leonardchester, MN 11929",2/26/1956,Director,Healthcare,N/A,SMS,43696.47,11/23/2024
CUST3348,Kristy Pittman,desireesmith@ray.org,449-032-2147,"87815 Dalton Well Suite 464, Wallmouth, VA 13957",3/23/1962,Technician,Technology,N/A,Phone,40963.11,8/14/2024
CUST3267,Susan Price,thompsonandrea@yahoo.com,478-212-9297x5278,"901 Elizabeth Corner Suite 232, Jacobside, ND 64172",2/14/1960,Engineer,Education,Event,Phone,-4017,8/8/2024
CUST8936,Mr. Daryl Burns,jeffrey76@yahoo.com,627-001-4688,"274 Kimberly Hollow, Chadport, MI 24652",11/24/1966,Manager,Healthcare,Event,Email,106521.93,8/3/2024
CUST3400,Claire Rocha,saragarrison@simon.org,537.313.6548x51542,"4345 Brent Tunnel Suite 307, North Phyllis, AZ 74859",5/5/2001,Manager,Education,Email Campaign,Phone,89373.58,8/29/2024
CUST6278,Brenda Rodriguez,patricia89@hester-lopez.info,158.077.3611,"6327 Angela Common Apt. 581, Zacharybury, VT 07696",10/19/1985,Engineer,Retail,Email Campaign,Phone,143212.58,7/17/2024
CUST2946,Robert Garcia,xsharp@smith-martin.com,-3752,"3387 Henderson Walk Suite 419, Batesberg, NV 41536",9/1/1971,Manager,Finance,N/A,SMS,104141.71,6/28/2024
CUST9565,Susan Thomas,wallclaudia@wise.com,001-204-106-0089x003,"90611 Solis Road, East Cassandraberg, CO 79210",4/15/1995,Consultant,Education,Unknown,Phone,123944.9,8/29/2024
CUST6219,Carl Sherman,trodriguez@williams-scott.com,(298)357-6237x933,"66079 Chelsea Course Apt. 054, New Scottstad, CT 38583",10/25/1962,Consultant,Education,N/A,Email,115113.27,4/2/2025
CUST7050,Michael Nelson,brookegreen@warren-ramirez.org,4861237887,"415 Hart Causeway Suite 008, Craigview, IL 21306",4/14/1962,Manager,Technology,Event,Email,60050.69,3/18/2025
CUST6797,Alvin Vincent,batesjohn@hotmail.com,(630)766-6827x71134,"55959 Mcmahon Island, New Williammouth, WI 91312",10/15/1983,Director,Healthcare,Email Campaign,SMS,32022.55,3/10/2025
CUST7639,Abigail Callahan,amyfox@hill.com,###-###-####,"PSC 5841, Box 0972, APO AA 01880",7/9/1994,Director,Technology,Referral,Phone,121566.84,10/30/2024
CUST9793,Jamie Parker,zgarcia@leonard-russell.com,061.330.8010,"951 Carl Ways Suite 669, Jeffreytown, NC 15250",1/11/1971,Manager,Finance,Website,,108018.24,1/13/2025
CUST6540,Brian Williams,heather49@carter.com,001-614-518-5888x337,"99691 Roberts Loop, Moorestad, KY 25092",2026-15-45,Director,Retail,Referral,,61308.52,1/18/2025
CUST6000,Thomas Sullivan,dawn42@jenkins.com,661-980-6450x7074,"088 Daniel Glens, West Jenniferport, MO 63973",5/13/1974,Director,Finance,N/A,SMS,71682.54,4/20/2025
CUST4213,Shaun Martinez,rblackburn@jones-herman.com,435.882.1314,"335 Kent Ville Apt. 979, Danielmouth, DE 78995",9/17/1990,Consultant,Education,Email Campaign,SMS,21584.8,1/10/2025
CUST1765,Claire Dean,hobbssharon@roberts-smith.com,001-940-554-1920x46493,"958 Crawford Fields Apt. 996, Bauerhaven, NE 89723",2/22/1960,Analyst,Education,Email Campaign,Email,48040.37,6/22/2024
CUST5223,Aaron Holmes,rachel36@hanna-ayers.com,778.624.9852x76002,"432 Amanda Avenue Apt. 855, Josephhaven, VT 75030",11/19/1972,Technician,Retail,Unknown,,57522.42,5/21/2024
CUST7317,William Adams,floresalejandra@caldwell-hernandez.com,938.077.6377x8216,"1007 Taylor Spring Apt. 327, Lake Theodoreland, MD 50945",7/9/2006,Consultant,Technology,Email Campaign,Phone,128616.5,7/15/2024
CUST3818,Michelle Alvarez,echen@gmail.com,001-987-842-8332,"682 Charles Trafficway, South Kimburgh, TX 20499",12/20/1961,Engineer,Healthcare,Referral,SMS,81699.71,3/11/2025
CUST1828,Joseph Vasquez,gonzalezcourtney@yahoo.com,606.700.9866x6589,"71997 Rowe Park Apt. 193, Kylefort, LA 90911",8/11/1994,Analyst,Finance,Event,,31498.28,11/4/2024
CUST5748,Lisa Smith,leedale@yahoo.com,001-272-567-2049,"6910 Daniel Forks Suite 704, East Patricia, MI 99283",10/2/1995,Technician,Education,Email Campaign,Phone,92255.8,5/31/2024
CUST2595,Brianna Pitts,rebeccafields@hotmail.com,###-###-####,"10234 Jones Manors Suite 254, Lake Dennisshire, WY 40253",10/14/1964,Director,Healthcare,Referral,Phone,128196.88,5/31/2024
CUST4616,Steven Thomas,yolandataylor@berry.com,516-494-9152x7789,"48753 Jennifer Mall, Cynthiachester, CA 98853",3/23/1983,Director,Retail,Website,SMS,128496.08,11/28/2024
CUST1796,Colleen Watson,matthewcurry@yahoo.com,(908)560-5318,"USNS Holland, FPO AP 63474",12/4/2000,Consultant,Manufacturing,N/A,,49187.63,9/13/2024
CUST3951,Lauren Schwartz,invalid_email@,(411)083-1429x9362,"177 Sheila Lakes Suite 268, New Laurashire, IL 68229",1/20/1989,Manager,Education,Social Media,,36143,11/13/2024
CUST5640,Steven Herrera,nicholas03@davis.com,(718)349-6677x5991,"0219 Byrd Underpass, Shafferbury, AL 97101",9/14/1980,Analyst,Retail,Referral,,137883.12,1/7/2025
CUST6451,Thomas Bowman,jenniferharvey@yahoo.com,-5219,Unknown,7/30/2004,Manager,Finance,Website,SMS,84096.53,7/19/2024
CUST7199,Paul Myers,usullivan@harrison.info,595.097.1488x9708,"5011 Tara Ports Suite 821, South Jameston, IL 26387",6/13/1964,Director,Technology,Social Media,,93524.7,6/26/2024
CUST7373,Nathan Gonzalez,ericlogan@hotmail.com,961.877.6279x971,"6475 Julie Keys Apt. 447, North Angelashire, NH 87455",5/29/2006,Technician,Technology,Email Campaign,Email,68516.29,12/28/2024
CUST1791,Isabella Stafford,jonathananderson@hotmail.com,157.352.7153,"USNS Riley, FPO AA 10416",1/4/2001,Director,Finance,Unknown,SMS,41170.14,6/10/2024
CUST6039,Martin Perkins,kennethashley@yahoo.com,+1-098-534-3578x0677,"691 Andrea Forges Apt. 833, Martinstad, ME 56877",9/20/1977,Manager,Education,Email Campaign,Phone,66460.11,8/19/2024
CUST5396,Jose Hampton,danielhanson@mccormick.info,(232)678-4750,"99846 Andrea Brooks, Elizabethton, WV 18369",11/13/1981,Analyst,Education,Email Campaign,SMS,26332.94,12/29/2024
CUST7127,Anthony Carlson,hendrixsamuel@evans-schaefer.com,609-485-5462x3580,"575 Alvarez Harbor, South Lawrencefurt, MA 22260",9/20/2000,Director,Technology,Website,Phone,119637.52,5/6/2024
CUST7241,Laura Wilkins,jeffrey63@hotmail.com,+1-684-235-1012x1787,"1764 Sanchez Springs, Debbieton, AK 08820",8/30/1969,Engineer,Manufacturing,Unknown,Phone,90682.6,5/29/2024
CUST4311,Laura Jackson,invalid_email@,(796)507-2175x7784,"0502 Erickson Stravenue, West Catherine, NH 11667",4/24/1981,Technician,Education,Social Media,SMS,32458.34,1/1/2025
CUST5058,Jason Williams,joycealicia@gmail.com,+1-433-313-8576x33844,"897 White Lane, Lauraview, MI 91940",10/9/1967,Analyst,Healthcare,Website,Phone,87362.2,1/23/2025
CUST7052,Jasmine Morris,xdelacruz@petty.biz,001-480-553-1635x525,"150 Wells Pass, East Mark, MO 09648",11/13/1985,Consultant,Retail,Social Media,Phone,33314.32,8/2/2024
CUST8561,Andrea Marks,rlittle@morse.info,+1-627-467-8434x7384,"1424 Laura Groves, South Ryan, AL 13840",4/7/1960,Director,Healthcare,Unknown,Phone,123363.88,10/11/2024
CUST5474,Amanda Walker,yhorne@hotmail.com,841-661-5050x57140,"2049 Rios Islands Suite 475, Port Juan, ND 51659",9/12/1971,Director,Technology,Unknown,Email,74255.01,8/3/2024
CUST6542,Misty Bowman,brianjenkins@parker.com,740.323.3228x531,"0993 Robert Prairie, Hawkinshaven, NH 85809",8/6/1962,Engineer,Healthcare,Website,,65267.29,6/16/2024
CUST1644,Krystal Henderson,jacob28@yahoo.com,001-821-287-5725x34912,"4559 Parker Orchard, Port Christopherhaven, IA 06936",3/2/1989,Analyst,Healthcare,Unknown,,135664.43,2/23/2025
CUST4640,Jerry Ryan,scott96@sanders-foster.com,+1-291-624-1933x9227,"78973 Hill Groves, South Bryce, AL 86905",6/19/1999,Director,Education,Referral,SMS,23738.74,3/14/2025
CUST4220,Maurice Ross,brandihester@hotmail.com,(512)416-4689x71015,"52924 Philip Falls, Lake Laurenburgh, AL 52041",9/22/1974,Manager,Healthcare,Unknown,Phone,109446.13,3/20/2025
CUST4311,James Woods,sethhall@yahoo.com,(573)529-0780x036,"48863 Huber Underpass, West Jennifer, OH 49324",6/26/1957,Manager,Healthcare,Referral,Email,75224.66,7/2/2024
CUST8423,Jay Cox,tadams@gmail.com,(046)201-4527x566,"28414 Stafford Freeway Apt. 759, New Danielville, ID 10879",4/21/1989,Engineer,Finance,Unknown,,118453.42,5/5/2024
CUST7973,Jason Jackson,frichard@yahoo.com,001-265-748-7808x906,"5149 Walsh Cliff, Hannahbury, CA 47816",2/12/1999,Manager,Finance,Website,Email,80980.7,9/11/2024
CUST1480,Jeffrey Williams,christinascott@scott.biz,001-208-451-0213,"6432 Diaz Mountain, Perkinsville, MA 72575",5/26/1968,Engineer,Finance,Social Media,Email,118091.54,5/17/2024
CUST7219,David Preston,sheilajones@yahoo.com,(492)071-3705x871,"PSC 8327, Box 5736, APO AP 35383",3/10/1968,Director,Healthcare,Event,Phone,44021.64,7/20/2024
CUST3503,Justin Clark,tgoodwin@yahoo.com,+1-191-439-8730x3660,"7272 Butler View Apt. 540, Lake Jeanette, CA 31687",3/7/1955,Engineer,Finance,Referral,SMS,143342.91,6/24/2024
CUST5326,Amber Gonzalez,iavila@gmail.com,502.291.9597x633,"7972 Julie Creek, New Markburgh, CT 35679",2/21/1961,Analyst,Healthcare,Unknown,Phone,85638.2,3/10/2025
CUST7733,Douglas Brown,shawn82@hoffman.com,(510)415-6098,"527 Morse Parkways, Cunninghamton, HI 90626",5/21/1992,Engineer,Manufacturing,Unknown,Email,88749.04,2/17/2025
CUST4429,John Howard,steven05@williams.org,360.973.7044x2019,"9739 Oneal Knoll, Johnsonview, NH 57062",10/13/1962,Manager,Education,Referral,Email,-8238,9/19/2024
CUST5282,James Davis,alan96@hotmail.com,-2224,"18599 Holmes Harbor Suite 660, Michelleborough, OH 86573",5/16/1993,Manager,Manufacturing,Unknown,,67640.19,7/28/2024
CUST2459,Christopher Hughes,emily71@davis.info,-8231,"1566 White Islands Apt. 995, Bautistatown, ME 28540",10/12/1976,Manager,Retail,N/A,Email,43510.31,3/9/2025
CUST2368,Mary Rich,watkinsmorgan@gmail.com,001-640-430-3667,"92840 Michele Greens Suite 984, Port Kaylafort, ID 52266",9/26/1954,Consultant,Retail,Referral,Phone,72985.14,4/7/2025
CUST8563,Bryan Davis,aprilwong@white.com,487-451-2981x2974,"15601 Miller Plaza Suite 408, Lake Mario, AL 72263",5/16/1987,Engineer,Retail,Website,Phone,84456.08,10/16/2024
CUST2952,Leah Sanchez,alexanderpope@hotmail.com,155.546.5969x3252,"03284 Kidd Rest, Crystalchester, SC 47497",9/12/1991,Technician,Education,Event,Email,30692.23,9/25/2024
CUST4255,Bethany Owens DDS,tchang@yahoo.com,084-467-1505x5034,"12164 Theresa Road Apt. 173, Allenburgh, CA 98527",1/23/1980,Engineer,Retail,Social Media,,98050.64,5/2/2024
CUST1861,Mary Edwards,sanchezbreanna@gmail.com,151-250-0398x7615,"USNV Thomas, FPO AP 30555",11/12/1990,Technician,Retail,Referral,,57776.61,3/26/2025
CUST8499,Sheryl Roach,allisonkelly@hotmail.com,-8454,"0924 Diaz Lakes, Walkerport, NE 53106",9/1/1964,Manager,Finance,Unknown,,142080.66,8/24/2024
CUST2489,Manuel Goodwin,forderin@yahoo.com,967-161-8509,"9702 Robert Isle Apt. 280, Lake Joshua, MS 67951",1/23/1980,Manager,Finance,N/A,,107372.41,3/5/2025
CUST8128,Brandi Santos,jennifermclaughlin@hotmail.com,758.365.5605x857,"960 Jack Centers, Port Christopher, DE 61896",10/3/1974,Consultant,Manufacturing,N/A,Email,35498.32,12/25/2024
CUST6220,Andrea Rogers,michellesherman@rodriguez-smith.com,7295313170,"343 Jill Point, Lindafurt, NY 25227",11/20/1988,Consultant,Technology,Event,Email,116386.18,1/11/2025
CUST1407,Amy Frye,obennett@williams.info,(595)410-0580x746,"322 Barrett Circles, Hayesland, GA 28488",9/16/1983,Engineer,Education,Referral,SMS,46034.25,11/25/2024
CUST9458,Gloria Jordan,samantha51@gmail.com,(959)039-0401x73823,Unknown,10/25/1992,Engineer,Healthcare,Unknown,,114276.07,10/6/2024
CUST9355,Michael Ward,rmunoz@hotmail.com,9819129797,"68841 Wright Village, Teresafurt, ND 05807",3/2/1975,Technician,Manufacturing,Event,SMS,118319.38,9/22/2024
CUST5225,Lindsey Thomas,megan99@tucker-gibson.net,+1-788-068-8878x285,"020 Harper Station, New Jennifer, NV 28434",6/29/1991,Consultant,Education,Email Campaign,,148378.02,6/7/2024
CUST1592,Heather Hansen,williamsonadrian@barron-cole.com,545-836-9372,"03283 Wilson Unions Apt. 113, Kellymouth, IL 30233",6/27/1979,Analyst,Healthcare,Unknown,,34044.77,12/19/2024
CUST3664,William Ellis,hobbstracie@hotmail.com,(398)296-9143,"774 Tanya Skyway Apt. 061, Brookehaven, NY 58243",4/22/1974,Consultant,Retail,Referral,Phone,23864.06,4/25/2024
CUST7680,Cathy Stone,tbauer@yahoo.com,-5887,"35684 Padilla Drive Suite 625, Brendabury, AR 49632",10/4/1973,Engineer,Finance,Email Campaign,Email,146369.43,8/16/2024
CUST4835,Justin Robinson,harringtonsarah@bailey-foley.org,(987)081-6073x4175,"1282 Tina Extensions, Smithfurt, NV 38253",9/18/1981,Director,Technology,Social Media,Phone,59357.84,12/17/2024
CUST6066,Nicole Brewer,christinadelgado@rodriguez-burch.biz,184.875.3303x57297,"Unit 7282 Box 2086, DPO AP 32676",11/5/2005,Engineer,Finance,N/A,,123055.08,7/21/2024
CUST8783,Allen Bennett,nicholsjonathan@yahoo.com,(161)823-7438x34375,"6234 Hebert Park Apt. 223, South Kimberly, KS 52993",6/14/1990,Analyst,Technology,Email Campaign,,85623.32,5/22/2024
CUST4097,Russell Winters,farleythomas@hotmail.com,887-520-5730x471,"463 James Mountains, Jamiebury, OR 97770",8/1/1987,Analyst,Manufacturing,Event,Email,143835.46,11/20/2024
CUST8054,Samantha Brown,vmartin@gmail.com,799-943-5210,"891 Sandra Row Apt. 803, Port Johnmouth, MD 73820",3/26/1978,Consultant,Finance,Email Campaign,,60892.7,10/27/2024
CUST1903,Tina Martin,david50@woods-duncan.com,(162)381-5579,"820 Ashley Fords Apt. 207, Andreaport, HI 02489",3/5/1978,Consultant,Retail,Website,Email,42992.99,2/18/2025
CUST1510,Laura Schwartz,tylerwatson@gmail.com,432.132.9176,"657 Rodriguez Squares Suite 538, Patrickport, SD 56527",1/29/1978,Analyst,Technology,Referral,,75988.55,6/23/2024
CUST6004,Anthony Dixon,hwallace@gmail.com,001-091-227-0837x3101,"6060 Smith Garden Apt. 233, North Joshua, SC 94712",2/3/2001,Technician,Retail,Email Campaign,Email,93951.18,6/21/2024
CUST4224,Lauren Coleman,sosaamanda@hotmail.com,480-045-9908x12652,"82271 Wiley Trail, Thomasshire, NV 17589",1/12/1986,Technician,Manufacturing,N/A,,81868.44,11/25/2024
CUST7227,Benjamin Gray,kpowell@roberts.com,(372)871-6655,"99289 Francis Road, North Martinstad, NM 90361",9/16/1995,Director,Finance,Email Campaign,SMS,84309.85,2/1/2025
CUST4875,Janet Hopkins,jmiller@serrano.info,(206)587-1541x24886,"2251 Cohen Valley, East Angela, AZ 05243",11/27/1965,Director,Technology,Social Media,SMS,61662.76,4/13/2025
CUST9745,Edward Estrada,stevennichols@gmail.com,(543)154-8012x1901,"USNV Stout, FPO AP 77952",10/17/1976,Director,Finance,Referral,SMS,65353.98,6/27/2024
CUST3646,Melissa Moore,jasmine66@gmail.com,596.848.0828,"9058 Sellers Pike, Hahnhaven, LA 79811",7/16/1956,Director,Finance,Unknown,SMS,69474.54,8/12/2024
CUST9975,Ashley Lee,cassandra71@chapman.com,065.989.9644x04107,"USNS Brown, FPO AE 55447",5/23/1971,Analyst,Education,Email Campaign,SMS,27338.4,5/5/2024
CUST1582,Benjamin Sanchez,brennanstacy@gutierrez-perry.biz,001-735-864-7839,"PSC 6289, Box 2177, APO AA 08571",12/1/1998,Manager,Healthcare,N/A,SMS,97029.12,5/8/2024
CUST1758,Johnny Burke,keymichael@hotmail.com,6065340050,"4152 Samantha Walk, Lake Cynthia, CA 75017",8/13/1968,Engineer,Education,Website,SMS,42071.3,10/25/2024
CUST6489,Ronald Mcneil,trogers@miller.org,459.858.6743,"217 Brooke Extensions Apt. 618, Solomonton, RI 55857",10/14/1990,Analyst,Finance,Email Campaign,,93846.42,6/10/2024
CUST1496,Sarah Taylor,sandra41@cook-navarro.com,+1-378-094-7113x15980,"33161 Woodard Divide Apt. 432, East Caitlinville, FL 68296",1/25/1958,Analyst,Finance,N/A,,96438.6,4/9/2025
CUST3089,Michelle Decker,williamfrye@yahoo.com,583859978,"18253 Matthew Plains Suite 974, Johnberg, ID 83064",2/1/2004,Consultant,Manufacturing,Email Campaign,SMS,94430.02,7/27/2024
CUST2345,Debra Russell,daniellebyrd@rodriguez-decker.org,516-783-4129x6265,"USS Strickland, FPO AE 53386",4/20/1966,Engineer,Technology,Unknown,Phone,63675.77,12/16/2024
CUST3233,Joshua Vargas,jacob23@yahoo.com,778.339.7983,"65461 Alexis Falls Suite 509, Jasonberg, GA 95837",11/20/1976,Technician,Education,Referral,SMS,67233.46,6/15/2024
CUST9771,James Gill,qhamilton@hotmail.com,693.448.3519,"78870 Kenneth Mills, Christineside, NY 30994",4/27/1995,Manager,Retail,N/A,Email,129249.46,11/29/2024
CUST5154,Alexander Mcbride,xavierpierce@gmail.com,564.484.9670,"7631 Joshua Cliffs, Port Craig, OK 40001",9/12/1980,Manager,Education,Social Media,Email,58651.63,8/3/2024
CUST2744,Diana Hale,hoffmanbrian@gmail.com,540-186-4157x640,"71759 Cowan Burgs, South Bryantown, NJ 87251",10/20/1968,Consultant,Healthcare,Event,Email,113301.89,3/14/2025
CUST8629,Sydney Huang,josephchambers@gmail.com,+1-805-844-0751x370,"USNV Walsh, FPO AA 52439",5/12/1968,Engineer,Manufacturing,Social Media,SMS,28745.07,1/14/2025
CUST6165,Joshua Ho,bdrake@solomon-johnston.org,-6578,"534 Ronnie Ridges Suite 822, Osbornmouth, IL 58259",11/22/1954,Consultant,Retail,Referral,SMS,123434.73,8/17/2024
CUST3766,Miranda Pittman,justinwilliams@yahoo.com,029.035.8490x72724,"60701 Scott Bridge, Port Joshuastad, OR 94486",4/9/2006,Analyst,Manufacturing,Unknown,SMS,76278.36,6/29/2024
CUST6510,Jeffrey Brewer,russojason@gmail.com,263.081.5192x0307,"242 Walker Flat, South Heidimouth, MS 62747",1/17/1991,Analyst,Healthcare,Email Campaign,,52664.42,6/17/2024
CUST3899,Madeline Hernandez,francismorales@mathis-lopez.com,391.777.8772x872,"USS Marshall, FPO AP 15539",7/10/1962,Consultant,Technology,Unknown,Phone,134516.55,10/8/2024
CUST3580,Savannah Moore,dlewis@todd.com,330-737-2774,"41248 Scott Isle Apt. 379, Port Shawn, LA 20113",9/3/1974,Technician,Manufacturing,Unknown,Phone,94989.63,8/5/2024
CUST7724,Andrew Clayton,reillykimberly@hotmail.com,001-829-384-1137,"59847 Montgomery Ford, Tracieton, ME 97628",6/17/1986,Technician,Technology,Email Campaign,SMS,141831.18,10/21/2024
CUST4216,Raymond Mccall,amandamitchell@johnson.com,476-541-2280x4144,"PSC 3468, Box 3043, APO AP 89597",10/5/1983,Director,Retail,Event,Email,87895.05,12/30/2024
CUST8859,Kenneth Simmons,lynchcarol@miller-fuller.net,186.637.8952,"2336 Riggs Mountains, Dixonview, ME 07684",10/3/1967,Consultant,Healthcare,Referral,Phone,117036.36,1/19/2025
CUST5316,Edward Banks,elizabethsmith@wilson.com,-2638,"83406 Logan Fields Suite 375, Mariaton, DE 09800",12/22/2006,Consultant,Retail,Social Media,Email,102410.57,7/20/2024
CUST4056,Tyler Parker,jamiebenton@may.com,(803)180-1462x7683,"1794 Philip Cove Apt. 195, Moorechester, OR 20212",5/21/1986,Analyst,Education,N/A,Phone,53338.06,8/17/2024
CUST2869,Daniel Miranda,lmcdonald@johnson.com,001-364-238-7540x63554,"2694 Gonzalez Parkways, Lake Nataliefort, MD 35017",9/6/1964,Manager,Retail,Referral,Email,39495.09,3/12/2025
CUST5578,Robert Davis,daniel74@dixon.com,544.504.8946,"USNV Mccullough, FPO AE 23530",1/12/1994,Manager,Education,Email Campaign,,92777.25,9/22/2024
CUST4364,Karen Moore,rachel68@ellis-thornton.com,001-890-102-4666x186,"0031 Nathaniel Heights, East Edgarview, KY 97032",2/19/1971,Consultant,Technology,Website,Phone,40716.6,12/5/2024
CUST4020,Vickie Johnson,kendra18@edwards-garcia.net,023.378.3024x33525,"035 Campbell Center Suite 862, North Kim, KY 39835",9/26/2004,Engineer,Education,Unknown,SMS,105627.19,8/23/2024
CUST1290,Laura Hawkins,lfox@hotmail.com,(389)292-2960x3502,"06619 Navarro Tunnel, Riverachester, NJ 15559",12/10/1973,Technician,Finance,N/A,,121690.39,7/6/2024
CUST9207,Jill Moore,brandon14@smith-miller.biz,(825)943-5954x75781,"246 Angela Skyway Suite 149, Matthewfort, IL 49591",7/25/1971,Engineer,Education,Event,SMS,132732.33,12/19/2024
CUST9610,Brian Franklin,wwallace@gmail.com,903-857-4239x035,"55101 Daniel Mission, Flynnville, IA 69587",12/22/1984,Analyst,Technology,N/A,Email,71596.36,5/8/2024
CUST4855,Steven Mooney,michael68@hotmail.com,-813,"17998 Kimberly Fork Apt. 521, North Tammy, NJ 81183",7/21/1980,Manager,Healthcare,Website,Email,87854.48,5/16/2024
CUST6645,Kevin Weber,ocain@hotmail.com,+1-807-615-4404x04797,"33985 Gallegos Isle Suite 516, New Carmen, HI 06141",4/22/1998,Director,Education,Email Campaign,Email,50949.99,3/17/2025
CUST4115,Lawrence Freeman,danny51@yahoo.com,+1-862-536-8585x4520,"9342 Justin Crescent Suite 903, East Karen, DE 20041",12/8/1985,Analyst,Education,Unknown,,124759.41,6/16/2024
CUST2456,Amanda Jenkins,nathanrodriguez@jones-melendez.info,###-###-####,"PSC 3415, Box 8423, APO AA 65085",9/25/1963,Manager,Retail,Referral,Phone,33885.82,4/11/2025
CUST5794,Mrs. Jessica Patel,jacob43@williams.org,+1-293-430-3829x079,"7573 Smith Mews, Rhondaburgh, LA 22014",10/11/2000,Analyst,Retail,Email Campaign,SMS,132176.99,12/1/2024
CUST8285,Joanna Burns,joseph79@gmail.com,001-022-968-6689,"0993 Brian Orchard Suite 794, Martinstad, NY 99575",7/20/1999,Consultant,Manufacturing,Social Media,Email,61143.69,6/23/2024
CUST5011,Victor Wolfe,cody88@savage-barnes.biz,001-684-344-9336x188,"646 Ingram Lake Apt. 899, Heathermouth, AL 33582",6/16/1990,Consultant,Technology,Referral,SMS,134326.36,12/8/2024
CUST2901,Linda Wells,grahammarcus@fuller.com,121.419.2236,"3038 Todd Canyon Suite 771, New Matthew, MS 94092",12/27/2004,Analyst,Retail,N/A,SMS,126777.5,8/24/2024
CUST4112,Jason Alexander,codyvasquez@johnson-estrada.info,152-898-0972x179,"94346 Hannah Lights, North Mark, MI 60560",4/3/1983,Technician,Manufacturing,Website,Email,109788.72,8/30/2024
CUST7058,Brianna Tyler,invalid_email@,2334525579,"802 Whitaker Summit Apt. 798, West Alan, CA 69968",4/9/1996,Manager,Education,Event,,60204.91,1/12/2025
CUST3645,Scott Dunlap,stephengomez@brennan.com,(342)343-3916x3321,"2752 Tracy Crest Suite 522, Lake Erichaven, TX 58249",1/21/1959,Analyst,Technology,Website,Phone,131494.13,2/13/2025
CUST3910,Richard Simmons,jessicastewart@hotmail.com,(817)058-8568,"5702 Livingston Highway Apt. 979, East Austinfort, NV 11242",5/15/1958,Engineer,Retail,Social Media,SMS,31732.54,2/18/2025
CUST4604,Martin Anderson,bbenson@townsend.org,(605)437-0533x116,"9571 Glenn Port, West Jorge, NY 88254",8/13/1978,Analyst,Healthcare,Unknown,Phone,139065.8,4/14/2025
CUST4692,Thomas Cooper,david34@thompson.info,686.543.9555,"695 Megan Row, Mistyton, WV 21725",10/20/1981,Analyst,Technology,Email Campaign,Email,55624.75,4/7/2025
CUST6445,Kevin Parker,william54@barnett.com,(043)414-1843,"Unit 5979 Box 6642, DPO AP 02649",11/16/2002,Consultant,Retail,N/A,,140444.64,7/5/2024
CUST5579,Patricia Thompson,brandon67@day.com,(300)125-9629,"931 Mitchell Squares, North Moniqueberg, DE 71762",4/11/1978,Technician,Retail,Unknown,Email,127172.11,2/15/2025
CUST8311###,Sarah Cox,nichole47@hotmail.com,800-306-9188x931,"06185 Dennis Crescent Suite 330, North Joshua, ID 61479",4/13/1959,Analyst,Manufacturing,Website,SMS,74713.17,4/14/2025
CUST8470,Cheryl Wilson,parksbrandi@yahoo.com,491.216.6906x39773,"624 Jeffrey Squares, Kimberlyside, DE 54041",1/28/1990,Director,Technology,Social Media,,110377.31,4/6/2025
CUST3970,Charles Chapman,kathrynstein@west.net,5671852316,"85565 Mcguire Fort, South Michelleborough, MT 36750",8/7/1992,Technician,Technology,Referral,,122832.51,4/22/2025
CUST5675,Heather Hall,petercortez@williams.info,922-350-6852x0333,"USCGC Hatfield, FPO AA 86889",6/17/1963,Engineer,Retail,Referral,SMS,60783.83,12/25/2024
CUST8239,Jessica Romero,michael39@yahoo.com,+1-763-339-1560x04992,"51883 Beverly Crossroad, New Ashleyview, MS 13498",1/28/1961,Engineer,Healthcare,Referral,Phone,130104.86,1/4/2025
CUST8004,Lauren Joseph,patricia07@edwards.net,096-218-5260x4167,"1669 Ronald Stream Suite 659, Justinfurt, KS 25520",10/2/1971,Consultant,Education,Email Campaign,,133555.76,6/9/2024
CUST6144,John Marshall,wsanders@yahoo.com,+1-385-210-9112x4684,Unknown,2/26/1989,Analyst,Healthcare,N/A,SMS,123938.73,5/10/2024
CUST1323,Paul Peters,katie44@huffman.info,(369)423-8605x52962,"5723 Nicholas Key Suite 625, West Austin, AK 18960",10/28/1975,Engineer,Retail,Social Media,Phone,71154.24,6/17/2024
CUST7734,Jeremy Thomas,youngdanielle@gmail.com,5961919969,"24771 Ryan Springs, Smithshire, ID 15530",2/2/1981,Director,Healthcare,Website,Email,140004.61,7/15/2024
CUST1481,Robert Pineda,kenneth14@gmail.com,493-668-3451x7582,"448 Margaret Vista Apt. 824, North Lindsayhaven, NY 91406",4/11/1966,Director,Technology,Referral,Email,146636.58,3/25/2025
CUST3139,Gerald Marshall,wjones@meyers-lewis.org,5760928676,"7775 West Forest Apt. 866, Nicholasfurt, RI 41002",5/4/1980,Analyst,Technology,Unknown,Phone,26471.79,1/28/2025
CUST5931,Lisa Nelson,iedwards@gmail.com,148-359-0991,"02611 Cook Forks, Brianport, UT 77413",3/27/1960,Consultant,Manufacturing,Social Media,Phone,31577.96,4/27/2024
CUST8705,Lindsey Hall,xbell@hotmail.com,(561)736-6866,"USS Clark, FPO AA 31112",8/24/2000,Manager,Manufacturing,Website,Email,113415.85,11/27/2024
CUST7929,Wyatt Rivas,jessicaburns@chung-taylor.info,001-372-338-9559,"16083 Perry Garden, North Markshire, IL 17767",1/25/1979,Consultant,Technology,Email Campaign,Email,49182.91,6/16/2024
CUST1309,Erik Chung,linda29@hotmail.com,+1-573-421-3246x8491,"4496 Alexis Corners Suite 332, Port Sandra, CT 78489",4/14/1978,Manager,Education,Social Media,,69669.56,5/20/2024
CUST6724,Sheryl Ramos,jeffreylee@harrington.com,415-235-3812x70519,"6493 Townsend Square, South Edward, WV 86604",7/3/2006,Manager,Manufacturing,Referral,SMS,114472.05,3/10/2025
CUST7011,Jennifer Mcclain,jaclyn28@sullivan-cross.org,-10997,"222 Tammy Shores Suite 745, Lake Shanefort, KY 16272",5/30/1974,Consultant,Healthcare,Email Campaign,Phone,23740.51,8/18/2024
CUST9458,Dominique Sanders,hmartinez@turner.com,677-549-2591x847,"USNS Lopez, FPO AA 14808",12/14/1954,Manager,Manufacturing,Email Campaign,Phone,68052.91,12/22/2024
CUST6582,Sherry Mason,stanleyscott@gmail.com,427.193.7993x577,"USCGC Walters, FPO AE 45715",10/11/2006,Technician,Retail,Website,Email,80954.61,3/1/2025
CUST3938,Susan Hodges,heathersmith@harris.com,247-887-6257,"0634 Mary Wall Apt. 709, East Alexanderland, OK 88483",5/23/1975,Technician,Retail,N/A,Phone,112733.67,8/20/2024
CUST3249,Regina Miller,joseph14@sanchez-summers.com,001-686-929-6527,"462 Kimberly Heights Apt. 349, Suarezborough, AK 44422",7/31/1987,Consultant,Technology,Event,SMS,29497.23,8/19/2024
CUST2125,Donna Spencer,barry06@hotmail.com,###-###-####,"5672 Timothy Squares Suite 897, Lloydchester, AL 57007",9/16/1979,Engineer,Finance,Social Media,Phone,81221.22,8/28/2024
CUST8492,Rhonda Jackson,stewartanthony@hotmail.com,(139)536-8866x95480,"2410 Ford River Suite 449, North Dana, CT 26441",10/26/1961,Director,Technology,Unknown,Email,20696.93,2/10/2025
CUST1884,Caitlin Fisher,davidhenson@cochran-jenkins.com,+1-402-327-8810x668,"857 Olson Oval Suite 696, East Taylorborough, MA 15786",10/28/1994,Director,Retail,Social Media,,107264.06,4/6/2025
CUST8261,Rebecca Carrillo,maryjackson@wolfe.net,-2130,"15050 Nancy Mountains, Philipland, SC 82120",10/21/1965,Director,Finance,Event,Phone,53837.91,5/20/2024
CUST4589,Vanessa Odom,theresawagner@gmail.com,883.095.3841x765,"70637 Rebecca Branch, West Traci, MT 23669",7/9/1968,Consultant,Education,Email Campaign,Phone,31654.24,8/27/2024
CUST3387,Ian Wyatt,carteramy@gmail.com,6935747121,"287 Megan Way, Heathermouth, IN 24823",1/4/2004,Director,Retail,Referral,SMS,35189.47,11/23/2024
CUST3144,Henry May,snyderjohn@gmail.com,257-214-0518x948,"4771 Miller Port Apt. 281, Taraside, IA 84974",7/14/1961,Manager,Retail,Unknown,SMS,117217.04,2/26/2025
CUST2031,Katrina Graham,roger11@bennett-jenkins.info,+1-353-806-0744x40657,"81355 Rhonda Point Suite 152, Travisfort, FL 98669",8/13/1975,Analyst,Education,Event,SMS,87206.45,8/26/2024
CUST9147,Patricia Thompson,mguerrero@mitchell.biz,434.777.1798x1163,"36781 James Square Suite 338, Cherylhaven, IN 37513",9/16/2005,Manager,Education,N/A,,119277.8,6/10/2024
CUST8973,Russell Russell DDS,leonard57@santos.com,001-145-274-4011,"6637 Chen Parks, North Jefferychester, NJ 36607",3/13/1993,Director,Technology,N/A,,26918.88,1/6/2025
CUST3694,Shelby Torres,marcusgilbert@fowler.com,077-267-9588x09378,"814 Humphrey Landing, West Bethfort, NH 97604",1/25/1977,Engineer,Healthcare,Referral,Email,81132.18,11/14/2024
CUST5310,Ethan Houston,sydney57@jennings.com,(064)423-7700x49959,"87997 Timothy Locks Suite 713, Port James, TN 39859",1/17/1966,Technician,Retail,Email Campaign,Email,149376.23,9/16/2024
CUST3131,Robert Hernandez,lewiswhitney@jones-sullivan.biz,(807)868-0825,"PSC 2223, Box 7891, APO AP 05738",2/7/2000,Engineer,Retail,Social Media,,79508.76,3/17/2025
CUST9321,Sandra Newman,jeffreyhenderson@walsh.net,(030)814-1896x0371,"562 Aaron Junction Apt. 892, Adamschester, DC 37459",10/22/1983,Technician,Healthcare,Website,SMS,32165.12,9/16/2024
CUST5312,,ngomez@chavez.com,7544042643,"144 Chris Ville Suite 199, Cowanside, SD 73772",2/16/2000,Manager,Healthcare,N/A,SMS,93222.16,1/19/2025
CUST6595,Sheila Lawrence,cindysutton@carlson.com,001-278-965-0657x831,"038 Melinda Grove, Grayfort, AZ 25212",5/31/1962,Director,Healthcare,Event,Email,88382,5/8/2024
CUST8452,Patricia Garcia,torresdaniel@hotmail.com,001-261-796-2947x696,"346 Jensen Greens Suite 355, West Tiffany, FL 20327",7/26/1979,Manager,Retail,Website,Phone,119872.95,2/27/2025
CUST2100,Shelby Flores,clarkeanthony@brennan-martinez.info,(469)281-3310x791,"8066 Baldwin Junctions, South Kelly, NY 21807",7/16/1980,Engineer,Education,Website,SMS,108570.6,9/16/2024
CUST1805,Mckenzie Russell,bennettrodney@joseph-shaffer.com,-6855,"00098 Morgan River, Savannahburgh, WA 16483",6/8/1996,Engineer,Retail,Social Media,Email,128807.04,1/9/2025
CUST1595,Christopher Crawford,tanyachapman@brown.com,001-322-482-1943x2293,"825 Archer Lane, West Donnaside, KS 26369",11/15/1984,Engineer,Finance,Email Campaign,,79027.22,12/3/2024
CUST6535,Mackenzie Rivera,nstephens@gmail.com,(493)653-8515,"65160 Blake Falls, Lake Amy, CA 47910",4/28/1964,Director,Technology,Website,SMS,146070.17,4/10/2025
CUST8130,Kevin Mason,jessicabrown@gmail.com,722.627.2512x07101,"73446 Jared Parkway Suite 855, West Phillip, AL 70915",2/22/1959,Director,Retail,Social Media,Phone,47477.69,9/25/2024
CUST8487,Donald White,kevinacevedo@graves-garrett.com,764.042.2929x619,"0257 Armstrong Inlet, Kristinfurt, KY 09244",1/15/1962,Technician,Education,Social Media,Email,116694,6/12/2024
CUST8652,Rebecca Butler,tylerharrison@alvarado.com,+1-192-683-9570x1066,"01793 Andrew Islands Suite 193, South Justin, WI 00714",1/1/2001,Director,Retail,Website,,53171.31,5/14/2024
CUST8944,Joseph Mcdaniel,jthomas@rose-charles.com,001-904-387-0936x09487,"865 Lisa Plain Suite 947, Lauraport, CT 37176",6/12/1968,Consultant,Finance,Website,Phone,41182.29,1/8/2025
CUST5273,Chloe Guzman,alejandrabrock@yahoo.com,(130)144-4483x04423,"921 Henry Stravenue, Kingchester, KS 37527",3/15/1985,Analyst,Technology,Unknown,Phone,35678.26,10/16/2024
CUST3523,Yvette Cox,julie30@clark.info,(171)933-3873x2682,"34557 Fuller Summit, East Kimberlyton, ME 05158",9/17/1960,Consultant,Technology,Unknown,SMS,137485.46,4/14/2025
CUST5423,Jasmin Joyce,bernardaudrey@gmail.com,+1-591-724-1658x40686,"5911 Ashley Burg, North Eric, UT 45644",5/14/1994,Manager,Education,N/A,Email,128166.87,10/18/2024
CUST3474,Karen Clark,ijohnson@hansen.net,(690)130-8397,"72812 Benson Estates, South Michael, DC 01386",4/1/1955,Manager,Retail,Email Campaign,,81937.16,7/23/2024
CUST5114,Michael Smith,veronica12@bentley.info,892.361.4344,"72878 Hawkins View Suite 961, East Deanborough, TN 49658",4/8/1972,Director,Retail,Website,,125429.27,5/31/2024
CUST9972,David Price,stevenflynn@yahoo.com,001-420-184-8064,"33251 Beth Ramp Suite 761, Deleonfort, MN 21156",1/19/2003,Manager,Retail,N/A,,32083.17,1/3/2025
CUST5826,Patricia Washington,jasonstewart@hogan-mendez.biz,(546)684-9743,"60667 Tammy Run Apt. 640, South Jordantown, SD 92366",4/27/1993,Analyst,Retail,N/A,Phone,104189.38,8/18/2024
CUST4078,Elizabeth Jarvis,andreskent@gmail.com,(153)236-2778,"011 Wilson Ports, New Michael, FL 05896",10/16/1985,Manager,Retail,Event,Email,57791.39,7/22/2024
CUST5363,Rebecca Garner,austinpeterson@gmail.com,311-626-3607,"6044 Duke Brook, South Amy, IL 48376",6/17/1964,Engineer,Retail,Social Media,Phone,147944.21,4/27/2024
CUST4250,Jason Bennett,davidbrown@yahoo.com,585.220.6268x66632,"Unit 2115 Box 0970, DPO AE 60933",4/19/1966,Analyst,Healthcare,Event,,58412.61,8/7/2024
CUST1166,Andrew Jackson,vwilliams@gmail.com,050-241-0053x224,"955 Hill Locks Suite 632, West Jessica, MN 63939",9/19/1962,Director,Finance,Website,Email,86384.71,12/31/2050
CUST6352,Ryan Adams,zbrown@maynard-bowman.biz,+1-806-579-0964x97523,"90033 Daniel Camp, Robertburgh, ID 52327",8/29/1986,Engineer,Retail,N/A,SMS,66209.49,1/4/2025
CUST1707,John Franklin,chudson@yahoo.com,(901)062-6571,"93310 Lisa Viaduct, Sharpstad, NY 77491",4/27/1963,Engineer,Manufacturing,Website,Email,116267.1,8/9/2024
CUST1086,Tonya Nelson,dakotamacdonald@yahoo.com,(126)978-7492x143,"USCGC Murillo, FPO AE 24737",10/6/1991,Manager,Healthcare,Unknown,,25883.63,6/8/2024
CUST2828,Michael Figueroa,paigewhite@yahoo.com,001-224-527-9944x0599,"84186 Gonzalez Views Apt. 367, Vincentberg, FL 12348",12/22/1976,Technician,Education,Social Media,,118456.05,7/8/2024
CUST8388,Jared Ramirez,lisamoore@reid.com,(080)926-5757x61949,"USNV Moran, FPO AA 41457",8/29/1996,Director,Education,Social Media,Phone,47438.89,8/18/2024
CUST4576,Nichole Wilson,wtorres@hotmail.com,8269574758,"99798 Young Alley, Vaughantown, RI 64673",9/10/1959,Technician,Manufacturing,Social Media,Email,76393.86,3/11/2025
CUST1906,Wesley Castillo,leryan@shepard-gilbert.com,+1-980-043-1437x023,"40406 Cindy Garden, Jenniferhaven, IL 61597",7/16/1963,Engineer,Retail,Website,Email,42325.6,10/10/2024
CUST7595,Timothy Robbins,michealclay@gmail.com,165-913-2517,"1435 Kelly Ports Suite 784, Monicaberg, MD 37110",11/16/1987,Consultant,Technology,Email Campaign,,59364,2/24/2025
CUST3351,Monique Yates,patrick75@yahoo.com,3541097029,"09770 Melissa Vista, West Charlesmouth, IN 43018",5/19/1990,Analyst,Technology,N/A,,124603.3,7/16/2024
CUST1203,Danielle Freeman,josephwilliams@hotmail.com,(925)310-3016,"8646 Simmons Corner, New Jessica, HI 44015",2/2/1998,Manager,Healthcare,Website,Phone,34548.63,10/30/2024
CUST1488,Jesse Yates,katherine88@lopez.biz,(669)321-7321x043,"934 Kaitlin Shoals Apt. 946, Port Claudiaside, RI 93291",4/5/1984,Technician,Healthcare,Unknown,Email,47199.83,9/6/2024
CUST5783,Debra Herring,rdiaz@tapia.com,771.103.5104x3169,"7578 Jacobson Expressway, Port Kathymouth, OK 12304",12/18/1958,Manager,Technology,Referral,,129471.66,3/29/2025
CUST9971,Emily Hunt,xromero@hotmail.com,(656)375-7045,"1649 Kimberly Flat, North Josephhaven, AK 27380",2/4/1985,Manager,Finance,Social Media,,39261.53,4/14/2025
CUST7679,Kelly Perry,juliedudley@norton.com,(819)518-1915x4129,"Unit 2827 Box 6375, DPO AP 73064",12/29/1987,Engineer,Finance,Referral,Phone,116041.55,9/20/2024
CUST9097,Lisa Lopez,andrewknight@hall-morgan.com,249-093-0198,"5209 Miller Run Suite 613, Port Karaberg, NC 93349",6/11/1956,Consultant,Retail,Website,,96079.42,10/7/2024
CUST9403,Cynthia Sims,ohill@ramos-knox.com,-8134,"2055 Perkins Key Suite 870, Avilaburgh, LA 66861",2/27/1995,Analyst,Manufacturing,Unknown,,26619.88,7/31/2024
CUST9590,Eric Rosario,thomasrollins@burton-elliott.org,406340560,"474 Erin Mews, Whitneyshire, WY 05317",12/19/1955,Engineer,Technology,Unknown,,147333.3,7/1/2024
CUST4540,Stephanie Liu,kfowler@gonzalez.com,001-520-502-6492x4615,"805 Williams View Apt. 975, Danielmouth, AK 32677",5/9/2001,Technician,Manufacturing,Event,SMS,24812.24,12/12/2024
CUST7371,Sherry Moore,huffmancarol@sweeney.com,+1-385-729-7823x4885,Unknown,10/28/1970,Consultant,Manufacturing,Event,,50147.75,3/21/2025
CUST6663,Dylan Olsen,hsuarez@butler.org,(165)556-1701,"4451 Samantha Station, Kimberlymouth, MS 25916",7/16/2004,Director,Finance,Email Campaign,SMS,91923.24,12/31/2050
CUST6529,Michelle James,brittany00@yahoo.com,795.079.9197x8821,"267 Foster Crossroad, Baxterland, OK 56533",8/16/1980,Technician,Retail,Email Campaign,Email,84322.54,8/8/2024
CUST3147,Gary Gilmore,nicole79@gmail.com,(158)975-7998,"03196 Mcmahon Fork Apt. 963, North Alexis, NH 11901",9/2/1989,Analyst,Retail,N/A,,22704.9,9/11/2024
CUST2944,David Hines,hensonkenneth@hotmail.com,+1-874-734-2322x99545,"628 Harvey Mountains Apt. 825, Crawfordborough, FL 23928",7/13/1983,Technician,Healthcare,Email Campaign,SMS,76954.39,9/29/2024
CUST4911,Mrs. Dawn Oconnor,oespinoza@gmail.com,4406193442,"33613 Hale Roads, Amychester, NV 88835",11/14/1979,Manager,Manufacturing,N/A,SMS,139825.63,9/14/2024
CUST6923,Michelle Mclaughlin,nvelez@johnson.org,601-509-7053,"160 Nash Courts Suite 098, Reneefort, ID 08900",5/26/1962,Technician,Retail,Referral,SMS,113989.35,2/5/2025
CUST2408,Daniel Horton,pattersonbrenda@williams-chase.com,(365)055-3078x6875,"170 Nelson Tunnel Suite 990, Hesterburgh, MT 31853",12/27/1979,Consultant,Technology,N/A,SMS,123476.45,1/25/2025
CUST9991,Michelle Villarreal,bcarroll@weiss-miller.com,048.713.9241x179,"4883 Hoover Haven, Josephland, UT 60031",6/10/2003,Director,Healthcare,Social Media,Email,106717.34,1/22/2025
CUST6057,David Evans,jleblanc@espinoza.com,+1-050-077-8933x73361,"456 Tracy Lodge, Ericbury, VA 59261",6/14/1967,Manager,Healthcare,Referral,,33117.48,6/10/2024
CUST3142,Christopher Melton,nancy13@herrera.com,001-781-121-4176x8933,"112 Hayes Motorway Apt. 150, South Kenneth, GA 31977",1/10/1987,Consultant,Education,Referral,Phone,92387.97,5/21/2024
CUST4592,Annette Martin,vdawson@simmons.com,+1-886-242-5120x86509,"087 Kimberly Mills, Floresberg, KY 77829",12/9/1963,Analyst,Education,Social Media,Phone,42712.92,9/13/2024
CUST6246,Mitchell Conner,greercatherine@yahoo.com,472-155-0156,"9045 Vasquez Valleys Apt. 824, South Matthew, MO 38202",8/30/1979,Engineer,Finance,Social Media,,34816.01,1/29/2025
CUST8505,Jocelyn Ballard,jason46@stewart-woods.com,038-507-3453,"33874 Nicholas Ranch Apt. 270, Klineburgh, WV 71401",12/17/2000,Engineer,Manufacturing,Referral,,53516.88,9/23/2024
CUST3118,Jennifer Johns,pamelasherman@hotmail.com,735-156-8998,"09198 Gregory Dale Suite 509, Lisatown, FL 22280",7/3/1992,Analyst,Finance,Unknown,SMS,136521.3,3/18/2025
CUST5586,Barbara Hall,jake29@yahoo.com,(456)028-8227x62802,"Unit 6997 Box 0234, DPO AP 23958",7/17/1958,Director,Manufacturing,N/A,Email,111832.64,11/30/2024
CUST2007,Christopher Gray,elizabeth58@hall.com,197-684-2001x11443,"9129 Madeline Key Apt. 026, Allenside, MA 65003",3/1/1959,Consultant,Finance,Website,Email,127069.33,10/30/2024
CUST2236,Erin Davis,bbarnes@hotmail.com,001-979-768-0517x272,"135 Jones Bypass, Port Tylerstad, MI 42261",1/30/1958,Director,Finance,Referral,Email,133213.03,4/3/2025
CUST2337,Alexander Lawrence,qalexander@rush-anthony.com,127-735-3431x0971,"3519 Tiffany Extensions, North William, FL 80460",6/3/1970,Manager,Technology,Social Media,,119055.41,10/4/2024
CUST7919,Lauren Anderson,jonathanreed@yahoo.com,066-837-8991x8875,"3352 Salazar Cliffs Apt. 218, Davidfort, RI 58715",3/28/1969,Technician,Finance,Referral,SMS,63498.98,2/12/2025
CUST5748,Rachel Hart,csmith@hotmail.com,+1-442-164-8878x65382,"111 Michelle Keys Apt. 325, Pamelaside, ME 07773",10/15/1967,Engineer,Healthcare,Email Campaign,,119998.51,5/21/2024
CUST9597,Alexander Lewis,robin97@gmail.com,001-597-021-9348x354,"13777 Martin Harbors, Chadstad, WV 36011",9/20/2002,Manager,Retail,Social Media,SMS,85652.95,4/12/2025
CUST6481,Christopher Michael,lisaadams@hotmail.com,221.851.0379x9540,"19081 Hall Fall, North Debbiemouth, HI 92466",1/28/1987,Analyst,Education,N/A,,66883.64,10/17/2024
CUST7442,Michael Parker,mccarthysusan@yahoo.com,1136988069,"69445 Garcia Route Suite 574, West Courtney, WY 47339",9/12/1957,Manager,Healthcare,Unknown,,122338.05,5/29/2024
CUST3215,Paula Gallagher,curryadam@gmail.com,001-045-938-3819,"196 Alan Gateway, New Alvin, KS 36324",12/8/1964,Consultant,Retail,Email Campaign,,143739.27,7/15/2024
CUST5553,Johnny Shaffer,jessica98@hotmail.com,700-168-5691,"6424 Jody Rapid Suite 719, Tuckerburgh, MA 17184",6/20/1986,Technician,Education,Website,,38925.96,7/24/2024
CUST1018,Laurie Carey,dmarsh@yahoo.com,001-028-948-7673x566,"907 Jamie Passage, North Melissahaven, MN 46635",7/20/1980,Technician,Manufacturing,Website,Email,63979.47,7/31/2024
CUST8486,Melissa Davis,charrell@hotmail.com,617-137-8575x071,"USNS Grant, FPO AP 85869",2/26/1958,Manager,Retail,Website,,118695.01,7/18/2024
CUST7759,Sabrina Jackson,larrylopez@gmail.com,+1-098-332-2601x16603,"786 White Manors Suite 198, West Erinland, MT 10358",2/1/1959,Technician,Healthcare,Event,Email,147105.29,1/24/2025
CUST4375,Peter Gregory,wesley45@hotmail.com,494-716-5751x32746,"267 Howard Prairie Apt. 066, Lake Michelleburgh, DC 73249",7/15/1971,Technician,Manufacturing,Social Media,,72260.37,9/29/2024
CUST1628,Tyler Flynn,lisa01@richards-gallegos.com,+1-869-090-8241x64796,"75275 Campbell Place Apt. 631, Port Heatherville, TN 47071",10/26/1961,Technician,Manufacturing,Unknown,SMS,113801.64,7/30/2024
CUST3673,Olivia Obrien,munozmarie@young.com,191-053-5408,"8122 Elizabeth Island, North Jeremy, IA 39470",3/31/1988,Analyst,Finance,Unknown,SMS,137027.11,9/1/2024
CUST2246,Heather Lewis,kbradford@gmail.com,001-465-996-5339x5205,"092 Steele Oval, Douglasstad, WA 17761",11/6/1996,Manager,Technology,Email Campaign,,103704.32,8/16/2024
CUST5469,Tiffany Fuller,hensonerika@brown.com,+1-672-431-8679x29723,"027 Ernest Pine, Benjaminstad, IN 80842",3/18/1999,Director,Manufacturing,N/A,,110671.23,3/3/2025
CUST8353,Stephen Wong,josemccormick@gmail.com,001-413-067-6979x882,"3627 David Ridge Apt. 248, New Anitaville, PA 32776",8/20/1970,Consultant,Healthcare,Social Media,Email,24806.12,2/8/2025
CUST1484,Stephanie Mason DDS,sdunn@gmail.com,489-633-9267x29160,"390 Hardin Grove, Tracystad, WV 34624",5/1/1960,Consultant,Technology,N/A,Phone,87661.06,3/31/2025
CUST4007,Brenda Logan,marilynyoung@yahoo.com,291-993-7386,"11268 Wright Isle, Chambersmouth, IA 47496",5/22/1983,Analyst,Healthcare,Website,SMS,87773.66,10/11/2024
CUST8680,Natalie Smith,cwiggins@hotmail.com,094.551.2948,"577 Cross Circle Suite 803, Port Amy, CT 06466",6/28/2006,Manager,Finance,Website,SMS,51374.17,4/15/2025
CUST2421,Shane Ross,roger31@yahoo.com,277.821.6206x31507,"18123 Michael Ways Suite 599, Deborahburgh, IN 69289",10/11/1960,Technician,Retail,Event,Email,115158.2,4/25/2024
CUST8794,Sharon Summers,margaretmorgan@booth-duran.com,+1-801-901-0134x8058,"29339 Wiggins Creek, Jamesside, VT 85841",12/22/2002,Analyst,Technology,Event,SMS,36095.69,10/25/2024
CUST9096,Andrew Ali,stephen74@huff-zuniga.com,504.663.7455x643,"062 Villarreal Stravenue, North Cassandraside, CT 50723",9/13/1991,Engineer,Retail,Social Media,Email,78909.13,12/2/2024
CUST6891,Teresa Rosales,cabreraerik@campbell.org,(488)049-8908,"79440 Davila Key Apt. 625, Butlerborough, FL 80080",8/12/1994,Technician,Manufacturing,Event,Phone,65543.83,2/7/2025
CUST2358,Steven Dixon,invalid_email@,+1-329-783-1414x9447,"Unit 2347 Box 8062, DPO AA 45395",4/22/1975,Technician,Technology,Event,Phone,112865.63,9/17/2024
CUST3955,Kelly Allen,nperry@yahoo.com,001-463-334-9455,"57444 Nicole Court Apt. 875, West Stevenhaven, OK 28872",1/1/1983,Technician,Healthcare,Website,SMS,87138.74,10/29/2024
CUST6286,Curtis Bell,jblackwell@gmail.com,3594218810,"997 Melissa Ville, Stephaniefort, NY 26153",10/4/1987,Analyst,Retail,Website,Phone,112513.25,12/10/2024
CUST3373,Sara Lynch,ashleyparker@cole.biz,+1-064-338-8370x0977,"USS Taylor, FPO AE 48120",11/16/1988,Engineer,Finance,Website,,135506.21,5/7/2024
CUST2448,Sierra Francis,hendersonjessica@hotmail.com,(970)644-1586x0400,"81425 Cochran Underpass, Randyhaven, NV 68812",12/9/1982,Manager,Retail,Website,SMS,107986.92,3/4/2025
CUST5589,Lisa Bennett,yabbott@ward.biz,439-478-5129x4810,"9260 Lee Circles Suite 727, Aguilarstad, NH 18678",9/16/1998,Director,Manufacturing,Event,,133361.92,3/1/2025
CUST8694,Antonio Morris,blake32@montgomery.com,1436897599,"40211 Ferrell Drive Suite 854, West Gabriella, VA 40383",3/21/1991,Consultant,Technology,Email Campaign,,109572.32,6/12/2024
CUST7003,Scott Walker,reginaldmoss@hotmail.com,001-087-629-1249x53270,"08980 Donald Cove Suite 758, Port Tinatown, WA 64827",12/29/1954,Technician,Retail,Unknown,Phone,38765,12/16/2024
CUST2272,Taylor Mendoza,daniellehorton@meyers.com,001-528-751-6991x76853,"098 Angela Brooks, Stevensfort, LA 91285",3/30/1970,Consultant,Technology,Email Campaign,Phone,145844.13,8/17/2024
CUST9719,Jamie Stevenson,cbranch@gibson.com,(820)224-8195,"02719 Pitts Plaza Suite 814, Maryton, MA 53320",9/30/1959,Director,Finance,N/A,Phone,79206.21,12/30/2024
CUST8435,Jordan Dorsey,holderlori@hotmail.com,391.781.3134x9599,"27568 Andrew Islands, West Vanessashire, IL 15097",9/29/1980,Technician,Healthcare,Event,SMS,139820.66,11/23/2024
CUST4843,Jennifer Riddle,joel89@davis-young.com,276.163.5540x29213,"53983 Andrew Mills Suite 303, Dustinmouth, WV 39257",5/18/1977,Director,Retail,Website,Email,68046.18,3/4/2025
CUST9052,Troy Meza,bkim@hotmail.com,(799)043-4679x910,"3033 Gilmore Key Apt. 365, Padillaberg, ME 97621",1/30/1990,Engineer,Manufacturing,Referral,Email,68290.76,8/23/2024
CUST4868,Jeremy Brown,petergordon@bishop.com,6527121321,"9295 Weaver Flat Apt. 405, New Michael, UT 20787",5/31/2002,Analyst,Education,Email Campaign,Email,122856.48,10/27/2024
CUST1757,Jenna Scott,nicoleanderson@smith-perkins.org,001-358-907-4573x4882,"836 Rickey Vista Suite 058, North Corytown, NH 38545",2/13/2005,Director,Retail,Website,SMS,135577.44,2/11/2025
CUST9453,Brandon Baldwin,watsonjonathan@yahoo.com,603-147-7747,"65740 Bennett Overpass, Lake Barbara, VT 90951",1/23/2003,Manager,Technology,Email Campaign,Email,35902.63,2/14/2025
CUST7494###,Anthony Hawkins,diane34@hotmail.com,+1-245-247-5116x76015,"53236 Rebecca Ports, South Philip, IL 61282",12/25/1960,Engineer,Finance,Email Campaign,,94497.68,5/18/2024
CUST4656,Jonathan Baldwin,klinedavid@gmail.com,(846)981-6497x43922,"7931 Nelson Fork, Nelsonbury, NM 07791",12/22/1964,Consultant,Education,Unknown,,81779.58,11/14/2024
CUST3427,Jorge Jackson,wallen@cooper-robertson.com,062.769.5364x275,"706 Morgan Crescent Suite 128, Jasonfort, TX 12702",7/19/1969,Director,Healthcare,Unknown,Phone,85619.3,9/28/2024
CUST2520,Cynthia Smith,ujohnson@randolph-flores.info,+1-939-529-0442x5018,"068 Schaefer Spur, New Nicholas, NV 52664",8/21/2004,Consultant,Technology,Email Campaign,Phone,132624.92,9/26/2024
CUST8207,Denise Payne,allen10@le.org,692-383-0264x80257,"Unit 1216 Box 6485, DPO AA 45225",5/14/1990,Engineer,Manufacturing,N/A,,70340.57,2/11/2025
CUST7498,Jason Fitzgerald,chapmansamantha@ward-chase.com,(469)370-5644x30094,"9572 Tonya Mills, New Davidberg, KY 31825",6/25/1984,Analyst,Manufacturing,Website,,115668.66,4/16/2025
CUST8335,Shelby Edwards,leachabigail@hotmail.com,(066)158-7057x7354,"24961 Swanson Field, Davidfort, MT 39840",6/15/1966,Engineer,Healthcare,N/A,Email,94359.32,4/21/2025
CUST9251,Kathy Miller,juan93@yahoo.com,496-582-7380,"050 Dalton Track Suite 924, Sherrishire, NJ 42469",8/6/1994,Analyst,Manufacturing,N/A,Email,103708.84,8/25/2024
CUST3104,Ronald Floyd,mpennington@gmail.com,(527)731-9886x3176,"5147 Justin Glens Apt. 453, North Allison, LA 66449",8/15/1965,Manager,Manufacturing,Event,Email,144448.06,3/29/2025
CUST1607,Brian Landry,victornguyen@williams-kemp.biz,(418)772-9041,"4546 Paula Mountain, Charlottestad, AZ 47615",1/30/1966,Manager,Retail,Event,Email,35636.81,10/3/2024
CUST3691,Kim Smith,martinezashley@yahoo.com,992-384-2064,"326 Abigail Oval, Jeremyshire, MT 52430",1/2/1994,Manager,Finance,Social Media,Phone,51887.27,2/13/2025
CUST5780,Elizabeth Deleon,bradshawgarrett@lynn-jones.biz,952.210.8691x694,"1280 Leslie Dam Apt. 100, Kimmouth, OH 25710",8/17/1991,Director,Retail,Website,SMS,72233.72,10/9/2024
CUST5380,Becky Warren,sandrahoward@gray-black.com,(778)659-9611x7909,"21511 Kelly Highway Apt. 431, Mcdowellmouth, NY 46186",3/12/1955,Consultant,Finance,Social Media,,43466.04,6/22/2024
CUST2599,Jasmine Martin,kevin09@bailey.org,200.150.6811x74979,"403 Duncan Mountains, Sonyaview, OK 90222",7/24/1992,Director,Education,Email Campaign,SMS,31833.26,2/5/2025
CUST1404,Douglas Powell,hmeza@orr-porter.com,256.460.0462,"02131 Cristian Ridge Suite 689, Pricestad, MA 27897",7/15/1977,Director,Healthcare,Social Media,Phone,43746.96,11/12/2024
CUST1110,Christopher Hampton,amberrice@summers.com,+1-920-856-0872x74779,"324 Baker Spurs Apt. 576, Lutzberg, OK 56183",12/13/1965,Manager,Education,Email Campaign,Phone,27658.79,11/1/2024
CUST2051,Cathy Young,esimmons@curtis.net,001-745-420-8385,"16846 Kellie Forest Suite 039, East Xavierborough, MT 63142",4/26/1957,Manager,Finance,N/A,Email,58743.16,11/22/2024
CUST1268,Wendy Jones,carsonjamie@carter.com,8327007574,"4095 Smith Drive, Valenciafort, OK 56183",8/16/1978,Analyst,Healthcare,Email Campaign,SMS,53531.46,4/17/2025
CUST7496,Tracy Robinson,dstout@hotmail.com,(023)519-5272,"1447 Fleming Springs Suite 958, South Mariaside, MD 06716",12/22/2001,Engineer,Healthcare,Referral,Phone,84087.33,10/20/2024
CUST8613,John Porter,rodney57@rosales.com,001-107-162-4994x517,"67420 Johnson Court, Frenchview, AK 18539",4/26/1974,Director,Retail,Website,SMS,27882.16,6/5/2024
CUST6023,Brandon Parks,gary99@hotmail.com,(908)563-3614x219,"Unit 9556 Box 4932, DPO AE 46246",7/10/1956,Director,Retail,Website,,23757.84,10/9/2024
CUST6501,Michael Mccormick,hthomas@stone.com,(951)859-2434,"PSC 5975, Box 8605, APO AE 03145",10/12/1976,Manager,Finance,Social Media,Email,52021.09,2/1/2025
CUST6904,Jonathan Cox,dana82@byrd.com,+1-862-288-7183x111,"535 Hill Track, Jeffreyshire, ND 66391",2/28/1964,Technician,Healthcare,Social Media,,77977.69,1/18/2025
CUST4021,Tracy Fox,carterjoshua@yahoo.com,759-861-1757x99807,"9739 Allen Expressway Apt. 733, Andrewsland, WI 22602",10/23/1997,Director,Healthcare,Unknown,Phone,68529.68,10/30/2024
CUST6243,Janet Oneal,vfields@james.com,694-286-4583x48137,"Unit 1007 Box 1153, DPO AA 61075",9/27/1973,Manager,Manufacturing,Email Campaign,,25432.97,7/21/2024
CUST7763,Lance Becker,kblack@jones-spencer.net,9972828075,"64534 Cody Throughway, Port Justin, WY 21628",9/8/1993,Director,Education,N/A,Phone,20070.58,2/12/2025
CUST9928,Allison Bowman,millerkatelyn@hotmail.com,-5801,"5859 Garcia Stream, Herrerashire, NE 53351",9/6/1961,Analyst,Manufacturing,Social Media,,149901.44,10/21/2024
CUST6207,Raven Castillo,heathian@bailey-zuniga.org,+1-418-365-3584x132,"04530 Roberts Ports, Andrewfort, CT 42548",9/5/1985,Manager,Manufacturing,Unknown,SMS,25913.01,12/21/2024
CUST7174,Ray Morrison,jennifer07@anderson.com,2738278075,"170 Jones Loop Apt. 440, Johnsonton, MI 50845",9/10/1988,Director,Manufacturing,Website,SMS,31662.96,5/22/2024
CUST2021,Brett Gray,mgreen@yahoo.com,+1-237-249-6792x32531,"59126 Simpson Springs, West Brian, PA 45522",6/18/1973,Engineer,Healthcare,N/A,SMS,134176.31,11/13/2024
CUST8313,Steven Morris,zgreer@hotmail.com,001-534-349-7958x0036,"14508 Brock Highway, West Alexis, MI 28589",9/15/1971,Director,Manufacturing,Unknown,SMS,134911.11,11/13/2024
CUST8452,Paul Patterson,kathleen28@gutierrez-cook.com,(764)259-7971x3409,"535 Turner Run Suite 221, South Kevinview, OH 12279",4/1/1992,Technician,Education,Unknown,,55491.71,6/17/2024
CUST6270,Thomas Watkins,robertsmark@yahoo.com,266.918.7662,"850 Sydney Lights Apt. 666, Port Marissaview, LA 66127",8/15/1960,Analyst,Education,Referral,,144669.05,8/18/2024
CUST4179,Jeffrey Gilmore,farleyvirginia@mahoney.com,###-###-####,"3218 Parker Points Apt. 744, Lake Douglas, LA 79883",3/18/1968,Engineer,Technology,Referral,Email,99142.28,3/25/2025
CUST2155,,mvaldez@saunders.net,(019)738-2980x4727,"7385 Danielle Crest Apt. 779, Katherineburgh, FL 42087",9/7/1995,Engineer,Technology,Referral,,92252.79,6/22/2024
CUST9100,Michael Rivera,michael37@wang-hurst.biz,001-311-188-0164x010,"53265 Martinez Lodge Apt. 779, Robertport, NC 26007",5/11/1995,Technician,Retail,Unknown,,89957.09,7/2/2024
CUST1910,Cynthia Morton,alexanderbarbara@gmail.com,515.756.4383x324,"1999 Kimberly Islands, West Patriciaport, AK 75188",6/16/1990,Technician,Finance,Event,Email,136034.39,1/20/2025
CUST9658,Rick Brown,qdouglas@yahoo.com,+1-281-773-1257x067,"4043 Willis Shore Suite 565, Bakermouth, TX 88549",12/15/1956,Consultant,Technology,Website,SMS,146365.07,1/13/2025
CUST3490,Cynthia Hicks,candace06@gmail.com,001-411-616-7842x35126,"1083 Christopher Falls Apt. 319, Kristenfort, ME 07487",6/17/2003,Director,Education,Email Campaign,Phone,129088.95,4/17/2025
CUST3574,Anthony Walker,christymorris@yahoo.com,(029)464-8046x7767,"5750 Nguyen Valleys Apt. 648, East Erika, UT 76641",10/19/1958,Engineer,Finance,Email Campaign,SMS,141712.22,9/18/2024
CUST2402,Jeremy Wiggins,gregorymiller@yahoo.com,111.405.1167,"4510 Donald Burgs Apt. 174, East Kathleenport, NV 34699",2/11/1981,Engineer,Healthcare,N/A,Email,118594.73,3/30/2025
CUST1626,Shelby Farmer,adamsamanda@johnson-rogers.com,981517284,Unknown,4/15/1968,Technician,Education,Referral,Email,126116.51,11/18/2024
CUST7937,Jasmine Brown,kimberly63@clark.com,420-316-2190,"PSC 9924, Box 4105, APO AE 02032",5/12/1968,Analyst,Technology,Referral,Phone,147415.49,3/24/2025
CUST8268,Patricia Brown,james79@gmail.com,001-994-575-7863x984,"637 Gilmore Rapids Apt. 337, Colleenville, NV 62793",3/6/1983,Engineer,Education,Email Campaign,Phone,20927.6,5/15/2024
CUST8406,Jessica House,debbiewelch@yahoo.com,-4998,"70478 Weber Plain, Maryville, WV 15647",9/16/1965,Consultant,Finance,Unknown,SMS,93983.29,11/8/2024
CUST5078,Michael Deleon,jessica77@gmail.com,(463)304-1372x1153,"82148 Michael Tunnel, Angelafurt, MT 83635",3/5/1983,Manager,Manufacturing,Referral,Phone,28496.88,3/26/2025
CUST7751,Jennifer Lewis,alexander81@wood.com,001-119-729-5818x942,"3690 Michael Shores, Richardtown, HI 96114",8/25/1976,Technician,Finance,Referral,SMS,141363.24,1/3/2025
CUST4215,Pamela Walker,harrisondana@yahoo.com,242.196.5391,"60691 Meyer Junctions, Vasquezburgh, OK 38602",8/18/1962,Director,Technology,Unknown,SMS,44940.7,11/27/2024
CUST2792,Briana Lin,maryhardin@hotmail.com,(789)239-2870x6464,"34956 Jessica Fords Apt. 027, Port Melissa, TN 40203",6/1/2004,Engineer,Technology,N/A,SMS,108488.45,7/18/2024
CUST9513,Erica Ward,hdavis@yahoo.com,069-429-3034,"850 Charles Drive, East Jamesstad, OH 13567",9/7/1999,Engineer,Retail,N/A,Email,131001.78,9/20/2024
CUST8797,Sara Lewis,christinadavis@cook.com,9471771667,"Unit 1215 Box 7374, DPO AA 42532",9/11/1999,Consultant,Retail,Social Media,Email,108422.55,4/20/2025
CUST5168,Amber Reyes,adavis@prince.info,(374)439-6908,"12011 Samantha Vista, Hawkinsville, FL 92096",9/17/1968,Consultant,Education,Event,Email,134894.32,7/14/2024
CUST6642,Jordan Morales,robertjohnson@gmail.com,(413)931-6440x34442,"89962 Richard Green Apt. 684, North Jacobburgh, AR 12965",2/17/1993,Engineer,Education,Email Campaign,,61111.46,2/12/2025
CUST4723,Jamie Hahn,adiaz@hotmail.com,001-465-928-3447x37670,"265 Gary Drives, Farmerport, RI 23339",12/3/1989,Manager,Education,Website,Email,148734.4,6/30/2024
CUST3028,Dawn Cooper,jenniferpatel@nichols.org,677.739.9713x702,"8919 Mccoy Extension, North Philipberg, AL 14473",2/29/2000,Technician,Retail,Website,Phone,45593.99,7/2/2024
CUST1025,Tara Morales,jorgesimpson@yahoo.com,001-451-062-5538x207,"Unit 9457 Box 3644, DPO AP 64067",10/6/1965,Analyst,Finance,N/A,Email,23623.46,5/16/2024
CUST9100,April Lang,heathermoreno@ross.com,(195)986-8245,"9130 Lewis Springs Apt. 066, North Johntown, TX 31458",5/17/1984,Engineer,Manufacturing,Unknown,SMS,129265.99,3/30/2025
CUST2944,Jessica Olsen,andrewscheryl@garcia.org,472-814-3886x47409,"6170 Timothy Mill, Deborahside, MT 47380",7/25/1986,Engineer,Retail,Referral,SMS,128227.28,9/5/2024
CUST3142,Brandon Jacobs,danielle77@yahoo.com,(327)539-0740x2810,"10495 Elizabeth Key Apt. 269, West Eric, LA 62559",7/28/1989,Director,Healthcare,Website,,119332.81,11/11/2024
CUST2744,,baxterdaniel@elliott.com,+1-419-379-4209x41154,"69684 Tammy Pike Suite 812, Longborough, TN 99228",5/7/2000,Consultant,Manufacturing,Website,Email,146688.33,12/14/2024
CUST9403,Tammy Walter,williamselizabeth@buchanan-lang.com,(280)412-8217,"Unit 7063 Box 6547, DPO AA 11548",10/9/1984,Consultant,Education,Unknown,Email,121744.01,5/25/2024
CUST2100,Michele Knight,gregory94@pitts.org,3313324914,"1336 Lisa Lake Apt. 258, East Christineshire, OH 06940",5/16/1957,Consultant,Finance,Social Media,,28552.73,12/10/2024
CUST1510,Barry Hunter,katherinefrazier@yahoo.com,+1-468-561-8764x2435,"5278 Matthew Canyon Suite 194, Port Alanmouth, SD 56348",7/13/1956,Engineer,Manufacturing,Website,SMS,130490.81,9/7/2024
CUST5826,Lisa Bell,christophermartin@yahoo.com,(915)505-2890x8486,"71564 William Track, Victoriaburgh, NJ 23976",8/3/2003,Engineer,Manufacturing,Unknown,,50304.56,5/30/2024
CUST8353,Felicia Williams,bramos@hotmail.com,7876719781,"430 Miles Ramp Apt. 874, Port Gailtown, DE 01136",2/6/1993,Technician,Manufacturing,Website,,69909.6,8/5/2024
CUST5225,Patrick Kelly,wpeterson@hawkins-espinoza.info,017.240.1518x97389,"89721 George Walk Suite 031, Martinezview, NH 37429",5/21/1982,Director,Manufacturing,Website,SMS,104619.79,2/11/2025
CUST6352,Aaron James,blackburnvincent@king.com,001-142-519-4955x241,"1364 Shaffer Forks Suite 395, West Steventon, MO 11078",10/9/2005,Engineer,Retail,Event,SMS,96415.74,1/8/2025
CUST3646,Shelby Henson,kennedyjustin@kelly.com,440-794-0786x3467,"389 Erin Turnpike Suite 725, Dixonstad, VT 70432",7/16/1999,Engineer,Finance,Event,Email,97075.24,10/19/2024
CUST9453,Susan Cunningham,brandon25@gordon.biz,(903)103-4485,"05721 Lee Flat, Port Jacksonstad, WA 32575",8/17/1976,Director,Healthcare,N/A,SMS,66200.86,8/15/2024
CUST5579,Randy Brown,lisa98@hotmail.com,(192)417-8890x683,"7328 Gibson Garden, Port Ashley, DC 03578",1/27/2003,Technician,Manufacturing,Email Campaign,Phone,51609.82,4/19/2025
CUST1110,Chelsey Bell MD,philip70@hotmail.com,001-086-633-2464x5647,"USCGC Barnes, FPO AP 50223",9/21/1990,Engineer,Healthcare,Social Media,,86706.35,9/3/2024
CUST8625,Lisa Valdez,evansluis@gmail.com,889.580.9071x701,"3923 James Land, North Stephen, TX 36451",11/12/1963,Analyst,Education,Event,Phone,39163.18,2/22/2025
CUST9181,Timothy Hoffman,ismith@flores.com,001-987-460-5070,"9515 Paul Place Apt. 372, Barnesfort, WI 28111",1/25/1982,Director,Education,Social Media,SMS,146135.24,7/22/2024
CUST2318,Joseph Soto,beth12@gmail.com,750-963-1180,"62779 Keller Way, Cummingsmouth, NY 71763",4/30/1973,Director,Technology,N/A,Phone,27451.29,7/19/2024
CUST6564,Jocelyn Jackson,andrearamsey@yahoo.com,001-080-082-4943x373,"PSC 9396, Box 7931, APO AA 13841",7/11/1998,Director,Finance,Email Campaign,SMS,45402.93,4/10/2025
CUST9475,Lisa Nelson,josephhanson@cruz.biz,001-829-261-0906,"096 Robert Hill, East Emma, OR 73570",11/30/1989,Technician,Healthcare,Unknown,Email,64401.75,9/14/2024
CUST5574,Ronald Davis,timothyholmes@gmail.com,157-279-7385x4736,"PSC 7192, Box 7693, APO AE 32750",3/18/1991,Consultant,Technology,N/A,,97969.1,10/19/2024
CUST3341,Martin Schultz,delacruzrobert@martin.biz,209.584.0934,"2031 Arias Parkways Suite 022, Knightfort, NH 58610",11/11/1998,Director,Manufacturing,Social Media,SMS,74430.39,10/7/2024
CUST1906,Morgan Holt,josephbrown@macdonald.com,112.736.0016x14260,"61517 Miller Track Apt. 985, North Lindsay, NE 77189",12/22/1990,Engineer,Retail,Unknown,Email,84470.99,8/27/2024
CUST7623,Scott Farmer,kristyleonard@hotmail.com,+1-548-091-8222x59496,"PSC 2608, Box 3213, APO AE 87794",10/20/1962,Technician,Healthcare,N/A,Phone,80649.78,5/25/2024
CUST6729,Cheryl Thompson,scottjennifer@williams.com,175.521.7246x836,"72122 Flores Rue, Angelabury, OR 92666",1/5/1986,Manager,Retail,N/A,SMS,124945.27,8/9/2024
CUST8468,Eric Quinn,erica34@yahoo.com,+1-832-990-7328x068,"30140 Kimberly Mountain, West Frankfurt, MI 82479",11/5/1982,Manager,Retail,Referral,Email,67166.23,9/1/2024
CUST2952,Charles Sanchez,ericgarcia@goodman-gibson.com,###-###-####,"USNS Black, FPO AP 85116",3/4/2006,Analyst,Finance,Event,Email,38512.26,11/22/2024
CUST9572,Andrew Young,dana74@smith-powell.com,001-847-612-0286x743,"560 Franklin Wells, New Sarahfurt, HI 39456",6/14/1989,Manager,Technology,Event,SMS,25707.63,3/11/2025
CUST3311,Michelle Weaver,jermainerobinson@yahoo.com,634.747.3065,"3616 Hayes Via, Haroldfurt, VA 53377",5/5/1980,Manager,Healthcare,Social Media,Phone,48462.86,12/4/2024
CUST6407,Jennifer Alexander,kaylafischer@anderson.com,544-814-5406,"5282 Monica Light, Lake Kevinview, AK 79818",1/11/1994,Technician,Healthcare,Social Media,Phone,43210.39,5/3/2024
CUST3475,Chris Williams,emily63@martinez.com,442-562-8285,"3657 Oliver Summit Suite 916, East Tara, OK 31993",3/7/1985,Manager,Education,Website,Email,128087.95,11/14/2024
CUST3568,Joshua Weaver,patricia09@gmail.com,645-892-0608x004,"1398 Jordan Underpass Suite 847, Sanchezchester, IN 12591",11/13/1977,Consultant,Technology,Unknown,Email,63989.83,1/10/2025
CUST7164,Rachel Meadows,palmerlaura@gibson.com,(884)327-3118x3837,"280 Jennifer Causeway Suite 750, Thomastown, RI 99338",4/26/1972,Analyst,Retail,Referral,SMS,125233.41,5/3/2024
CUST6517,John Bray,johnathanrosario@murillo.org,001-945-108-6108x641,"2095 Phillips Fall, Lopezmouth, ID 63668",7/6/1973,Manager,Manufacturing,Unknown,,134190.42,2/8/2025
CUST4383,Courtney Collier,bonnieolsen@johnson.com,902-111-3511x8289,"PSC 1599, Box 4807, APO AA 57252",7/3/1989,Engineer,Healthcare,Referral,Phone,44918.57,8/10/2024
CUST6921,Heather Hicks,gabrielbooker@fuller.info,+1-219-091-8196x7626,"67742 Bradley Green Suite 289, South Angelashire, SC 85639",4/13/1993,Technician,Education,Social Media,,147007.6,11/25/2024
CUST3979,Lisa Hayden,traceyhammond@gmail.com,+1-943-685-9535x79604,"0152 Natalie Meadows, Port Tinabury, NJ 50267",1/21/2001,Engineer,Manufacturing,Event,Phone,131076.61,7/23/2024
CUST1210,Shawn Warren,craiglee@gmail.com,4516627877,"87301 Cole Parkways Suite 636, Tracymouth, AK 82367",10/27/1987,Manager,Education,Referral,Email,101829.69,10/31/2024
CUST5180,Kirk Ballard,john92@evans.com,326-502-6679,"693 David Curve, Lake Pamelaberg, DC 99172",2/25/1998,Manager,Manufacturing,Event,,47200.88,11/28/2024
CUST3350,Dustin Jones,yshaw@vance.info,099.017.5806,"977 Travis Prairie, Delgadotown, SD 15383",12/23/1967,Consultant,Technology,Event,Email,41766.36,4/12/2025
CUST3860,Kimberly Craig,sandra67@hotmail.com,482-027-3167x614,"608 Reese Dam, Deborahland, AZ 80615",1/29/2002,Technician,Manufacturing,Social Media,,87456.01,10/7/2024
CUST3231,David Collins,burtontracy@yahoo.com,001-929-999-3635x10041,"5298 Fox Tunnel Apt. 842, Horneton, ME 38399",6/11/1987,Analyst,Technology,Social Media,,113034.48,12/14/2024
CUST1246,Daniel Johnson,susanmartin@mejia-moore.com,958-430-9163x002,"59679 Daniel View Apt. 147, New Chadstad, WV 34511",11/2/1983,Consultant,Education,Event,,102953.73,4/22/2025
CUST1826,Christopher Yates,mcollins@gmail.com,011-620-8853x8601,"780 Rogers Lights Apt. 308, Cooperhaven, AR 33272",4/7/2001,Technician,Finance,Referral,Phone,136335,11/29/2024
CUST4767,Tracy Acosta,invalid_email@,909-176-2799x48183,"05967 Shannon Square, North Jonathanmouth, ME 01577",2/27/1967,Manager,Retail,Referral,SMS,75252.97,6/21/2024
CUST7059,Andrew Mathis,nicolefarmer@duncan.com,001-256-455-3554x883,"46882 Rivera Stream, Ashleyburgh, WV 52273",12/14/1987,Director,Healthcare,Unknown,SMS,53088.8,8/7/2024
CUST8767,Anna Ross,heather47@ramos-cohen.info,+1-696-130-8229x692,"12293 Ferguson Landing Suite 222, North Sandraton, MD 02623",6/28/1965,Manager,Finance,Social Media,,87446.69,1/11/2025
CUST1054,Jeffery Lam,cunninghamsharon@yahoo.com,(282)982-5606,"83266 David Extension, Briggsfort, MN 27519",8/5/1960,Director,Finance,Email Campaign,SMS,75393.3,7/8/2024
CUST7030,Vincent Wilson,qbrown@hotmail.com,+1-830-789-5621x46293,"41784 Mendoza Vista Suite 744, South Lawrence, CO 53842",9/13/1964,Consultant,Retail,Social Media,,61212.66,8/17/2024
CUST9022,Shelby Gibson,amandataylor@hotmail.com,063-195-5222,"54589 Jeremiah Valleys, Courtneyton, ID 75261",4/27/1976,Engineer,Healthcare,Email Campaign,Phone,54531.23,10/9/2024
CUST7246,Gregory Blair,josephlynn@mathis-wilson.com,001-519-149-5019x015,"04210 Gary Hollow, Kathyburgh, WY 37804",3/4/1976,Analyst,Finance,Social Media,Email,122163.53,12/5/2024
CUST4110,Kelly Campbell,gillnicholas@gmail.com,(792)388-8025,"6589 Cox Shoal Suite 191, Nelsonmouth, NV 17423",8/10/1991,Engineer,Finance,Website,SMS,24976.58,10/20/2024
CUST3932,Andrew West,fwashington@gmail.com,880.782.7989x052,"Unit 3643 Box 3257, DPO AA 88286",12/12/1986,Analyst,Healthcare,N/A,SMS,52503.07,10/11/2024
CUST8202,Brian Carter,brian19@porter.com,+1-301-516-8130x09094,"6464 Rollins Brook, East Sheilaton, NE 38620",11/29/1955,Technician,Education,Referral,Phone,149792.66,4/29/2024
CUST8193,Donna Davis,angela06@snyder-alexander.info,(284)957-0715x524,"129 Kathy Well Apt. 075, Williamsborough, GA 51714",6/22/1958,Technician,Technology,Event,SMS,21109.4,9/22/2024
CUST8384,Kathryn Horton,julieevans@yahoo.com,1775645328,"365 Cardenas Motorway Apt. 047, Lake Valerie, OR 97402",8/12/1978,Analyst,Education,Unknown,,142955.95,5/26/2024
CUST3005,Beth Pitts,jenniferfranklin@yahoo.com,(726)431-1910x0320,"USNS Morgan, FPO AA 40303",6/25/1983,Technician,Finance,Email Campaign,Phone,132510.6,3/30/2025
CUST9698,Carol Moyer,quinndustin@hotmail.com,5438883427,"9002 Timothy Rest Apt. 426, Edwardland, MT 88429",11/16/2005,Manager,Technology,N/A,Phone,81676.97,11/16/2024
CUST8201,Timothy Davenport,karenlee@hotmail.com,+1-399-681-8726x466,"8203 Perry Shores Apt. 175, Frankton, WA 58168",6/26/1959,Director,Manufacturing,Unknown,,113926.35,9/27/2024
CUST1600,Nichole Martinez,ewalsh@gmail.com,+1-219-655-0045x441,"34766 Kramer Lights Apt. 176, Parksport, WA 75813",2/22/1999,Analyst,Finance,Social Media,Phone,75743.09,4/29/2024
CUST3688,Tiffany Duffy DDS,leonardpreston@may.net,001-398-214-2709x3620,"49123 Thompson Radial Suite 366, West Williamberg, WI 36677",9/24/1965,Consultant,Healthcare,Email Campaign,,130882.74,9/12/2024
CUST2793,Allison Abbott,maxwelljohnson@foster.org,961.224.9207x0449,"2926 Mitchell Vista, Garciafort, ND 20429",4/7/2000,Analyst,Healthcare,Event,Phone,59724.35,7/4/2024
CUST9605,Edward Marshall,brentlyons@garcia.org,001-431-583-0827x0311,"548 Ross Place, Danielleborough, WY 81974",4/24/2000,Engineer,Retail,Unknown,SMS,64176.89,10/27/2024
CUST3517,Andrew Bauer,omorales@yahoo.com,9971648823,"61951 Chen Shores Apt. 847, Fitzgeraldborough, ND 90693",6/27/1981,Consultant,Technology,Unknown,,119169.41,3/31/2025
CUST6472,Ms. Jennifer Sandoval,austin07@hunt.com,723.468.9585,"7468 Nguyen Estate, Ashleyshire, NM 47953",4/23/1998,Director,Education,Social Media,Email,93785.07,11/4/2024
CUST9288,Joshua Holland,kevinbrown@miller.com,430.955.3329x774,"PSC 2340, Box 6443, APO AP 65682",3/27/1985,Manager,Healthcare,Social Media,,147422.38,6/18/2024
CUST2019,Alyssa Liu,abarnes@yahoo.com,+1-021-108-3883x688,"5845 Charles Ramp, Patrickshire, NE 73710",10/20/1956,Consultant,Finance,Event,,44484.03,9/28/2024
CUST1478,John Washington,obishop@calderon-hahn.com,(611)236-8446,"832 Alyssa Street Suite 900, North Richardchester, AK 87122",11/11/1959,Analyst,Manufacturing,Email Campaign,SMS,32121.4,10/25/2024
CUST2181,Deborah Nash,william51@gmail.com,426-360-7158,"USNV Leach, FPO AE 48450",11/21/1972,Technician,Manufacturing,Referral,Email,127441.73,9/20/2024
CUST7153,Destiny Murphy,jordanyoung@hotmail.com,(413)737-7882,"16035 James Drives Apt. 030, North Erika, MT 60123",1/29/1999,Consultant,Finance,Referral,Phone,29033.83,12/14/2024
CUST6101,Thomas Phillips,epatrick@gray.com,+1-713-664-1195x1274,"74034 Dunn Ridge Suite 168, Barrchester, GA 66766",8/29/1998,Analyst,Healthcare,Referral,SMS,105744.09,6/15/2024
CUST8464,Kevin Arroyo,ehull@ponce.com,+1-200-130-0602x41676,"355 Kaiser Neck Apt. 068, Mooreland, UT 46091",10/23/2005,Consultant,Finance,Social Media,Email,42337.34,12/13/2024
CUST4242,Chelsea Robles,nicholastorres@cook.com,443.289.1992x7519,"PSC 8523, Box 3366, APO AE 01987",4/5/1982,Consultant,Healthcare,Website,Phone,89738.89,1/12/2025
CUST6045,Brian Hayes,mknox@yahoo.com,242-050-3152x441,"636 Christopher Tunnel, Fischershire, WA 19418",9/17/1958,Technician,Finance,Email Campaign,Phone,36891.2,8/22/2024
CUST6808,Carrie Wallace,paulduarte@perry.info,066-802-9340x93275,"384 Berry Island, East Taylor, WI 82647",8/15/1998,Analyst,Retail,Unknown,,40641.56,6/4/2024
CUST6657,Natalie Cunningham,maureen71@yahoo.com,808-803-7961,"353 Stephanie Hills, North Matthewstad, DC 28445",9/5/1973,Analyst,Manufacturing,Referral,,55807.33,4/28/2024
CUST6091,Jason Benitez,adamkim@anderson-price.net,(872)966-6235x6327,"5189 James Forks, Alanberg, NH 74733",4/6/1958,Manager,Retail,Website,,98630.32,12/31/2050
CUST6084,Sandra Reed,victor87@huffman.net,883.700.2350x5804,"99649 Kerr Hollow, Ruthbury, WI 63969",1/29/1985,Director,Education,Event,,79826.59,9/4/2024
CUST9728,Kayla Gonzales,tristanking@davis.com,(191)230-2794x49097,"0249 Joshua Hollow Suite 861, Tanyamouth, DC 48860",11/5/1971,Engineer,Technology,Website,SMS,104018.89,4/26/2024
CUST9089,John Owens,popereginald@hotmail.com,673.139.1735,"35619 Laurie Fords Suite 104, Mitchellbury, IA 27752",8/23/1972,Analyst,Technology,Unknown,SMS,70841.75,8/7/2024
CUST6112,Dustin Lee,thompsonmelanie@gmail.com,900.595.7396x1812,"PSC 2810, Box 2291, APO AA 58260",2026-15-45,Consultant,Healthcare,Referral,,79517.66,6/4/2024
CUST3013,Lisa Roberts,ujackson@smith-clayton.com,+1-720-894-5028x715,"7901 Martin Ferry Suite 575, Sarafort, IN 50535",9/6/1967,Manager,Technology,Event,Email,71161.67,9/30/2024
CUST2628,Justin Michael,rachelcoleman@hotmail.com,150.097.6273,"570 Hernandez Turnpike, Devinshire, SD 71363",12/18/1991,Manager,Healthcare,Social Media,SMS,106665.4,5/14/2024
CUST8321,Laura Myers,royshaffer@strong-ellis.com,711-822-1580x1301,"530 Rodriguez Fall Apt. 777, Tanyahaven, SC 00914",5/28/1966,Technician,Technology,N/A,Phone,138135.74,12/30/2024
CUST7705,Lori Macias,jhunt@gmail.com,###-###-####,"USNV Morris, FPO AE 31899",5/30/1998,Director,Finance,Social Media,Email,118201.59,9/23/2024
CUST3111,Katherine Mcdonald,baxtermary@martinez-snow.org,322-103-8495,"312 Jose Tunnel, Lake Rebeccaberg, KS 53076",10/1/1984,Analyst,Retail,Email Campaign,Phone,52859.66,5/21/2024
CUST8655,Eric Hernandez,proctorjoshua@yahoo.com,001-476-231-3463,"8986 Brittany Coves, South John, SC 52242",4/11/1955,Engineer,Retail,Website,Email,103052.66,6/21/2024
CUST7156,Charles Huff,idaniels@may.com,+1-531-366-4540x2561,"55942 Rodriguez Plain, Brandontown, GA 99612",9/29/1994,Technician,Retail,Email Campaign,SMS,116974.47,12/31/2050
CUST8288,Monica Armstrong,paulsmith@gmail.com,(408)881-3007x288,"0935 Craig Plaza Apt. 550, West Amychester, VT 35396",9/25/1971,Consultant,Finance,Website,SMS,34908.75,1/24/2025
CUST2785,Ian Walker,hamptondominic@gmail.com,+1-054-942-1229x834,"149 Howard Shores Suite 342, Lake Julie, CA 69459",12/27/1972,Analyst,Technology,N/A,,83018.7,10/18/2024
CUST8426,Raven Martinez,johnathan56@hill-alvarado.net,192-060-3636,"769 Crystal Underpass, Shaunshire, OK 87411",6/6/1993,Engineer,Manufacturing,N/A,Phone,112765.6,4/29/2024
CUST4734,Curtis Lopez,etran@smith.biz,001-238-039-4446x076,"Unit 9362 Box 5357, DPO AE 44500",5/1/1970,Manager,Retail,Unknown,SMS,129403.13,8/15/2024
CUST5783,William Cervantes,vbrown@yahoo.com,943.573.6141,"5903 Roger Prairie Suite 253, Lake Amandaland, OR 15809",1/8/1991,Engineer,Manufacturing,Website,Phone,58238.8,10/7/2024
CUST8107,Michelle Carter,chelsealopez@brown.biz,001-948-715-7690x82616,"0670 Alexander Heights Suite 800, East Patrick, IA 32544",7/24/1962,Technician,Retail,Referral,Email,107280.98,12/15/2024
CUST8811,Bruce Duarte,michael04@gmail.com,(253)904-0426x23770,"474 Higgins Canyon, Joanfort, KY 27362",11/25/1969,Technician,Education,Referral,,66551.31,10/17/2024
CUST4259,Victor Carson,keithgould@gmail.com,401.663.2367x402,"USCGC Baker, FPO AP 26127",2/22/1994,Technician,Finance,N/A,Phone,77467.56,2/18/2025
CUST4843,Melissa Hansen,bentleymelissa@yang.com,(390)634-3549x15412,"77741 Garcia Village, Hallton, OK 02644",8/16/2001,Technician,Manufacturing,N/A,Email,70780.39,3/21/2025
CUST4977,Timothy Norris,kathleen93@gmail.com,+1-107-016-2655x129,"6497 Burns Shoals Apt. 147, Hooverstad, ME 78831",11/29/1987,Consultant,Finance,Event,Email,26326.41,9/17/2024
CUST7978,Sarah Brown,scott24@hall-berry.com,(228)839-2576,"6181 Garcia Forge, Carolinebury, VA 37661",3/17/1990,Manager,Healthcare,Social Media,Phone,45998.14,5/11/2024
CUST8448,Kimberly Zimmerman,mflores@yahoo.com,001-503-530-4460x7372,"078 Black Spur Suite 733, Williamstad, IA 56681",5/11/1981,Consultant,Finance,Website,SMS,126668.45,10/19/2024
CUST8220,,tonycampbell@grimes.com,382-630-5848x761,"3179 Sanchez Views Apt. 079, East Sydneymouth, OR 64684",2/3/1958,Technician,Finance,Referral,Email,123600.14,10/23/2024
CUST9321,Benjamin Coleman,traceymorris@yahoo.com,7368095877,"99542 Hall Knoll Apt. 706, Port Michael, DC 35391",1/26/1975,Manager,Technology,Referral,Email,74038.4,9/24/2024
CUST9447,Savannah Clarke,vickiemendoza@davis.com,+1-456-884-0589x366,"05494 Thomas Valleys Apt. 116, South Donna, UT 37783",10/19/1987,Analyst,Education,Event,Phone,101207.54,2/24/2025
CUST2973,Christopher Miller,troy73@yahoo.com,615-846-8845,"694 Martinez Walks, West Donaldside, AL 42452",11/27/2005,Consultant,Retail,Website,Phone,47791.4,8/30/2024
CUST2119,Matthew Cole,peter47@gmail.com,(442)991-9432x62622,"3530 Patricia Fall Suite 491, East Stevenville, DE 63051",5/20/1967,Analyst,Healthcare,Website,,105019.06,8/17/2024
CUST2642,Dana Ayala,julie14@gray-smith.com,883-887-8995,"5363 Susan Corners, Robertport, HI 37128",10/14/2001,Consultant,Healthcare,Email Campaign,Phone,28582.12,6/25/2024
CUST6342,Jessica Soto,fuentesdamon@gmail.com,-4078,"2252 Jodi Mission, Sandrafurt, DE 03981",5/31/1967,Technician,Manufacturing,Social Media,Email,28753.06,6/9/2024
CUST6029,Susan Kent,ashley50@hotmail.com,+1-942-767-5719x5325,"3946 Castillo Grove, Mercadoview, MN 97289",11/1/1956,Consultant,Education,Unknown,,147803.32,9/24/2024
CUST6300,Amber Hebert,cwelch@yahoo.com,001-199-745-3284x396,"97537 Rachel Rapids Suite 334, West Joann, GA 50833",9/24/1961,Technician,Manufacturing,Unknown,Phone,52752.22,12/29/2024
CUST1846,Kenneth Anderson,heather88@edwards-perry.org,(840)356-8957,"6532 Rodriguez Station Apt. 779, South Cristiantown, NH 26311",8/16/1992,Director,Education,N/A,,108127.07,8/16/2024
CUST7756,Andrew Wilkinson,karen39@sanchez-flores.com,+1-832-015-8343x8746,"751 Victoria Island Suite 716, Sharonton, HI 26629",7/17/1972,Manager,Education,Referral,SMS,147142.8,6/17/2024
CUST8358,Lori Robinson,alecholden@gmail.com,(785)427-0473,"95474 Joshua Cliffs Apt. 999, Taylorhaven, KY 01365",7/8/1991,Consultant,Finance,Social Media,Email,99109.33,9/21/2024
CUST1197,Elizabeth Lewis,bakerdebbie@gmail.com,001-029-354-0436x831,"4266 Karen Corners Apt. 906, Santosside, HI 10681",7/22/1975,Consultant,Retail,Event,Phone,85444.61,3/23/2025
CUST7791,Amber Schneider,richard77@wallace-wade.com,-4925,"41128 Brandon Vista Apt. 222, North Rebeccafort, NV 79397",12/18/1957,Engineer,Healthcare,Website,Email,60150.32,6/17/2024
CUST7375,Eric Kelly,hmiller@green.com,-6549,"PSC 6785, Box 8270, APO AE 88944",4/12/1981,Consultant,Healthcare,Event,Email,-5600,9/23/2024
CUST3493,Steven Weaver,emily91@yahoo.com,001-688-608-5161x39804,"33726 Alicia Hills, East Jason, IL 70916",2/20/1958,Consultant,Education,Referral,Phone,68847.23,10/14/2024
CUST7354,Brittany Hooper,lisabennett@gmail.com,001-868-103-5002x2891,"03171 Patterson Inlet, North Christianfurt, ID 85210",3/28/2001,Engineer,Healthcare,N/A,,116103.23,5/19/2024
CUST2338,Donald White,richard70@lopez.com,586726458,"6685 Suarez Island, Douglaston, KS 47489",9/10/1974,Manager,Education,Social Media,Email,87713.47,7/21/2024
CUST1370,Glenda Hayes,mfisher@gmail.com,001-920-281-9323x37712,"5798 Jason Keys, Anthonyside, WY 61950",11/24/1984,Technician,Education,Unknown,Email,49771.3,6/9/2024
CUST1460,Ryan Carter,crystalharmon@yahoo.com,621.038.9502,"9827 Levine Camp Suite 628, Port Johnborough, MT 44022",3/15/1985,Analyst,Education,Referral,Phone,90110.53,2/28/2025
CUST6662,Adam Freeman,marylowery@ali.com,402.971.2970,"60856 Joel Isle, Bensonville, CO 75836",2/16/1999,Manager,Technology,N/A,Phone,99048.22,9/18/2024
CUST9403,Mr. Michael Shelton,lisa94@yahoo.com,001-011-552-6688x1795,"54758 Barnett Center Suite 573, South Margaret, MS 72857",1/10/2004,Director,Education,Referral,,101871.73,3/23/2025
CUST7884,Robert Ellison,jessemorrison@murphy.info,+1-790-013-4497x398,"219 Petersen Greens Apt. 761, East Dorothy, KS 03289",1/14/1980,Consultant,Finance,Referral,Email,102467.7,7/12/2024
CUST7236,Gerald Villa,turnertristan@yahoo.com,016.428.0440,"111 Horton Lane, Lake Lisabury, WY 58942",3/7/1964,Manager,Healthcare,Website,Phone,97041.98,7/27/2024
CUST5690,Mary Wilcox,woodjeffrey@gmail.com,2301910976,"48008 Molly Mews, Port Heather, TX 86926",3/26/1967,Manager,Manufacturing,Website,,114248.58,3/10/2025
CUST5871,Angela Daniels,qdowns@kirby.com,994-707-7546x43932,"034 Leah Extensions, Robertberg, NM 29906",3/17/1981,Manager,Technology,Referral,Phone,75122.18,7/5/2024
CUST1088,Jeff Parsons,iperkins@conway.net,-3273,"190 Paul Vista Suite 534, East Samuel, UT 11915",8/25/1978,Manager,Education,Social Media,,145804.36,8/28/2024
CUST3184,Bryan Schultz,rebecca84@hotmail.com,001-810-771-0428x01241,"58824 Hicks Shores, Kristenton, LA 89423",9/21/2001,Analyst,Retail,Website,SMS,71771.78,3/12/2025
CUST5849,Tamara Mccormick,keithforbes@hotmail.com,(306)173-4418x49633,"046 Andrea Dam Suite 388, Kerrfort, AK 69299",3/19/1956,Consultant,Retail,Email Campaign,,118842.18,2/13/2025
CUST7149,Mark Reynolds,lisabernard@harrison-mason.com,491.588.5654,"349 Harris Green Apt. 514, East Danielle, TX 92566",12/23/1957,Engineer,Retail,Email Campaign,Email,118651.58,1/19/2025
CUST4122,Christopher Gilmore,kristengill@gmail.com,+1-016-046-8508x811,"3255 Ritter Villages, Edwardsstad, OR 96812",4/9/2003,Director,Manufacturing,Referral,Phone,53447.92,4/12/2025
CUST3406,Margaret Garrett,nicole13@black-wilson.net,1720400539,"PSC 1179, Box 0626, APO AP 18950",1/10/2005,Analyst,Retail,Social Media,,93078.47,5/14/2024
CUST4810,Elizabeth Preston,cmorales@hotmail.com,833-274-4212,"0244 Carey Ridges, Justinhaven, AK 23926",2/22/2002,Engineer,Education,Referral,,45443.05,7/10/2024
CUST9283,Rebecca Griffith,fwilliams@carrillo-manning.net,001-643-122-6175x7585,"16188 Graham Burgs, Lake James, OK 11906",7/23/1992,Engineer,Finance,Unknown,SMS,83888.98,7/17/2024
CUST7727,Victoria Reynolds,morganallen@gmail.com,001-156-868-0086,"6820 Joseph Estate Apt. 997, South Alexisshire, ND 55530",8/4/1985,Consultant,Technology,Social Media,,83641.64,4/7/2025
CUST7702,Catherine Sullivan,kathynavarro@gmail.com,981.078.3561,"332 Blevins Key Suite 644, Robertburgh, OR 43106",9/19/1988,Director,Finance,Email Campaign,Email,149021.42,4/30/2024
CUST3815,,eric09@gmail.com,503-910-7189,"4227 Phillips Circles, Copelandborough, VT 92098",4/18/1959,Consultant,Manufacturing,Referral,Phone,119183.61,4/30/2024
CUST6734,Russell Pennington,walshhannah@hotmail.com,052-987-7646,"99434 Johnson Village Apt. 383, Robertfurt, OR 99937",1/5/1957,Technician,Education,Event,,102547.37,1/11/2025
CUST7825,Tammy Johnson,katie94@gmail.com,001-069-684-6619,"62906 Yolanda Estates, North Paul, DC 18620",1/23/1988,Technician,Finance,N/A,,140447.44,8/30/2024
CUST2234,Sharon Haney,opayne@baker-simmons.net,001-970-140-5890x1868,"12781 Rios Meadows Apt. 427, Andreaburgh, NC 67466",12/25/1973,Manager,Healthcare,Email Campaign,Email,139790.91,10/31/2024
CUST9391,Katherine Mahoney,lindsey20@king-hogan.org,+1-027-842-6879x1949,"022 James Forge Suite 442, New Paulmouth, UT 51918",1/31/1956,Technician,Technology,N/A,Email,110671.28,11/3/2024
CUST3550,Laura Gomez,sanchezjessica@yahoo.com,047.119.9536x37041,"PSC 8391, Box 7906, APO AP 65738",9/26/1964,Manager,Education,Event,,142754.48,4/25/2025
CUST2871,Austin Brown,laraadam@hotmail.com,+1-351-406-9453x1136,"0196 Johnson Points, North Kimberly, NC 03765",1/12/1990,Analyst,Healthcare,Event,Phone,21603.86,6/3/2024
CUST7471,Michael Waters,larsonamanda@gmail.com,614-874-8183x8436,"75720 Lisa Throughway Suite 419, Orrshire, WV 27592",1/18/2007,Technician,Technology,Email Campaign,,111789.07,7/20/2024
CUST7071,Renee Lee,michellebarr@hotmail.com,5770716782,"PSC 3115, Box 4592, APO AE 23322",8/20/1987,Director,Healthcare,Email Campaign,Phone,127867.44,5/30/2024
CUST5083,Judy Deleon,howardjustin@mcdowell.info,5069808952,"2884 White Club Suite 226, West Lisaland, IA 64773",7/6/2006,Technician,Education,Event,,96190.37,8/3/2024
CUST5014,Christopher Carter,deanna50@green.com,744.526.2797x5571,"227 Dorsey Run Apt. 528, Julieshire, OH 84688",6/10/1994,Consultant,Technology,Unknown,Email,34205.63,12/10/2024
CUST8064,Alison Proctor,bbriggs@santiago.org,3992203393,"06223 Morgan Ramp, Sandovalfort, OK 92126",12/31/1959,Analyst,Healthcare,Social Media,Phone,140902.19,11/13/2024
CUST3396,Paul Coleman,kjones@yahoo.com,001-038-906-5315x812,"31551 Heather Mountains, Westfurt, MT 62153",4/4/1989,Technician,Education,Website,Phone,126130.62,4/23/2025
CUST5975,Jeffrey Thompson,rodriguezjacob@yahoo.com,888-912-0901,"0157 Diana Mill, Keithshire, VA 89698",3/3/1980,Engineer,Finance,Unknown,,88245.06,12/26/2024
CUST9021,Christine Williamson,jason87@johnson-allison.com,744-267-9350,"23660 Jessica Overpass, Lake Shannonmouth, WI 94384",8/19/1977,Analyst,Technology,Email Campaign,Phone,42932.17,6/4/2024
CUST6660,Jennifer Johnson,bkeith@brock.com,+1-236-275-2892x4084,"3766 Riley Land, Youngstad, RI 32861",4/6/1969,Technician,Healthcare,Referral,,43657.96,1/11/2025
CUST1380,William Mahoney,landrysharon@smith.com,(841)134-3869,"Unit 2345 Box 8574, DPO AE 36480",11/28/1977,Consultant,Manufacturing,Unknown,Phone,44132.95,6/26/2024
CUST4654,Laura Ford,mcneilsamantha@hotmail.com,###-###-####,"90147 Julia Terrace Apt. 827, New Mariah, GA 60176",4/1/1981,Technician,Healthcare,Unknown,Phone,53715.75,12/24/2024
CUST9772,Mrs. Kimberly Reid DDS,whiterodney@yahoo.com,723-308-8373,"85395 Smith Bypass Suite 023, West Erica, AZ 92323",11/8/1987,Consultant,Technology,Event,Email,132887.06,11/26/2024
CUST4339,Logan Knapp,brianbradshaw@spencer.org,135-628-3369x750,"5495 Paul Brooks Suite 700, Lake Bryceport, IA 36521",10/21/1958,Engineer,Education,Website,,36208.61,3/17/2025
CUST7269,Amanda Jackson,karenperez@frost.com,(077)517-5695,"6876 Fowler Pike Suite 914, West Eduardo, CO 71300",9/1/1974,Analyst,Finance,Event,Phone,82126.63,4/8/2025
CUST6192,Diana Austin,dcruz@hotmail.com,001-557-898-3122x5252,"397 Franco Glen Suite 687, West Cynthiaside, UT 16931",1/25/1955,Engineer,Finance,Website,SMS,117733.83,6/16/2024
CUST8961,Candace Williams,christopherayers@gmail.com,516.312.3968x995,"8537 Nelson Spring Apt. 321, Stephenmouth, AL 33721",6/30/1955,Technician,Manufacturing,Unknown,Email,32589.44,2/15/2025
CUST3665,Brent Bonilla,ramirezkevin@martinez-brown.info,284.720.8363,"726 Hernandez Port Suite 481, Jimchester, GA 79944",7/13/1979,Engineer,Retail,Event,SMS,141176.69,12/21/2024
CUST4015,Jennifer Davis,raymond01@hotmail.com,986.074.9653,"4875 Hunt Manors, New Frank, ND 10865",6/1/1993,Analyst,Manufacturing,Email Campaign,SMS,68202.07,7/23/2024
CUST3637,Mark Powell,zkennedy@hotmail.com,999-050-2835x54521,"265 Nancy Island, Cruzville, NE 99273",2/7/1983,Analyst,Healthcare,Social Media,,69196.64,1/15/2025
CUST6073,Donna Martin,wsimpson@gmail.com,+1-091-018-8564x352,"866 Bates Radial Suite 075, North Debra, NH 00649",3/27/1962,Analyst,Education,Unknown,Email,20401.01,1/16/2025
CUST4138,Tina Baker,crystal02@yahoo.com,001-305-511-9418x7156,"4123 Sara Spurs, Heatherbury, VA 35734",10/27/1993,Consultant,Technology,Unknown,Phone,23338.46,11/18/2024
CUST7565,Peter Knight,jaredbaker@yahoo.com,(263)794-4937x096,"008 Burke Forest Apt. 020, New Michaelport, NV 66549",5/5/1968,Director,Education,N/A,Phone,67895.89,10/22/2024
CUST5114,Mrs. Mary Harrison,johnstonkrista@love.org,001-631-547-4943x463,"Unit 4596 Box 2887, DPO AE 72400",3/22/1990,Technician,Technology,Unknown,,86938.82,6/23/2024
CUST2640,Michael Rivas,sandrataylor@gmail.com,9001932136,"990 Williams Fields, Morrisland, SC 44601",1/13/1967,Manager,Finance,N/A,SMS,22161.94,6/19/2024
CUST3385,Paula Perez,johnsondanielle@gmail.com,-10218,"Unit 7863 Box 4203, DPO AA 35945",6/8/1991,Engineer,Technology,Social Media,,50362.62,7/14/2024
CUST4631,Sonia Zamora,ndunn@gmail.com,225-283-4319x41465,"81144 Lynn Parks, New Bradborough, MI 38803",12/17/1994,Consultant,Technology,Event,Email,65283.41,12/24/2024
CUST3370,Ellen Osborne,nancy80@robinson.com,394.423.6331x0520,"03518 Barrett Groves, East Kevinstad, NV 11850",12/29/1968,Technician,Technology,Website,,58202.19,7/1/2024
CUST7696,Jennifer Gordon,scottjones@padilla.com,+1-673-519-5296x9474,"459 Erica Street, West Katherine, AZ 47809",1/25/1962,Technician,Healthcare,Unknown,Email,36621.98,10/15/2024
CUST1287,Kayla Oconnor,belltammy@collins.com,(284)026-1072x01721,"0256 Laura Divide Apt. 822, Goodwinfurt, ID 42143",12/3/2002,Analyst,Technology,Event,,41846.87,10/19/2024
CUST1380,Michael Moore,ericaflores@gmail.com,023-305-7827,"23139 Craig Circles Apt. 882, Martinport, MD 90784",6/10/1994,Engineer,Retail,N/A,Phone,51636.28,2/14/2025
CUST2277,Lauren Melendez,lwest@parsons-saunders.net,446-322-6221x94098,"251 Courtney Throughway, Summersfort, FL 76616",8/1/2005,Technician,Technology,Website,Email,76536.14,2/9/2025
CUST4206,Stephen Davis,amanda26@hotmail.com,(667)828-5378x776,"4726 Rebecca Field, Derrickberg, NY 05314",5/21/1994,Engineer,Healthcare,Social Media,,119620.15,12/14/2024
CUST7570,Madeline Booth,mark17@harris.com,5223939663,"407 Hernandez Shoals Apt. 474, Port Calvinmouth, WV 96172",2/23/1963,Technician,Education,N/A,,143695.5,4/25/2024
CUST7261,Kelly Petersen,zacharyaguilar@woods.info,108.455.4245x15385,"410 Garcia Plain Apt. 339, Jessicaport, WI 84599",10/8/1981,Engineer,Technology,Referral,,31757.43,9/21/2024
CUST6298,Robert Wallace,lmartinez@hotmail.com,043.339.5088x391,"787 Colleen Wells, South Albertland, MO 16893",3/30/1959,Analyst,Healthcare,Event,Email,103718.25,7/7/2024
CUST3819,Zachary Bentley,ggarcia@lloyd.info,(449)698-9838x3028,"005 Carlson Lock Apt. 204, East Michaelshire, UT 48504",9/5/1988,Technician,Technology,N/A,,105009.55,12/3/2024
CUST9390,Gregory Arellano,harrisrobert@yahoo.com,(282)673-6757,"7148 Joe Keys Apt. 260, Lake John, NJ 22922",9/28/1968,Consultant,Healthcare,Referral,SMS,35039.7,7/5/2024
CUST2717,Robert Barnes,laurennolan@bautista.net,563.869.1135x556,"946 Heather Radial Suite 957, Brittanyborough, IL 61435",3/16/1993,Engineer,Finance,Social Media,Phone,116800.31,9/16/2024
CUST9985,Shirley Garcia,ndavis@gentry.com,001-274-797-6387x309,"8198 Gina Vista, East Samantha, TN 80188",7/1/1960,Director,Education,Referral,SMS,144028.92,1/5/2025
CUST1394,Michael Curry,pwebb@williams-green.com,001-280-793-8397x5426,"66403 Mills Mountain, Mariefort, KY 54332",4/25/2002,Technician,Finance,Social Media,Email,96707.77,1/29/2025
CUST7952,Joanna Campbell,mosleymary@gmail.com,-3735,"9549 Logan Trail Suite 958, East Stevenborough, MT 42903",11/25/1970,Consultant,Retail,Social Media,SMS,123677.36,7/6/2024
CUST9767,Travis Reyes,mooreryan@gmail.com,(307)013-6718,"485 John Vista Apt. 373, Erikhaven, WV 23375",12/3/1990,Director,Technology,Event,Phone,33856.17,11/5/2024
CUST4898,Kyle Martinez,amanda21@kelly-zavala.com,(018)542-4652x505,"9715 Mendoza View, Comptontown, MS 30768",12/25/1997,Director,Retail,Social Media,Phone,126099.23,10/8/2024
CUST1499,Angela Thompson,hmiller@gmail.com,+1-961-334-9265x913,"PSC 2561, Box 2891, APO AA 32735",3/11/1995,Manager,Retail,N/A,,39165.3,7/3/2024
CUST2698,Brian Huang,rachel04@gmail.com,001-933-834-3375,"640 Jenna Valleys Apt. 794, West Raymondfort, TX 33378",12/3/1989,Manager,Technology,N/A,Email,97854.44,5/28/2024
CUST3911,John Ortiz,charlesreed@yahoo.com,-1886,"650 Hansen Vista, Elizabethchester, SD 49961",8/4/1992,Director,Technology,Website,SMS,149590.32,3/24/2025
CUST7313,Terry Carr,odoyle@gmail.com,238.311.2982x6108,"232 Weber Wells Apt. 086, South Alicia, WY 61679",9/7/1986,Director,Retail,N/A,Phone,84353.32,1/18/2025
CUST5170,Amanda Gallegos,invalid_email@,001-078-469-8882,"8687 Hailey Dam Suite 143, Barberton, IA 70119",11/30/1980,Consultant,Finance,Unknown,SMS,39851.29,5/28/2024
CUST1601,Natalie Lozano,amberlee@pham-foster.net,5341917208,"239 James Loop Apt. 549, Coreystad, FL 74979",9/11/1981,Manager,Technology,Unknown,Phone,111052.96,8/10/2024
CUST4469,Christopher Ramirez,invalid_email@,(851)484-5007x7786,"508 Russell Key, Marissatown, ID 49633",12/16/1989,Manager,Retail,N/A,,58883.23,2/25/2025
CUST3080,Reginald Patel,douglasmelendez@gmail.com,(332)421-5883x825,"21017 Bradley Street Suite 301, West Kimberly, SC 19876",2/12/1979,Manager,Finance,Event,,63863.32,6/23/2024
CUST7575,Sara Williams,michaelhunter@yahoo.com,1909328150,"577 Garcia Causeway Apt. 714, Melindaton, SC 41157",5/29/2004,Consultant,Education,Unknown,,70838.2,10/31/2024
CUST8712,Carrie Smith,adam62@reeves-murphy.info,781.972.0727x386,"207 Wood Lock, Michaelfurt, OH 33663",6/14/1997,Technician,Education,Social Media,Phone,111144.13,8/30/2024
CUST1642,Brittany Barrett,gsherman@gould-cardenas.com,(572)419-8556,"USNV Vazquez, FPO AE 45179",3/25/1961,Consultant,Finance,Referral,SMS,117794.64,4/1/2025
CUST6755,Katrina Dodson,ashleysnyder@smith.com,+1-265-161-0945x15838,"6234 Ward Path Suite 187, Petersland, IA 30242",8/9/1994,Engineer,Technology,Social Media,,105102.42,11/17/2024
CUST2759,Eric Clayton,stephen82@fields.org,+1-162-093-3657x12592,"20513 Townsend Spurs, Harveymouth, MD 52482",7/4/1996,Manager,Retail,N/A,,57840.6,7/8/2024
CUST8124,Todd Ross,elizabeththompson@hotmail.com,702-874-8398x1620,"85384 Mcdaniel Hill Apt. 442, Port Jodi, WV 17131",4/29/1956,Manager,Healthcare,Unknown,Phone,115591.46,3/23/2025
CUST2536,Douglas Snyder,kristineparker@young-acevedo.net,(602)869-7803x8001,"189 Adam Greens Apt. 133, Suzannemouth, MD 73600",2/1/2007,Analyst,Technology,Unknown,Email,108181.31,9/10/2024
CUST8664,Brenda Walker,brittanypearson@hotmail.com,6579397871,"96551 Loretta Path, Lake Raymondstad, IA 02336",4/30/1959,Consultant,Retail,N/A,Phone,140378.09,6/9/2024
CUST6374,Hannah Dennis,stucker@hotmail.com,743.526.0977x8115,"9521 Peterson Well Apt. 669, New Lisa, PA 57539",12/21/1999,Analyst,Retail,Referral,Email,35255.09,10/11/2024
CUST7590,Nicholas Wheeler,rrogers@hotmail.com,6715163106,"410 Eddie Roads, Benjaminmouth, NJ 11313",11/14/1998,Technician,Education,Event,,146064.51,6/7/2024
CUST2365,Ryan Leonard,wilsonsara@hernandez.biz,001-630-953-6617x1453,"39623 Beard Mission Apt. 895, Lake Jeromeberg, GA 69810",12/29/1965,Technician,Retail,Referral,Email,35444.33,12/9/2024
CUST6263,Logan Rivas,montgomeryashley@nelson.net,(408)562-0787x88530,"62977 Pamela Estates, East Jaimeland, MA 52095",11/26/1984,Consultant,Education,Unknown,Phone,104863.61,4/11/2025
CUST1973,Lisa Romero,smithdavid@hotmail.com,(554)895-9060,"20666 James Mountains, Reedtown, OH 41864",12/3/1981,Technician,Technology,N/A,Email,121105.01,2/17/2025
CUST4801,Mandy Frost,yball@gmail.com,(959)281-7445x197,"20222 Watson Forge, Hernandezbury, MN 20153",4/20/2003,Consultant,Education,N/A,,67752,9/6/2024
CUST7348,Amber Hernandez,uscott@gmail.com,022.129.7171x7363,"10373 Lloyd Bridge Apt. 492, East Dennis, AL 81752",12/17/1994,Engineer,Finance,Website,,103383.21,12/15/2024
CUST9030,Mary Johnson,marcus38@espinoza.com,+1-498-548-0593x93750,"88610 Schwartz Harbor, Zacharymouth, WA 65629",9/11/1975,Manager,Finance,Event,,55584.22,3/7/2025
CUST7773,Henry Carpenter,elijahrivas@cooper-ramirez.com,775-114-7552x50996,"3987 Crystal Harbor Apt. 247, East Kara, OK 59263",3/28/1979,Engineer,Manufacturing,Referral,,82944.89,3/6/2025
CUST2540,Richard Page,johnsonmorgan@hotmail.com,(938)338-7239x105,"995 Michael Gateway Apt. 376, Paulamouth, AL 14421",12/19/1966,Technician,Retail,Social Media,Phone,32927.36,11/13/2024
CUST5563,Victor Nguyen,underwoodjacob@howard.org,001-631-025-8440,"988 Kimberly Courts, West Megan, PA 71839",11/22/1986,Technician,Manufacturing,Referral,,125672.83,4/7/2025
CUST9350,Kelli Reed,phatfield@gmail.com,2514264307,"266 Erickson Loop Suite 581, Gravesview, MA 49509",10/20/2003,Consultant,Manufacturing,Unknown,,28311.12,10/5/2024
CUST2355,Grant Brown,jonathan46@mcguire-brock.net,+1-552-616-0890x8543,"58840 Leonard Ways, Cherylfurt, NM 93632",4/15/1961,Director,Technology,Unknown,Email,117956.07,4/6/2025
CUST9258,Brittany Matthews,christine02@gmail.com,001-769-942-9051x560,"1727 Ferguson Glens, South Michaelburgh, OR 10585",7/16/1965,Technician,Finance,Referral,Phone,20692.12,11/21/2024
CUST6556,Rebecca Cruz,bankscynthia@freeman.com,375.246.3635x8679,"8438 Daniel Cliff, South Ericberg, GA 44496",10/4/1965,Analyst,Finance,Website,Phone,94760.53,9/30/2024
CUST8080,Dr. Jennifer Jones,zhogan@gmail.com,(029)661-5276,"07614 Jessica Throughway, Garciahaven, WV 14557",12/15/1958,Manager,Finance,Event,SMS,130688.51,9/17/2024
CUST7029,Rebecca Porter,eholt@jackson.info,049.792.5983x6979,"78784 Stephanie Ramp, North Sergio, IN 83003",1/15/1971,Engineer,Finance,Event,SMS,67262.75,1/27/2025
CUST7057,Monica Bryant,hudsonchristopher@garcia-harris.biz,487.335.8098,"3174 Barajas Freeway, New Scottborough, OR 89320",2/24/1993,Manager,Retail,N/A,Email,52283.82,4/7/2025
CUST9452,James Williams,michael52@hotmail.com,001-025-462-1815x31070,"35718 Dillon Prairie Suite 728, Port Jaclynshire, ME 30696",10/9/1996,Director,Education,N/A,,38181.16,6/22/2024
CUST5437,Bonnie Myers,danny43@ali-moore.com,(701)782-5736,"27092 Michael Stream, Daniellehaven, NV 67394",4/28/2005,Technician,Education,Event,SMS,98802.38,2/6/2025
CUST1560,Brenda Reese,michelle86@gmail.com,001-951-139-7254x885,"9140 Hansen Forge Suite 990, New Ricky, MT 95219",11/5/1989,Manager,Technology,Website,Email,50823.05,7/13/2024
CUST2511,Barbara Roberts,kboyle@gmail.com,064.072.9901x749,"83879 Michael Groves Suite 507, Jeffreyland, DC 01411",1/16/1961,Manager,Education,Unknown,Phone,144464.98,1/22/2025
CUST1110,Matthew Chambers,fbaker@lam-woods.com,+1-536-270-5651x08850,"427 Brandon Field Apt. 109, Briantown, ME 60697",6/11/1971,Director,Healthcare,Event,SMS,56061.44,7/28/2024
CUST5855,Leslie Brown,vasquezkimberly@hodges.com,315.659.0259,"Unit 3126 Box 1767, DPO AA 96773",4/13/1971,Director,Retail,Website,SMS,53887.68,12/9/2024
CUST3352,Jessica Cordova,erika26@yahoo.com,120.811.1322x84942,"36810 Garrett Forks, Lake Katelyn, WY 58018",3/27/1981,Manager,Retail,Email Campaign,Email,142816.26,10/15/2024
CUST4906,Nancy Flores,nvelazquez@mitchell.com,061.566.6961,"8130 Mary Well Apt. 618, Smithchester, MT 51150",5/29/2004,Consultant,Technology,Referral,Phone,29172.55,9/24/2024
CUST5749,Cindy Brooks,robert18@hotmail.com,(934)932-3278x6623,"4629 Smith Vista, Port Allisonborough, AZ 64582",7/8/1977,Analyst,Technology,N/A,Phone,112877.85,4/13/2025
CUST7476,Deborah Scott,brandonaustin@phillips.net,001-885-571-7391x698,"58447 Mills Street, Lake Keithside, ND 58865",7/12/1965,Technician,Technology,Unknown,Phone,74559.24,3/24/2025
CUST9533,George Gonzales,tonya81@gonzalez-garcia.info,543.176.1124x0150,"125 Brittany Brook, Elizabethfurt, FL 32854",11/21/1991,Analyst,Retail,Email Campaign,Email,145322.3,6/13/2024
CUST1067,Matthew Brown,omoore@pitts-lee.com,305.731.6017,"8892 Vicki Islands, Yvonneberg, ME 41385",10/25/2001,Engineer,Education,Website,Email,108917.3,1/3/2025
CUST2690,Andrea Cooper,amanda29@hotmail.com,001-599-321-7798x0375,"5468 Clark Neck, Jacobville, NY 47219",4/5/1958,Engineer,Education,N/A,Email,67166.53,9/14/2024
CUST9797,Allen Ellison,tjohnson@hotmail.com,001-478-542-1651,"6021 David Center Suite 059, East Hannah, KS 88518",5/18/1956,Analyst,Healthcare,Unknown,Phone,55574.08,6/1/2024
CUST9370,Christopher Rush,michaelowens@hamilton.com,(344)552-9776,"532 Navarro Mall, Westtown, KY 23936",6/23/1955,Consultant,Healthcare,Email Campaign,Email,121755.37,8/24/2024
CUST5480,Sheri Conway,spencerkathryn@vazquez-pitts.com,474-789-4095,"65664 Daniel Island, North Lauriehaven, LA 93062",3/11/1995,Manager,Manufacturing,N/A,SMS,96547.52,10/2/2024
CUST1638,Angela Park,castromichael@gmail.com,(780)088-9588,"45365 Tiffany Via Suite 634, Lake Jacqueline, NJ 27857",8/24/2005,Engineer,Manufacturing,Social Media,SMS,91700.49,6/12/2024
CUST6467,Hannah Powell,michael67@yahoo.com,-9428,"464 Amanda Junction, South Jacobfort, VT 35238",1/11/1997,Engineer,Finance,Referral,SMS,143046.34,12/23/2024
CUST1413,Deborah Jordan,jennifer37@campbell.biz,805.242.4118,"7340 Hill Roads Suite 754, West John, RI 70476",5/24/1954,Manager,Education,Unknown,,81992.04,11/21/2024
CUST3562,Scott Watson,nicholetate@gould-lopez.com,(820)014-1718x1685,"797 Romero Plaza Suite 800, South Kiara, GA 46327",6/20/1965,Analyst,Finance,N/A,Phone,105483.18,9/7/2024
CUST5351,James Yang,paulwalker@olson-meyer.com,(571)430-9736x664,"474 Frazier Loop, Michaelburgh, FL 49676",3/20/1986,Consultant,Manufacturing,N/A,SMS,26872.4,1/3/2025
CUST5684,Christopher George,kimberly68@gmail.com,(711)982-4625,"07678 Jenkins Square, Teresamouth, RI 22020",6/19/1970,Technician,Education,N/A,Phone,108167.98,9/1/2024
CUST2938,Christopher Knight,troyrhodes@cooley-jimenez.com,+1-234-035-6475x28853,"215 Douglas Lakes, West Christopher, CO 79105",1/29/1994,Technician,Retail,Referral,,148212.02,9/23/2024
CUST9806,Donald Bryant,invalid_email@,8598201764,"56861 Christensen Tunnel Suite 144, West Shirley, NV 80081",12/29/1961,Director,Education,Social Media,,87677.31,5/12/2024
CUST1323,Adam Duncan,brownalyssa@gmail.com,001-917-743-5880x022,"580 King Via Suite 237, Philipstad, CO 67201",3/22/1960,Manager,Education,N/A,Email,143169.1,5/30/2024
CUST8172,Jane Bell,kevin91@gmail.com,240-624-2963,"003 Sanders Row, Thomashaven, OH 52579",9/28/1956,Analyst,Finance,N/A,Email,29970.12,1/27/2025
CUST5686,Amy Sims,susanbutler@williams.com,248-274-8809x731,"38781 Villarreal Crest, New Dawnmouth, KS 64988",8/8/1974,Engineer,Healthcare,Event,Email,30996.07,12/31/2050
CUST7525,Elizabeth Flores,pestes@gmail.com,366.642.5684,"8680 Watson Grove Apt. 834, Port Julieburgh, SD 08715",6/27/1994,Director,Retail,Unknown,Email,145081.62,1/3/2025
CUST2629,Sean Patterson,xduncan@yahoo.com,(058)296-1680x31114,"322 Johnson Loop Apt. 684, Callahanfurt, MS 88071",7/29/1976,Technician,Manufacturing,N/A,Phone,82355.27,9/4/2024
CUST3013,Matthew Gomez,jessicasilva@collins-koch.com,001-511-202-1926x210,"840 Barker Lodge, Lozanoside, ID 75528",6/6/1970,Technician,Technology,Event,Email,72711.29,11/16/2024
CUST3911,Tony Booker,christianbrown@george-wilson.org,613-546-2894x4641,"01723 Patel Walks Suite 487, New Krystal, HI 64217",5/29/1983,Manager,Technology,Website,,111336.92,10/4/2024
CUST5871,Jacob Porter,moramichelle@martinez.com,(344)107-9291x607,"3264 Douglas Summit Suite 140, Cassandrahaven, DE 66274",2/24/1989,Analyst,Healthcare,N/A,Email,98958.56,6/7/2024
CUST2234,Jill Leonard,debra59@moses.net,(446)860-8142x4743,"578 Elizabeth Key Apt. 576, Andrewport, PA 50897",12/5/1988,Technician,Manufacturing,Referral,Phone,29765.91,9/7/2024
CUST6045,John Scott,james16@gmail.com,(556)885-6607x031,"8023 Jonathan Ways Suite 669, Simmonsland, ME 10233",12/4/1989,Director,Education,Website,,84416.02,2/22/2025
CUST3637,Joe Haas MD,williamgraham@rice.net,710.909.3221,"USS Taylor, FPO AE 29446",8/30/1994,Analyst,Finance,Social Media,Phone,128124.43,8/6/2024
CUST8124,Corey Gonzales,fsullivan@hotmail.com,001-487-176-2185x403,"57964 Jacqueline Cove, New Katie, RI 70615",7/30/1961,Analyst,Education,Email Campaign,SMS,54417.6,3/21/2025
CUST4906,Antonio Thompson,lynn95@hotmail.com,141-228-6818x149,"5022 Lindsey Island, West Madisonmouth, WI 90233",12/14/1963,Technician,Technology,Event,,48270.22,9/1/2024
CUST7623,Christina Barron,blackburnnicholas@hotmail.com,7596868128,"PSC 6674, Box 2863, APO AP 51931",9/11/2006,Technician,Manufacturing,Unknown,Email,141603.87,11/10/2024
CUST7261,Stephanie Jensen,morganbrandon@moreno.net,-7108,"77261 Margaret Island Suite 045, Brownside, CO 52772",4/6/1956,Consultant,Finance,Social Media,Email,100018.93,4/28/2024
CUST4383,,melissa37@phillips.info,831-860-2585,"55433 Yates Shoal, Chasefort, NV 25703",3/16/1988,Analyst,Education,Website,Email,65463.82,7/8/2024
CUST4631,Robert Smith,dunnjennifer@townsend-tucker.com,148.911.2146,"17727 Stewart Shores Apt. 498, Port Joelport, DE 98716",10/31/1972,Manager,Retail,Social Media,Email,33173.91,4/8/2025
CUST9533,Anita Duran,fdelgado@hotmail.com,001-758-128-2130x6910,"1119 Kayla Alley, North Steven, OK 64874",10/20/1958,Manager,Finance,Event,Phone,73393.48,12/15/2024
CUST7156,Cory Sparks,hortontodd@yahoo.com,747-038-6482x284,"999 Pena Plain Suite 372, South Heathertown, DC 11605",2/28/2004,Engineer,Healthcare,Unknown,SMS,49392.38,10/15/2024
CUST7164,Hailey Hernandez,jonesandrew@gmail.com,564.629.8410x37032,"2013 Cassandra Mount, Craigbury, CO 29068",7/27/1970,Analyst,Education,Social Media,,135985.14,12/1/2024
CUST3341,Kelli Gonzalez,yodonnell@wilson-avery.com,+1-359-842-5793x2194,"PSC 0991, Box 6869, APO AP 27802",3/31/1973,Analyst,Finance,Email Campaign,,41038.46,10/9/2024
CUST2331,Ricky Jensen,urodriguez@morris.org,858-524-8334x725,"07858 Laura Hollow, Gloriaton, IN 20692",12/25/1972,Technician,Retail,Website,SMS,134864.91,9/2/2024
CUST6580,Jennifer Walsh,johnsonkelly@yahoo.com,181.276.8963,"9484 Conway Keys Suite 806, South Douglas, WI 59085",7/25/1985,Manager,Finance,Referral,SMS,25233.32,11/18/2024
CUST8958,Teresa Yates,kimberlyfletcher@gmail.com,(309)666-5710x9822,"035 Dunn Lodge Apt. 561, Raymondborough, OH 60585",5/31/1961,Consultant,Technology,Social Media,Email,40840.63,11/26/2024
CUST3534,Daniel Malone,briana52@hotmail.com,(532)516-8341,"19238 Thomas Haven, Port Randall, FL 94959",11/3/1999,Consultant,Technology,Social Media,Email,74742.39,11/13/2024
CUST1971,Meghan Gallegos,bnguyen@hodge.net,784.235.6058,"641 Anthony Passage Suite 756, Annamouth, RI 69302",9/13/1967,Consultant,Technology,N/A,Phone,62235.4,6/6/2024
CUST6010,Katherine Parks DDS,adam60@yahoo.com,001-635-081-9451,"69633 Lee Key Apt. 829, Brownfurt, KS 19660",5/28/1956,Director,Technology,N/A,,37084.3,9/23/2024
CUST2757,Christie Baker,franciscohowell@gmail.com,316-484-9777x649,"82081 Woods Trail Suite 369, Monicamouth, MT 71766",10/21/2002,Engineer,Healthcare,Referral,SMS,85000.12,6/5/2024
CUST6781,Michael Smith,ronnielambert@hernandez-miller.biz,147.646.8773,"7973 Khan Valley, Boydfurt, NJ 97425",7/26/1974,Manager,Finance,N/A,SMS,75856.46,5/5/2024
CUST4202,Michael Thomas,whiteheather@sheppard-stone.org,001-644-927-6511,"6583 Glover Crest, Port Meganfurt, MN 87403",10/20/2002,Technician,Finance,Email Campaign,,57630.66,2/28/2025
CUST5801,Johnathan Chapman,fbrowning@yahoo.com,719.339.7814x4326,"230 Ricky Point Suite 119, South Amyberg, NJ 44336",1/12/1983,Engineer,Retail,Referral,Phone,114802.31,1/5/2025
CUST9149,Emma Perez,dianaharris@gmail.com,001-144-581-1058,"02397 Berry Drive, Hamiltonview, AK 28894",11/11/1987,Manager,Education,Unknown,Email,132341.68,1/17/2025
CUST3581,Catherine Jackson,ibell@gmail.com,812-043-0603,"18783 Joseph Hill, New Claire, CT 90597",8/23/1993,Manager,Technology,Unknown,,45793.62,9/11/2024
CUST5564,Erik Myers,samuelnovak@hotmail.com,819-063-8347,"60198 Sharon Motorway Apt. 252, Meganland, UT 17145",4/5/1976,Engineer,Technology,N/A,Phone,44526.97,7/15/2024
CUST8864,Richard Carroll,johnterry@brennan.biz,705.627.7409,"6959 Gutierrez Ports Apt. 488, Lawrencefurt, KY 52494",6/28/1985,Technician,Technology,Referral,Phone,35659.95,5/7/2024
CUST1200,Samantha Wall,msmith@hernandez-brown.com,725-940-0511x38802,"7053 Holmes Ville Apt. 612, Karenland, CO 22721",10/12/1993,Engineer,Education,Referral,Phone,75419.39,6/17/2024
CUST5636,Darrell Le,kristin83@yahoo.com,5978718955,"14407 Ramos Mountains, North Laura, WV 20241",11/1/1985,Manager,Finance,Unknown,Email,-1798,6/25/2024
CUST4350,Mark Jackson,ricardo16@johnson.com,001-824-706-5027,"62385 Cox Park Apt. 231, Smithmouth, MO 62560",3/17/1956,Analyst,Technology,N/A,Phone,48830.78,7/18/2024
CUST5931,Sean Bradley,hlester@kelly.org,(876)860-4361x227,"177 Linda Coves Apt. 496, New Donnamouth, VT 79316",1/14/1963,Consultant,Finance,Event,,103703.51,11/10/2024
CUST3561,Steven Johnson,kathleen14@gmail.com,001-435-549-4449,"47610 Vicki Roads, Markberg, OR 43396",3/14/2000,Engineer,Education,Social Media,SMS,142589.84,3/6/2025
CUST7904,James Villanueva,ortizmelissa@wilson.com,970-989-8806,"9175 Murray Avenue, Oliverberg, CT 15239",10/28/1958,Consultant,Healthcare,Social Media,Email,43627.71,6/27/2024
CUST7233,Catherine Peters,garnerlarry@yahoo.com,001-488-281-0406x41978,"3553 Dorsey Row, Kevintown, NH 40397",11/14/1990,Engineer,Technology,N/A,SMS,47557.08,1/2/2025
CUST1572,Donna Tate,brenda70@mccoy.com,351-143-9143,"5486 Reese Mountains Suite 323, Courtneyville, PA 00589",6/19/2006,Analyst,Manufacturing,Website,,44029.2,11/8/2024
CUST4661,Brianna Evans,invalid_email@,(435)644-8008,"454 Cannon Estate, Lake Anthony, ME 54550",5/13/1964,Analyst,Education,Social Media,Email,32595.34,2/8/2025
CUST7788,Natalie Washington,fieldsgary@gmail.com,+1-658-780-0568x3553,"7214 Randy Extensions Suite 885, Lake Teresa, WY 88875",3/31/1971,Technician,Manufacturing,Unknown,Phone,63057.53,5/25/2024
CUST4319,Raven Adams,paigemurray@le-andrews.com,(855)567-5792,"21132 Diaz Mountains Apt. 306, New Josephshire, IA 15587",3/5/1988,Analyst,Technology,Unknown,SMS,50972.79,3/15/2025
CUST9883,Patricia Bowers,jennifersmith@hotmail.com,+1-052-384-2082x43788,"371 Allison Villages Suite 507, Lake Jasmine, CO 04857",8/19/1989,Manager,Manufacturing,Email Campaign,Email,135335.19,8/2/2024
CUST8364,Timothy Scott,james05@gmail.com,592-201-0519x9602,"897 Joseph Lights, Lake Nicoleton, UT 26631",6/23/1965,Technician,Technology,Event,Email,25335.06,11/27/2024
CUST5426,Daniel Ellis,sandraorr@hotmail.com,(939)078-6264x04787,"0556 Anthony Stravenue Apt. 590, Herrerahaven, MS 23972",1/31/1994,Manager,Healthcare,N/A,,140315.08,11/2/2024
CUST7120,James Gonzales,georgelauren@hotmail.com,-5748,"144 Pamela Key Suite 339, Kennethmouth, MT 47019",2/11/1999,Director,Manufacturing,Social Media,SMS,114295.59,12/31/2050
CUST6216,Jessica Lee,megan81@gmail.com,+1-989-866-1923x851,"7626 Donna Mountains, South Johntown, RI 02625",3/21/1968,Director,Technology,Referral,Email,36618.15,9/20/2024
CUST4653,Kelsey Sandoval,imontgomery@wilkins.org,582.559.4285,"353 Karen Pass Suite 086, North Chelseabury, WY 07262",8/9/1958,Director,Technology,Social Media,SMS,136338.69,5/6/2024
CUST9865,Joseph Jarvis,qgreen@gmail.com,001-118-737-2800,"4959 Cantrell Ramp Apt. 268, Lake Josephfort, IL 25018",12/26/1971,Technician,Technology,Website,,28802.1,5/12/2024
CUST5234,Judy Acosta,josephanderson@green.biz,+1-539-870-1749x6447,"38662 Graves Squares, East Sherry, OR 08319",11/4/1962,Director,Manufacturing,Unknown,Email,41701.57,4/28/2024
CUST7654,Ana Cruz,hansonbrenda@wilkinson.org,+1-964-362-8417x84465,"23522 Andrew Terrace, Caldwellville, VT 32550",3/4/1977,Technician,Healthcare,Social Media,Email,144254.38,9/14/2024
CUST2094,Nicholas Rowland,jacobssarah@gmail.com,078-755-9379x93061,"225 Christopher Lakes, New Pennystad, NE 46360",10/13/1987,Technician,Healthcare,N/A,,84353.37,7/28/2024
CUST8855,James Bell,theresa78@hotmail.com,560-014-3022x27716,"6815 Thompson Oval, Garciatown, TN 47075",5/30/2002,Director,Finance,Referral,,117594.61,4/20/2025
CUST1075,Cameron Davis,jonathanodonnell@gmail.com,(157)205-8091x63770,"69252 Faulkner Haven, South Marioland, SC 62262",3/18/1997,Director,Retail,Email Campaign,SMS,46900.2,9/17/2024
CUST6297,Brian Mills,pwilliams@johnson.com,(294)291-2648,"06194 Danielle Field, Port Jessica, GA 86951",10/23/1963,Manager,Manufacturing,Referral,Email,134290.15,4/9/2025
CUST5634,Monique Douglas,kmartin@johnson.com,236-214-7171x9507,"642 Melissa Prairie, East Gregorytown, NJ 18146",11/8/1991,Consultant,Manufacturing,N/A,SMS,59443.32,11/14/2024
CUST9845,Jordan Kent,invalid_email@,+1-379-462-0737x14779,"509 Brooke Plaza, Sandersside, FL 73511",1/30/1962,Analyst,Technology,Social Media,Email,42244.18,2/27/2025
CUST5046,Michael Parks,michelle75@yahoo.com,(064)878-4228,"894 Edward Center Apt. 564, South Virginia, GA 78250",10/9/1991,Director,Healthcare,Social Media,Email,103149.99,8/25/2024
CUST2692,Jody Wright,patricia24@gmail.com,001-806-708-0142x312,"855 Anderson Walk Apt. 068, West Amychester, AZ 27042",9/24/1962,Manager,Education,Unknown,Email,103513.71,11/7/2024
CUST1101,Jessica Hernandez,wshort@long.com,104-739-4315x58592,"28597 Alan Station, South Danachester, DE 00992",3/10/1977,Manager,Manufacturing,Website,Email,104323.92,8/1/2024
CUST7172,David Simpson,michaelpayne@bishop-elliott.biz,185.530.7837x79804,"Unit 5254 Box 1754, DPO AA 08418",6/12/1986,Director,Education,Social Media,Email,143035.62,4/5/2025
CUST1581,Tyler Nicholson,cindychristensen@perez.biz,(348)410-0562x40685,"88826 Kathryn Fall, North Dawntown, ID 62076",2/20/1962,Analyst,Technology,Referral,,136783.65,7/31/2024
CUST8941,Michael Jacobs,iburton@price-lane.com,(999)986-4814x3948,"PSC 6036, Box 4563, APO AA 26278",6/27/1991,Analyst,Finance,N/A,Email,127111.13,12/8/2024
CUST4007,Nicholas Rivera,haley20@simpson.com,972-447-2759x4549,"81165 Angela Rapid, North Kennethmouth, ID 66012",4/14/1958,Technician,Education,Referral,SMS,146308.61,5/15/2024
CUST3156,Gerald Harris,evansmark@sanders-harris.net,547-973-7091,"511 Jason Springs, Johnsonville, OR 00663",3/30/2000,Technician,Manufacturing,Website,,142935.32,7/30/2024
CUST4240,Jose Gonzales,jim27@gmail.com,(301)817-7487x37729,"1523 Williams Garden, Lake Bruce, CT 36867",2026-15-45,Technician,Technology,Event,Phone,126190.11,1/24/2025
CUST1742,Dennis Rhodes,teresa53@hotmail.com,001-654-669-0257x718,"51452 Joshua Manors Suite 223, Georgemouth, AK 32783",5/19/1979,Analyst,Education,Referral,,40233.39,7/5/2024
CUST7084,Alejandro Khan,mrichards@moore.com,651-969-6963x412,"PSC 7945, Box 5348, APO AA 13654",8/29/1969,Technician,Technology,Email Campaign,SMS,39283.44,7/3/2024
CUST2043,Sarah Johnston,donnapadilla@cruz-wilson.com,+1-501-437-1947x81666,"430 Karen Prairie Suite 766, Keithhaven, GA 56259",8/24/1958,Engineer,Retail,Referral,,44053.64,6/10/2024
CUST4292,Gregg Wyatt,victoriawatson@callahan-bailey.org,(641)200-8364,"06545 Rosales Lights, Port Roger, WY 89076",10/26/1978,Manager,Manufacturing,Email Campaign,Phone,104183.36,5/23/2024
CUST3548,Dominic Ritter,monica51@mcclure.com,001-491-875-8894x98075,"415 Anderson Trail Apt. 469, Port Antoniomouth, TN 22136",3/10/1955,Analyst,Healthcare,Referral,,109357.69,1/26/2025
CUST2300,Christina Weaver,edwardpittman@yahoo.com,217-726-1386x852,"948 Courtney Groves Suite 451, Ballardview, WY 60480",4/27/1997,Engineer,Healthcare,Website,,51883,11/2/2024
CUST1480,Diane Bryant,sbennett@hotmail.com,001-770-439-6123x83597,"438 Brandy Mountain Suite 671, East Mary, MS 11573",11/8/1967,Consultant,Finance,N/A,Phone,114479.4,9/19/2024
CUST3141,Breanna Joyce,jillian05@miller.org,001-190-656-9644x88648,"5054 Ali Spur Apt. 886, Evansside, MI 34485",2/5/1969,Director,Finance,Email Campaign,,22693.07,6/25/2024
CUST7774,Steven Morrow,judith18@ward.com,076-079-3090x93089,"81071 Goodwin Motorway, Armstrongport, CT 58712",6/3/1964,Technician,Finance,Referral,Phone,120115.29,4/15/2025
CUST1350,Jared Vincent,nataliemiller@cochran.com,096.958.9010,"0813 Hardy Lodge Apt. 879, Luishaven, GA 82004",4/1/1958,Manager,Technology,Event,Email,123012.06,9/24/2024
CUST2916,Taylor Williams,pittmanlori@hotmail.com,(167)124-5016x0871,"44002 Johnson Parks, Bethmouth, CO 96378",8/22/1973,Engineer,Manufacturing,N/A,SMS,130853.63,4/29/2024
CUST3404,Michael Stark,clewis@yahoo.com,(471)213-0376,"321 Cruz Way, Stuartfort, TN 04687",2/18/1987,Manager,Healthcare,Email Campaign,,126010.44,1/29/2025
CUST7869,Sean Rose,floreszachary@johnson.net,001-728-061-4258,"538 Hickman Crest, New Jessicaland, HI 00784",11/27/1954,Analyst,Retail,Referral,Phone,27263.82,12/13/2024
CUST4432,Hannah Colon PhD,mark74@hotmail.com,+1-283-041-3072x7866,"92378 Samantha Cove Suite 350, South Angelahaven, RI 36409",8/20/1979,Analyst,Technology,Event,Email,22757.03,6/25/2024
CUST8465,Kenneth Foley,florescharles@gmail.com,001-289-623-7056x91357,"59050 Olson Branch Suite 910, Lake Blake, KY 29358",3/18/1962,Engineer,Manufacturing,Social Media,Email,86500.51,2/23/2025
CUST7842,Kaitlin Brown MD,shawn39@hotmail.com,(571)137-1755,"26493 Brooke Shores, New Ann, MT 67470",11/3/1997,Manager,Finance,Referral,Email,49467.77,1/22/2025
CUST2981,Michael Gomez,sydney14@yahoo.com,384-957-5826x12047,"5247 Gina Rapids Suite 759, New Kimberlyport, DC 40272",4/12/1982,Manager,Education,N/A,SMS,49364.97,4/28/2024
CUST6005,Miss Heather Hanson,cuevasscott@smith.net,(619)031-5995,"81940 John Unions Apt. 368, East Rachel, WA 77888",3/9/1975,Consultant,Technology,N/A,Email,83936.67,9/19/2024
CUST1900,Christopher Young,eric72@chaney.com,(953)067-3844x0488,"0545 Mcdaniel Lodge Suite 165, Port Deborah, NM 52845",10/4/1957,Manager,Finance,Social Media,SMS,29917.69,12/8/2024
CUST3368,Tara Barton,lcrosby@gonzales.com,730.023.4655x79219,"37733 John Plains, Beardfurt, CT 51925",4/27/1980,Engineer,Education,Website,Email,98585.83,6/8/2024
CUST8577,Johnathan Warren,matthewbaird@adams.org,510.115.4354x86619,"343 Reyes Motorway, Jonesview, AL 21104",4/29/1982,Consultant,Manufacturing,Social Media,Phone,108326.33,8/20/2024
CUST4889,Matthew Hill,scottdanielle@goodwin.com,001-063-997-9053x736,"01951 Raymond Islands Suite 023, Stanleytown, VA 88594",5/7/1986,Technician,Technology,Social Media,SMS,65290.14,11/25/2024
CUST8106,Jill Simon,parkercole@yahoo.com,728-337-6844,"569 Nicholas Lane Apt. 974, Alyssaburgh, MS 46362",2/18/1999,Analyst,Retail,N/A,SMS,141274.64,7/17/2024
CUST8504,Rachel Lewis,anthony04@gmail.com,237-961-9695x550,"8869 Elizabeth Falls Apt. 301, Nortonfort, FL 46143",4/22/1997,Engineer,Finance,Unknown,Phone,121111.93,7/8/2024
CUST8321,Dr. John Boone,katherinealvarado@yahoo.com,(887)111-2083x15787,"7850 Yang Isle, Alexanderburgh, NM 87603",10/17/1997,Analyst,Healthcare,Email Campaign,,113774.65,10/27/2024
CUST5778,David Thomas,michael15@torres.com,+1-980-860-6305x959,"USCGC Carroll, FPO AP 47575",2/19/1982,Engineer,Finance,Event,,144746.09,12/27/2024
CUST7755,John Martinez,erinwilliams@conner-riley.com,192-100-1894x06924,"03254 Brandon Overpass Suite 643, Robertfort, SC 57629",2/23/1983,Manager,Finance,Social Media,Phone,43643.4,11/2/2024
CUST4291,Ashley Carrillo,qsantos@gmail.com,(748)850-0686x390,"9506 Brown Falls Suite 394, Cabreraborough, SC 40955",9/1/1984,Analyst,Education,Email Campaign,,82567.51,1/28/2025
CUST5888,Danielle Vasquez,evansmichael@gardner.org,840.567.4207x8738,"6864 Ortega Plaza Suite 359, Port Nathan, KS 19673",8/25/1997,Director,Technology,Social Media,Phone,124278.32,12/24/2024
CUST6226,Joseph Martinez,uphillips@gmail.com,-5148,"489 Jerry Tunnel, Smithborough, MS 45560",4/5/1966,Manager,Retail,Email Campaign,,90037.14,3/18/2025
CUST8936,Danielle Moyer,xbrady@hotmail.com,001-501-581-5695,"33469 Eugene Point Suite 685, East Deniseport, VA 50348",3/23/1996,Director,Manufacturing,Unknown,Phone,70001.54,11/5/2024
CUST1194,Tina Boyer,shari34@yahoo.com,-6687,"388 Sara Streets, Seanbury, WA 77210",12/19/1960,Technician,Retail,Event,Phone,111402.13,4/3/2025
CUST9430,Mary Moss,petersonamanda@gmail.com,744-261-9047,"30735 Bradley Plains, Chamberschester, PA 25868",3/7/1996,Analyst,Finance,Referral,Email,67111.8,10/6/2024
CUST4264,Kevin Sharp,yperez@hotmail.com,(891)672-8097,"351 Thomas Mills Suite 211, Robertsside, ND 39071",1/19/1971,Manager,Finance,Website,SMS,66911.61,4/25/2024
CUST6918,Cristina Campbell,ipoole@yahoo.com,489-284-9096x5101,"774 Elizabeth Grove, Calhounburgh, KS 56011",11/11/1957,Analyst,Retail,Referral,,51524.66,6/11/2024
CUST1766,Jill Chang,grodriguez@smith.com,9137663420,"6368 Jackson Greens Suite 947, Jenniferville, VT 08076",12/11/1959,Engineer,Technology,Referral,Email,145066.76,9/10/2024
CUST2362,Bethany Blair,steve68@solomon.com,122-576-2147,"6022 Elizabeth Harbors, Port Kendrafurt, DC 98066",3/3/2007,Manager,Retail,N/A,Email,110495.93,11/2/2024
CUST8173,April Murphy,vmartin@long.org,001-650-475-9247,"21676 Anthony Pine Suite 519, Lake Brandonshire, HI 89372",4/15/1968,Analyst,Finance,N/A,Email,106157.15,12/23/2024
CUST1082,Ryan Morales,tiffany10@hill.com,(857)980-5006,"0216 Brenda Burg Apt. 017, Port Dustin, UT 94146",9/17/1954,Consultant,Manufacturing,Unknown,Phone,23924.14,10/12/2024
CUST5168,Robin Wheeler,ejohnson@hotmail.com,599.623.3541x95734,"221 Riley Ridge Suite 923, East Richard, ND 24723",3/15/1985,Manager,Finance,Referral,Email,21622.1,9/28/2024
CUST4253,Philip Wilson,belldavid@pace-johnson.info,424048791,Unknown,5/6/1988,Manager,Healthcare,Email Campaign,Phone,117253.93,5/29/2024
CUST4549,Allen Brennan,eallen@montgomery.biz,749.306.7032x8896,"Unit 1060 Box 5080, DPO AP 07562",1/16/1984,Analyst,Retail,Email Campaign,SMS,77716.57,8/15/2024
CUST6628,Jason Jenkins,hernandezleslie@fox.info,001-376-982-1442x1993,"63139 Pratt Park, Port Eric, LA 87460",9/26/1982,Technician,Finance,Social Media,Email,40265.35,10/24/2024
CUST2191,Regina Morales,heidi40@yahoo.com,735-013-8014x088,"9764 Patel Locks Apt. 003, Burkeport, MD 55217",5/29/1983,Engineer,Manufacturing,Unknown,Phone,85428.4,3/27/2025
CUST4717,Mike Taylor,stonejoann@jones.com,(420)250-0139x3704,"981 Shane Wells Suite 351, Nancyport, RI 56953",5/7/2000,Consultant,Retail,N/A,,92040.27,2/20/2025
CUST7928,Tonya Jones,petersonalbert@soto.com,2075886422,"477 Peter Summit, New Johnchester, NJ 01956",5/25/1999,Director,Manufacturing,Social Media,Phone,75077.13,8/28/2024
CUST2079,Daisy Guzman,carl93@ramirez.net,826.321.4616x25227,"826 James Mews, Lake Kennethburgh, AZ 16586",11/24/1993,Analyst,Finance,Event,,147130.42,12/3/2024
CUST6394,Abigail Morris,jameswilson@yahoo.com,422.858.4812,"699 Christine Landing, Port Melissa, SC 36164",12/24/2006,Technician,Healthcare,Email Campaign,Email,48457.83,1/30/2025
CUST5072,Terry Brown,warrenjames@hotmail.com,2847942081,"9325 Robinson Underpass Suite 150, West Nathan, CA 33394",7/5/2004,Technician,Manufacturing,Event,Email,126152.65,3/28/2025
CUST7811,Christopher Smith,anthony09@hotmail.com,527.711.9675x08798,"9592 Fields Track Apt. 936, Rogersside, TN 60800",2026-15-45,Consultant,Education,N/A,,127542.98,1/25/2025
CUST8524,Jason Cordova,matthew15@hotmail.com,300-055-0016x57110,"7373 Brittany Drive, Lake Coreyborough, AK 78985",8/27/1999,Engineer,Education,N/A,,45314.98,2/9/2025
CUST3234,Justin Miller,brubio@anderson.com,3427955040,"384 Brooke Loaf, West Luisbury, CO 37460",12/18/1956,Engineer,Finance,Social Media,SMS,23646.35,8/24/2024
CUST8117,John Yu,hunternicholas@rush.com,266.907.2124x175,"35416 Elizabeth Camp Suite 079, Walkerville, SD 36930",9/8/1967,Manager,Manufacturing,Website,Email,47548.29,8/13/2024
CUST1985,Daniel Rosales,sherry78@holt.com,(069)023-1617x5674,"97238 Malone Flats, North Sheila, NH 23522",12/19/1977,Analyst,Healthcare,Event,Phone,102990.56,12/12/2024
CUST9269,Chad Clayton,stephanie77@stephens-fox.com,382-601-3113x72088,"108 Michelle Circle Suite 971, Cynthiachester, AK 36123",7/28/1959,Manager,Education,Website,Email,93286.11,10/19/2024
CUST8084,Julie Patton,loretta84@hall.org,332-541-3186,"32945 Shawn Landing Suite 912, Sarahhaven, VT 67830",4/20/1989,Engineer,Finance,Social Media,Email,142656.19,11/9/2024
CUST3355,Theodore Rowe,michaelmoreno@meyers.com,464.984.2095x8084,"771 John Spring Apt. 046, Ellisburgh, WA 28586",2/20/1997,Analyst,Education,Email Campaign,Phone,60881.42,8/27/2024
CUST2353,Vanessa Reed,sarahrose@hotmail.com,001-479-081-2515x6092,"509 Daniel Flat, South Shannon, NJ 61958",1/23/1960,Technician,Education,Referral,Email,63071.36,2/28/2025
CUST1453,Patricia Gomez,teresa65@gmail.com,-9804,"32274 Christine Terrace, West Susan, DE 76915",11/22/1959,Director,Finance,Event,Phone,23079.09,7/28/2024
CUST9068,Colleen Hodges MD,karen63@sweeney-mata.com,001-380-903-0949x65344,"854 Watson Land Apt. 540, Patricialand, OK 55669",6/29/1987,Consultant,Manufacturing,Unknown,Email,57715.52,2/14/2025
CUST2933,Erika Rowe,elizabethmorrison@gmail.com,449.854.4016x81164,"952 Kelli Ridges Apt. 340, New Codybury, VA 34021",2/3/1968,Technician,Retail,Website,Email,143866.38,12/21/2024
CUST9300,Traci Costa,geverett@gmail.com,594.106.1759x409,"0617 Anderson Lakes Apt. 597, Lake Michael, KY 58157",3/26/1999,Manager,Technology,N/A,Phone,119947.34,9/29/2024
CUST3365,Morgan Silva,robertsstephen@hotmail.com,+1-376-532-9488x51116,"USS Allen, FPO AE 08455",6/18/1972,Director,Manufacturing,N/A,SMS,78172.43,6/11/2024
CUST6614,Christine Hill,xbarnes@hotmail.com,(233)740-9726x1809,"PSC 2559, Box 8588, APO AA 93072",12/18/1957,Analyst,Education,Social Media,,25201.68,11/22/2024
CUST1061,Juan Brown,davissteven@wells-fischer.com,001-625-453-6375x48118,"4750 Pamela Circles, North Paul, GA 24485",10/17/1966,Technician,Retail,Referral,Phone,149611.23,1/10/2025
CUST4331,Ashley Mcconnell,mitchellrickey@gmail.com,734.750.0478x5733,"2435 Compton Lodge Suite 754, Morganmouth, NY 90991",2/24/1988,Engineer,Healthcare,Event,,32662.79,2/12/2025
CUST3202,Robert Hoover,brownmelissa@gmail.com,+1-322-675-4834x9933,"211 Tyler Forks, New Dennisberg, AZ 61387",8/24/1992,Manager,Education,Event,Email,84858.59,7/12/2024
CUST8190,Brian Roy,valerierobertson@gomez.com,402.995.3764,"49466 Tammy Plains, East Jennifer, NY 41167",3/13/2000,Analyst,Healthcare,Social Media,Phone,28861.04,6/23/2024
CUST1353,James Daniels,suzanne51@russell-manning.info,748-356-1151x19240,"527 Lee Spurs Suite 133, North Victorfort, MA 58199",11/29/1971,Analyst,Education,Website,Email,43294.21,11/12/2024
CUST9495,Diane Jackson,allendonna@hotmail.com,779.577.7633x8059,"454 Angela Lake, Michaelport, SD 93122",6/1/2006,Analyst,Retail,Social Media,,104537.97,4/25/2024
CUST4194,Victor Rowe,hornjames@simpson.com,680-573-7009x528,"9401 Stephanie Rapids, Tracyberg, DE 85858",11/16/1992,Engineer,Manufacturing,Email Campaign,Email,67251.37,9/9/2024
CUST1482,Rebecca Cunningham,caguilar@johnson.com,001-768-161-1882x481,"0224 Rodriguez Plains, West Christie, AL 58212",1/31/1987,Consultant,Retail,Unknown,Phone,77307.6,8/29/2024
CUST4679,Jennifer Walker,nmiller@carrillo.com,594-778-0220x72128,"4721 Kelly Station Suite 354, Walshfort, WI 64451",3/11/1968,Director,Education,Social Media,Email,108686.12,4/22/2025
CUST5690,Lisa Myers,kwilliams@hotmail.com,-1670,"28768 Benjamin Shores, Frederickport, GA 33713",2/3/1964,Consultant,Education,N/A,Email,100679.78,8/29/2024
CUST2328,John Thompson,invalid_email@,256.661.7997,"220 Laura Spring, South Crystalton, AR 48577",1/2/1981,Engineer,Technology,Unknown,Phone,110966.89,4/29/2024
CUST2349,Michelle Cherry,russellchad@mcmahon.biz,629-857-2000,"PSC 4945, Box 7230, APO AE 01399",10/9/1995,Engineer,Healthcare,Unknown,Email,57785.88,6/4/2024
CUST9541,Evelyn Flores,xmurphy@clark-garrett.biz,001-655-947-3381x106,"74379 Leah Cape Suite 477, Port Darryl, NV 30701",9/25/1981,Director,Retail,Unknown,Email,48996.67,11/1/2024
CUST3606,Chad Norris,brian53@wilson.com,9597333867,"173 Brianna Rapid Suite 541, Kellyborough, MO 46038",3/19/1994,Technician,Finance,Social Media,,80903.53,4/9/2025
CUST6355,Rebecca Barr,vweber@shaw.biz,396-650-6426x710,"5520 Peggy Avenue, Nicholsonburgh, RI 56723",11/30/1959,Consultant,Finance,Website,Phone,115131.16,3/31/2025
CUST9769,Brian Arroyo,ivalentine@hotmail.com,264.866.8319x11838,"89042 Stephanie Radial, Morgantown, MT 83338",10/4/1989,Consultant,Healthcare,Email Campaign,SMS,28381.3,4/16/2025
CUST1076,Nathan Villa,rnorman@hodges.com,000-863-3794,"73921 Ryan Brooks, Abbottshire, VT 84705",6/25/1963,Director,Retail,Referral,,34862.44,4/3/2025
CUST7408,Kevin Johnson,joseroberts@hotmail.com,876.104.4354x076,"38603 Stephanie Parks, Amyshire, AK 02575",8/17/1963,Engineer,Manufacturing,Referral,,38916.79,2/5/2025
CUST7827,Leslie Hamilton,kjackson@yahoo.com,001-884-613-1487,"812 Young Hills Apt. 652, Lake Richardmouth, MT 36477",9/19/1980,Analyst,Manufacturing,Website,,28112.03,9/18/2024
CUST5162,Cindy Lawson,cruiz@murphy.biz,818.316.6624,"2031 Christine Forks, Port William, RI 20707",12/14/1971,Consultant,Retail,Referral,Email,47494.08,11/28/2024
CUST8178,Jamie Smith,jeffrey83@smith.com,+1-118-396-7924x47026,"0830 Wallace Mall Suite 090, Lake Justin, NY 97598",1/5/1960,Technician,Retail,Social Media,SMS,102639.35,5/21/2024
CUST4045,Rebecca Freeman,uortiz@powell.net,241-769-2716x1561,"901 Roth Terrace Apt. 014, South Erin, MD 80626",10/14/1959,Manager,Finance,Social Media,,30622.18,5/7/2024
CUST2617,James Beard,rodriguezdavid@lewis.com,001-322-683-3170x03645,"63634 Simmons Springs, Port Robertborough, MD 75360",12/8/2001,Consultant,Retail,Event,Phone,107053.77,2/7/2025
CUST6153,Tracy Le,oconnorwilliam@hampton.org,001-953-245-7857x3244,"209 Mckay Junctions Suite 720, East Kimberly, ND 30700",5/14/1981,Manager,Finance,Website,,64462.49,6/22/2024
CUST8408,Amanda Green,lopezsusan@gmail.com,9013237113,"2362 Scott Turnpike Suite 928, North Tylerberg, CA 53140",8/19/1992,Analyst,Healthcare,Referral,SMS,142452.41,12/24/2024
CUST8639,Isaiah Green,jonathanmontoya@hotmail.com,660.833.5202x2486,"08228 Clark Parkways Apt. 256, Suarezton, IN 86002",3/6/1962,Consultant,Manufacturing,N/A,Phone,145526.68,8/15/2024
CUST1141,Ashley Lozano,jackthomas@hotmail.com,(002)808-9368,"6492 Jessica Knoll, East Shannonmouth, IN 20401",1/13/1974,Analyst,Technology,Event,,126992.04,12/16/2024
CUST4428,Sarah Fernandez,rachel67@young.com,-7226,"149 Amy Radial Suite 407, Tracyport, OR 29746",7/18/1966,Director,Healthcare,Website,Phone,62085.23,5/28/2024
CUST6378,Abigail Castillo,griffindonna@gmail.com,6684275158,"4799 Reed Flat, West Kevin, MD 00730",10/8/1996,Technician,Technology,N/A,SMS,21844.28,3/22/2025
CUST2326,Travis Conrad,tbarr@gmail.com,206-158-7306,"929 Benson Mill, Thomasborough, WI 81270",1/25/1971,Manager,Retail,Unknown,SMS,34768.89,10/24/2024
CUST4685,Angelica Rodriguez,barnesanita@gmail.com,165.620.9660x295,"267 Franco Common Apt. 104, Thomasland, KY 29500",9/6/1969,Consultant,Education,Event,Email,148471.02,12/16/2024
CUST8957,David Flores,gailrubio@yahoo.com,534.444.2501x3590,"46763 Nancy Circles Suite 403, Cookeview, RI 55126",12/18/1983,Technician,Retail,N/A,Email,24743.18,8/28/2024
CUST4377,Ms. Lauren Austin,wkim@joyce.net,(023)674-4674x799,"347 Harrington Forge Suite 251, West Christinatown, MI 93014",1/13/1997,Manager,Retail,Unknown,Phone,98122.64,3/29/2025
CUST4685###,Tracy Weiss,fmoore@gmail.com,655-623-3187x74681,"435 Kyle Extension, Lake Lori, MT 07971",11/17/1964,Analyst,Healthcare,Referral,Email,68133.33,12/11/2024
CUST7677,Gregory Caldwell,padillamelanie@cook.org,896-949-8878,"6999 Suarez Glen, Alejandromouth, MI 74756",7/29/1992,Engineer,Education,Social Media,Email,110911.23,8/8/2024
CUST4598,Oscar Chambers,caitlinharvey@gmail.com,+1-314-732-5437x638,"5810 King Key, South Paulborough, MN 17363",7/18/1987,Consultant,Retail,Email Campaign,SMS,65787.46,11/28/2024
CUST2370,Kayla Yoder,robinsonjennifer@gmail.com,(123)545-2435,"264 Monroe Village Apt. 000, Clarkmouth, GA 41842",11/20/1968,Consultant,Manufacturing,Unknown,SMS,34739.4,7/27/2024
CUST9909,Christina Meyer,nicoledawson@hotmail.com,131.748.6715x10035,"Unit 1462 Box 7962, DPO AE 06286",12/2/1992,Consultant,Retail,Social Media,Phone,91857.96,9/3/2024
CUST3394,Shawn Cline,laurahowell@gonzalez.com,001-578-024-9459,"7440 Koch Lake, Ashleyfurt, NJ 43606",10/10/1963,Director,Retail,Email Campaign,SMS,129861.91,6/4/2024
CUST3048,Jennifer Gregory,bakerthomas@hotmail.com,001-092-824-3718,"8463 Campbell Curve Apt. 742, Nathanview, VT 62241",2/12/1971,Technician,Retail,N/A,SMS,111272.04,12/1/2024
CUST4103,John Guzman,guerrawendy@yahoo.com,(815)194-9968,"72006 Joseph Court Suite 728, Meyerview, NY 93585",9/12/1984,Engineer,Finance,Website,Email,100113.85,8/11/2024
CUST3712,Ashley Wells,villarrealruben@pearson.com,682-079-0120x93779,"33520 Davis Forge, Jessemouth, UT 24246",9/17/1973,Engineer,Retail,N/A,Email,102358.27,8/18/2024
CUST2835,Erin Cortez,umata@hotmail.com,001-257-386-4074x8098,"39834 Mitchell Burgs, New Michelle, ND 84118",12/20/1988,Director,Finance,N/A,SMS,130721.68,11/3/2024
CUST2199,,kimberlyvaldez@robertson.biz,892.143.4833x08921,"34473 Martinez Islands Suite 584, Bullockland, MO 23489",7/23/1993,Manager,Retail,Event,,34885.14,12/2/2024
CUST1489,Allison Chandler,tracidougherty@clark.com,001-570-400-2433x4712,"055 Kathleen Squares, Davidsonhaven, MT 75514",6/15/1980,Engineer,Education,Unknown,,73681.52,4/27/2024
CUST4401,Jeffrey Harrison,urodriguez@yahoo.com,853.628.3688,"8829 Chase Coves, New Jacqueline, NE 53549",4/8/1958,Technician,Technology,Email Campaign,Email,142150.19,7/28/2024
CUST1221,Ashley Simmons,youngjennifer@yahoo.com,029-527-5401,"0689 Derek Rapids, Bennettton, CO 08062",5/23/1954,Director,Education,Social Media,SMS,59961.57,8/10/2024
CUST4664,Benjamin Nguyen,jenningsmarie@watson-choi.com,018.358.3535x1151,"86318 Shawn Parks, Ericfort, MA 64745",4/28/1966,Technician,Healthcare,Website,,24247.7,5/11/2024
CUST4195,David Hale,derrick13@yahoo.com,472.365.8066x7731,"78375 Kaiser Stream, Lisamouth, NV 17091",2/17/2005,Manager,Education,Unknown,SMS,63561.69,12/5/2024
CUST1814,Jennifer Hubbard,michaelcross@hotmail.com,(524)276-3544x118,"771 Harris Drive, Port Thomasmouth, MS 24672",12/5/2002,Consultant,Healthcare,Event,,45045.85,4/3/2025
CUST4013,Savannah Dixon,johnwhite@yahoo.com,652-690-2782,"8996 Davis Burgs, Matthewstad, VA 02281",6/30/1979,Consultant,Finance,Unknown,,36753.16,7/7/2024
CUST5072,Paula Waters,hernandezadam@harrell.info,207.967.3034,"1107 Carson Ports, Oconnellchester, ME 25259",1/31/1995,Consultant,Technology,Referral,,137542.28,8/29/2024
CUST1583,Joshua Johnson,arthur90@gmail.com,(407)593-3319,"5162 Karina Viaduct Suite 626, New Andrewmouth, NY 28928",6/1/1987,Manager,Retail,Referral,Email,112303.23,7/26/2024
CUST7136,Darryl Mason,rmendoza@green.com,-336,"4178 Matthew Crossroad, Josephbury, AL 41539",12/4/1978,Director,Finance,N/A,,129593.99,2/6/2025
CUST8339,Leslie Weeks,mercadocarrie@gmail.com,3903333715,"09583 Parker Court Suite 576, West Thomas, CO 71059",7/26/1977,Analyst,Manufacturing,Referral,SMS,46489.13,6/7/2024
CUST1169,Toni Owens,brittany02@yahoo.com,547-365-7050x773,"6870 Daniel Green, North Jeanetteview, AL 59685",4/22/1991,Engineer,Retail,Website,Phone,23616.38,10/18/2024
CUST9085,William Barnett,courtneyhunter@newton.com,943-270-0588,"473 Jessica Lock Apt. 947, Jenniferhaven, WI 71531",4/2/1961,Director,Finance,Event,,23287.68,9/12/2024
CUST5582,Michelle Rosales,lee49@callahan-davis.biz,398.865.9830x0304,"5283 Travis Locks, Lindseymouth, WY 73132",1/26/1971,Manager,Retail,N/A,SMS,44252.17,10/16/2024
CUST2595,Michael Bishop,matthew72@gmail.com,(300)020-4650x6495,"8116 Kaitlin Fall Suite 697, New Dawn, IN 97463",2/19/1984,Manager,Education,Referral,Phone,114420.64,2/1/2025
CUST2013,James Johnson,todd30@berry-boone.net,+1-523-251-1582x402,"9325 Gray Keys, West Taraport, NY 15647",2/24/1964,Analyst,Technology,Website,SMS,30785.24,11/24/2024
CUST5012,Justin Ward DDS,vmanning@jackson.com,(930)080-5249x771,"758 Nicole Locks Suite 035, East Connorbury, DC 87311",5/12/2000,Technician,Finance,N/A,Email,34421.1,10/10/2024
CUST9629,Jeffrey Moss,hcarrillo@aguilar.com,(131)068-4655x379,"5352 Anderson Fork, Andersonborough, CT 71821",9/14/1972,Engineer,Finance,Referral,SMS,54059.31,8/23/2024
CUST9026,Alicia Hawkins,reedjennifer@patel.info,001-804-865-2869,"707 Walls Manors, West Thomasfurt, MA 81303",1/29/1999,Engineer,Finance,Email Campaign,SMS,138653.49,7/3/2024
CUST2382,Christine Fry,williamsoncorey@cobb.org,3832524171,"50885 Smith Orchard, Lake Denise, LA 76752",4/25/1986,Consultant,Finance,Email Campaign,Email,73786.87,7/18/2024
CUST7436,Maria Gates,icline@hotmail.com,-2082,"38208 Peggy Spurs Apt. 768, Jonesside, CO 30813",8/7/1957,Technician,Finance,Referral,,68783.07,3/30/2025
CUST9201,Patricia Young,wilsonlisa@yahoo.com,960-413-5986,"99353 David Lock Apt. 684, Shawnfort, DC 59694",1/26/1988,Technician,Retail,Unknown,Phone,43374.84,10/8/2024
CUST4283,Joshua Zamora,richardrobles@grant.com,633.043.5799,"PSC 3382, Box 9949, APO AE 97376",1/31/1985,Manager,Technology,Event,Email,35236.93,3/8/2025
CUST7085,Joseph Lane,richard41@yahoo.com,###-###-####,"3322 Merritt Branch Suite 721, Walkershire, IN 21802",10/11/1961,Analyst,Retail,Event,Email,40590.47,10/13/2024
CUST1007,Charles Sloan,invalid_email@,928.514.0589,"5095 Michael Meadow, South Davidville, PA 38831",7/17/1973,Analyst,Finance,Referral,Email,89674.04,12/15/2024
CUST9954,Linda Copeland,dennisfoster@yahoo.com,+1-027-333-8621x0458,"PSC 6064, Box 8877, APO AP 11905",1/25/1975,Director,Healthcare,Referral,SMS,34922.5,9/24/2024
CUST6955,Laura White,nhill@rose.com,+1-826-522-5334x160,"8459 Benjamin Walk Apt. 903, West Abigailville, KY 55375",10/26/1988,Engineer,Education,Referral,Phone,30847.56,2/18/2025
CUST8733,Christopher Woods,tanyapeterson@holt.com,338.788.2266x54023,"082 Rojas Club, Gonzalezmouth, WI 63194",9/3/1957,Manager,Education,Social Media,,45900.88,10/29/2024
CUST1169,Jenna Robles,dharper@hotmail.com,416.145.3284x091,"USCGC Duncan, FPO AP 26012",9/7/1969,Analyst,Technology,Event,SMS,80715.69,4/3/2025
CUST5820,Thomas Patterson,wvillegas@gmail.com,001-216-620-8569x270,"34862 Emma Squares Apt. 649, Gallagherport, VT 09186",6/19/1994,Consultant,Manufacturing,Email Campaign,Phone,52512.11,9/24/2024
CUST9284,Jon Chambers,allenlozano@hotmail.com,###-###-####,"751 Marc View Suite 893, East Michelle, IA 56761",10/28/1987,Technician,Technology,Social Media,,33376.3,7/9/2024
CUST6712,Angela Thompson,alicia33@hotmail.com,+1-699-876-4902x0695,"389 Glenn Spurs, Jaybury, WY 48479",11/12/1991,Analyst,Healthcare,Unknown,Phone,143989.07,3/4/2025
CUST8127,Clayton Sanchez,austinjohnathan@hotmail.com,620556157,"75871 Cynthia Forest, North Donaldland, AL 36135",11/29/1972,Consultant,Retail,Email Campaign,SMS,126065.99,9/20/2024
CUST1822,Luis Roberts,ilopez@pena.com,044.789.4653,"82236 Lee Freeway, Jonesmouth, OK 93175",7/5/1972,Engineer,Manufacturing,Email Campaign,,45963.7,1/28/2025
CUST5696,Sarah Hamilton,nicholasyoung@morris.com,259.209.5154x9268,"6306 Smith Dale, Dyerhaven, VA 74027",12/13/1966,Analyst,Technology,Unknown,Email,78422.44,9/12/2024
CUST5647,Brandon Patel,david24@yahoo.com,(008)356-9950,"7833 Schmidt Throughway Suite 006, Tylerhaven, WY 83083",2/19/1980,Director,Education,Event,,58151.56,1/8/2025
CUST2068,Tyler Randolph,ylarson@williams-stevens.com,281.547.1021,"0167 Nicholas Rapids, Ramirezshire, OH 14988",8/22/1989,Director,Education,Email Campaign,Email,34904.49,9/16/2024
CUST7393,Timothy Hardin,zthomas@butler-gallegos.com,919-669-5090x964,"852 Anderson Well, Morganfurt, DE 50554",7/26/1995,Consultant,Healthcare,Social Media,Phone,29443.24,3/29/2025
CUST7437,Vanessa Hodges,kharvey@valdez-arroyo.biz,(477)983-2901,"7956 Thompson Hollow Apt. 096, Port Derrickville, FL 54303",4/2/1973,Analyst,Education,Referral,SMS,35899.47,4/10/2025
CUST6629,Virginia Ray,wmitchell@hotmail.com,981-358-7342,"4525 Smith Trail, Jasonview, KS 42357",11/27/1979,Technician,Finance,N/A,SMS,47790.42,2/9/2025
CUST5289,Lauren Ingram,brandonashley@newman.com,1629676231,"195 Danielle Harbors Apt. 129, South Brianmouth, OK 92824",10/19/1973,Analyst,Healthcare,Event,Email,70126.81,7/6/2024
CUST2069,Nicole Gentry,williamballard@simpson-taylor.com,188.503.5439x869,"67940 Sexton Locks, Erinbury, UT 54449",12/9/1965,Manager,Manufacturing,Referral,Email,92924.63,10/1/2024
CUST7732,Alicia King,vlong@gmail.com,(599)257-8491x9834,"8153 Mark Forest Suite 354, Lake Brianborough, CT 61370",1/13/1956,Director,Technology,Website,,108677.15,4/22/2025
CUST7377,Adam Booker,bradleywilson@rivera.com,088-849-5929x6755,"23746 Perez Expressway, East Jesseport, MS 11211",5/22/1975,Analyst,Education,Referral,Phone,26455.77,2/8/2025
CUST6802,James Barber,kinglaura@yahoo.com,001-449-039-6222x26619,"8916 Don Motorway Suite 747, South Sandra, CA 04632",11/2/1970,Consultant,Finance,Social Media,,35503.67,12/23/2024
CUST3096,Emily Adams,esantos@gmail.com,001-323-968-1329x16170,"Unit 5311 Box 9265, DPO AP 19389",1/17/1990,Manager,Manufacturing,Social Media,,50734.85,11/1/2024
CUST6270,Adam Jones,okane@gmail.com,(887)795-8654x87065,"6508 Daniels Locks Apt. 776, Brownshire, IA 09724",12/18/1997,Analyst,Finance,N/A,Email,138513.61,4/19/2025
CUST8822,Michael Gill,farleyfrancisco@townsend-salazar.com,###-###-####,"24245 Reed Mission Apt. 109, Matthewborough, ID 78645",12/31/1987,Manager,Retail,Website,Email,63860.68,11/21/2024
CUST4428,Jeffrey Hardy,charris@greene-phillips.org,###-###-####,"1423 Coleman Vista, Austinmouth, LA 46125",3/24/1999,Engineer,Retail,Website,,114022.98,3/30/2025
CUST2838,Karen Long,pauljones@yahoo.com,939.361.8410x191,"8214 Smith Grove, Sandovalfort, CO 87406",1/11/1978,Analyst,Education,Email Campaign,Email,92338.53,7/1/2024
CUST6041,Craig Vazquez,kimhill@ross.biz,(923)943-1826x3437,"085 Simmons Trafficway Apt. 484, Jacksonbury, WA 76656",4/28/1978,Consultant,Manufacturing,Website,,58797.7,11/2/2024
CUST3684,Michelle Dunn,davidturner@owens.net,+1-772-844-8572x42570,"354 Foley Overpass, South Charles, NE 83905",1/24/1999,Consultant,Technology,Website,SMS,141901.49,8/14/2024
CUST9863,Stephanie Riley,ryanwilson@keith.com,001-611-847-6010,"85382 Koch Street, North Kyleport, MS 06874",4/13/1968,Engineer,Healthcare,Website,Email,38035.48,6/11/2024
CUST5911,Sarah Anderson,jacobgarcia@yahoo.com,736.536.1087x397,"844 Stanley Manor Apt. 501, West Taylortown, AK 92985",12/2/1997,Technician,Technology,Email Campaign,Phone,42124.89,1/22/2025
CUST5109,Lauren Padilla,hharris@smith.com,(459)791-3703,"43619 Dalton Landing, Toddview, MD 10609",1/1/1971,Technician,Education,Unknown,Email,141434.35,3/7/2025
CUST1655,Theresa Hansen,handerson@hotmail.com,198-341-8227,"797 Diana Freeway Suite 488, Melanieborough, FL 80949",2/1/1988,Analyst,Finance,Website,Email,143128.83,8/5/2024
CUST1452,Brent Carrillo,karen45@stevens.com,278-170-9978x881,"2590 Taylor Rue Suite 278, Ryanstad, VA 67297",5/5/1955,Analyst,Education,N/A,,55088.57,2/26/2025
CUST6413,Nathaniel Golden,fjordan@haley.com,001-191-519-2905x843,"2590 Mendez Run, Thomasmouth, AK 36192",11/4/1995,Manager,Manufacturing,Email Campaign,Email,36417.53,12/30/2024
CUST1798,Tiffany Marshall,charles75@hernandez-boyd.com,(759)277-9267,"500 Carolyn Parkway, North Jennifer, AR 14528",1/14/2001,Director,Retail,N/A,,106870.58,4/7/2025
CUST2522,David Khan,davissusan@yahoo.com,640.480.7956x568,"71538 Nathan Road Apt. 133, Port Anthonyborough, CO 84729",3/15/2005,Director,Healthcare,Event,,105964.97,10/19/2024
CUST4162,Cynthia Moses,barrysavage@sims.com,908.604.9455,"4145 Brian Ford, North Ashley, MT 62931",3/26/2004,Analyst,Technology,Email Campaign,Phone,31933.92,12/31/2024
CUST6938,Larry Black,yhuang@hotmail.com,+1-112-328-7926x3542,"Unit 6392 Box 5714, DPO AE 25168",4/10/1978,Technician,Finance,Social Media,Phone,105732.5,5/11/2024
CUST1546,Christopher Nelson,maguilar@montes.com,(025)227-5978,"1911 Amber Passage Apt. 723, New Stevenmouth, WI 76015",8/21/1960,Manager,Technology,Website,Email,146329.48,3/25/2025
CUST2626,Elizabeth Mullen,michaelvasquez@smith.com,+1-138-048-0157x904,"52491 Woodward Ford Apt. 313, New Isaachaven, VT 27679",10/26/2006,Manager,Finance,N/A,Phone,80859.55,1/25/2025
CUST6268,John Williams,stephen06@campbell.com,840-939-3443,"655 Cheryl Branch Apt. 096, Sanchezbury, MD 88889",1/6/1988,Manager,Retail,Website,SMS,47125.99,10/19/2024
CUST9515,Jennifer Santos,jamiealexander@nichols.net,+1-169-133-8099x34931,"USNS Alvarez, FPO AP 40357",3/20/2007,Director,Manufacturing,Unknown,SMS,118863.43,7/27/2024
CUST1353,Katie Braun,james24@gmail.com,+1-916-447-7516x713,"94511 Dennis Walk Apt. 067, Romanport, SC 90748",7/26/1961,Technician,Retail,N/A,Phone,130214.91,2/5/2025
CUST3712,Mary Carter,bgray@mullins.net,253.899.1262x3003,"61246 Andrew Via Apt. 689, West Terry, GA 36768",3/15/1978,Manager,Healthcare,Social Media,,146758.41,8/24/2024
CUST3055,Anthony Graham,kingmarcus@smith-haas.com,733.075.0801,"Unit 7446 Box 3019, DPO AP 36961",1/4/2000,Director,Healthcare,Unknown,,44433.95,5/19/2024
CUST4738,Destiny Park,jesus71@hotmail.com,684.464.3094x8834,"7128 Craig Ridge Suite 262, New Cynthiachester, ND 18852",10/9/1994,Consultant,Healthcare,N/A,SMS,143694.3,7/17/2024
CUST4140,Dylan Peters,gbailey@yahoo.com,(477)579-9080x61472,"47452 Patterson Wall, Kennethstad, FL 29493",5/16/1959,Technician,Finance,Referral,,133905.51,9/13/2024
CUST3698,Crystal Reyes,eleon@glover.com,128.628.1486x692,"52570 Bell Heights, Stephaniefurt, DC 26835",2/10/1998,Engineer,Healthcare,Website,,44313.87,7/18/2024
CUST5040,Douglas Fisher,millerrodney@ramos.biz,(764)576-4537,"22732 Fisher Meadows Suite 849, Williamsborough, HI 49822",10/9/1989,Consultant,Technology,Event,,65754.39,12/25/2024
CUST9216,Rhonda Graham,stephaniestevens@hayes.com,722-065-7060,"403 Morrison Cliff, Raymondview, CA 52323",6/12/1958,Director,Finance,Social Media,,47568.58,4/2/2025
CUST7934,Nicole Williams,sullivanlouis@brooks-randolph.com,-4738,"349 Tina Fields, Port Markport, KS 51648",10/8/1962,Director,Retail,Event,SMS,26910.42,8/15/2024
CUST9329,Eric Mills,shelleymartinez@dixon-franklin.com,(284)643-7191,Unknown,9/7/1996,Analyst,Finance,Website,,115160.21,8/23/2024
CUST7317,Jaime Ho,charlesle@gmail.com,001-712-109-9283x646,"92909 Bridget Plaza Suite 873, Allisonmouth, CT 66812",5/22/1978,Manager,Education,Referral,,42963.86,9/24/2024
CUST8192,Brittany Palmer,perezraymond@wright.net,960.293.1097x35827,"124 Ramos Stravenue, Port Sheilastad, AK 88943",7/15/1985,Director,Manufacturing,Email Campaign,,34193.99,3/5/2025
CUST2312,Charles Allen,chines@yahoo.com,023.799.0224,"1487 Jacob Garden Suite 390, North Jeffrey, HI 47847",1/10/1981,Technician,Healthcare,Website,Phone,34974.43,1/12/2025
CUST9117,Stephen Lewis,aanderson@hotmail.com,001-886-480-9868,"954 Tracie Junction Suite 516, East Ryan, OK 63958",1/28/1981,Director,Education,Referral,Email,89177.12,10/18/2024
CUST8050,Gary Pace,petersonbrandon@hill.net,(153)394-4124,"65763 Hurley Extension Suite 429, Robinsonmouth, AL 06121",4/14/1974,Manager,Manufacturing,N/A,,70948.05,4/21/2025
CUST3378,Jason Booth,favila@yahoo.com,(087)800-3207x4670,"561 Hughes Vista, Port Kaylaville, CA 60782",8/3/1980,Manager,Technology,Unknown,SMS,84372.32,3/2/2025
CUST5464,Regina Bernard,bridget22@benitez-delacruz.net,4963307688,"USS Holmes, FPO AE 08102",2/16/2001,Manager,Education,N/A,SMS,111760.94,6/28/2024
CUST8282,Lori Allen,wkirk@gmail.com,+1-160-865-1826x58775,"4280 Jill Plaza, Howardhaven, IA 39504",9/8/1976,Technician,Finance,Website,Phone,85421.22,9/16/2024
CUST1672,Sara Martinez,cwaters@brown.biz,+1-469-009-7522x49575,"01657 Amanda Heights Apt. 419, Evelynbury, OH 57948",9/21/1957,Director,Retail,N/A,SMS,130833.31,1/1/2025
CUST4688,Dr. Eric Gonzalez,jeffrey63@gmail.com,282.886.6367,"04851 Mcintosh Walk, Derekshire, KY 88322",8/12/1980,Manager,Healthcare,Social Media,Email,41663.91,10/20/2024
CUST4356,Jacqueline Fisher,cvasquez@hotmail.com,001-535-652-2007x3216,"831 Kim Expressway, Danielview, NJ 51232",10/17/1963,Consultant,Healthcare,Website,,75629.93,3/18/2025
CUST2990,Amanda Santos,villarrealjohn@yahoo.com,818-832-5897x058,"58444 Richard Light Suite 571, North Amandaside, AK 50452",2/16/1993,Manager,Education,Website,Phone,108296.38,8/2/2024
CUST1581,Laura Dyer,joe40@johnson.info,(593)295-0218x6489,"977 Kyle Radial Suite 117, West Neil, FL 26026",9/18/1996,Director,Education,Email Campaign,Email,83479.95,9/21/2024
CUST8704,Christine Mcintosh,nrobertson@allen.org,001-007-377-3063x3271,"967 Macias Prairie, Davidburgh, MD 06965",2/26/1973,Consultant,Finance,Website,Email,93744.67,1/2/2025
CUST3774,Calvin Blair,alex97@yahoo.com,466.056.5541x5796,"1674 Cox Vista, Blairside, IL 68134",1/25/1966,Manager,Manufacturing,Event,Phone,118149.02,6/2/2024
CUST4021,James Mendoza,zpeterson@harrison.com,972-999-2100x19218,"609 Gates Summit, New Christina, KY 31112",10/31/1975,Engineer,Education,Unknown,SMS,78840.13,12/7/2024
CUST9394,Joseph Ramirez,nicolesaunders@hotmail.com,226911244,"11745 Beverly Fork, East Melvin, WI 89361",2/26/1956,Analyst,Manufacturing,Social Media,,52959.79,7/17/2024
CUST4053,Richard Carr,wayne74@harris.org,280.267.0637x455,"925 Cooley Spurs Apt. 356, South Richard, FL 77753",11/13/1964,Engineer,Education,Social Media,SMS,135878.41,9/7/2024
CUST6608,Nicole Weiss,emilyharris@hotmail.com,001-103-415-9878x585,"53762 Williams Port, Scottmouth, PA 66996",2/12/1972,Director,Retail,Website,SMS,109151.94,12/1/2024
CUST7525,Krista Miller,jenna69@ellis.com,001-335-882-7328x84918,"0912 Ebony Cliff, South Jared, HI 39983",9/18/1982,Technician,Finance,Referral,,131314.52,2/24/2025
CUST6184,Jonathan Dennis,rkidd@mcpherson.com,365-694-7572x602,"7324 Jennifer Ramp Apt. 190, Lake Robertport, MO 31977",11/18/1972,Manager,Education,Email Campaign,Email,51767.81,12/9/2024
CUST4142,Mrs. Donna Turner,williamslori@yahoo.com,+1-196-944-2041x02643,"3300 Harris Spring Apt. 912, Port Jaredton, GA 32034",1/10/1957,Technician,Retail,Social Media,Phone,116767.47,2/6/2025
CUST5027,Michelle Parker,johnwells@yang.com,367.556.2619x53549,"2557 Christopher Harbors, West Erichaven, MI 60284",4/26/1996,Consultant,Technology,Website,SMS,134028.72,9/27/2024
CUST1965,James Perry,melissa66@daniel-cohen.com,(649)896-3489x5067,"9785 Walker Meadows Apt. 717, South Richardfort, MS 35354",9/25/1995,Director,Retail,Event,Phone,54490.21,4/2/2025
CUST9220,Alexander Tran,michael26@shaffer.com,473-565-9196x40886,"62039 Autumn Club, West Benjaminshire, WV 71909",6/4/1977,Analyst,Education,Email Campaign,,142884.65,1/3/2025
CUST1655,Linda Miller,lopezryan@yahoo.com,+1-232-116-6282x43594,"46088 Tracey Shoal Suite 606, South Leviview, CA 37470",5/24/1959,Analyst,Healthcare,Website,SMS,128442.3,5/8/2024
CUST3202,Denise Wilson,ntaylor@hotmail.com,+1-882-985-8237x841,"432 Jason Ranch, North Lindamouth, HI 08503",8/21/1990,Consultant,Retail,Event,SMS,57493.11,4/30/2024
CUST5778,David Tapia,yarias@hall.com,(285)657-2766,"45619 Dominique Heights Suite 428, Normanstad, DE 67932",7/18/1970,Consultant,Technology,Referral,,108520,1/18/2025
CUST5168,Andrew Wright,ryanharris@parker.com,+1-218-943-8571x72019,"206 Mendoza Unions Apt. 982, Morrowview, KS 30603",11/11/1992,Analyst,Manufacturing,Event,Phone,59473.93,11/24/2024
CUST9300,Denise Webb,kevinstephens@jackson.com,694.755.8403x73166,"615 Debbie Oval, East Michelle, UT 33722",10/17/1966,Engineer,Education,Website,,25323.9,9/10/2024
CUST2069,Taylor Crosby,jonathanlynn@yahoo.com,600-168-2959x61846,"USNV Green, FPO AP 88751",2/17/1977,Director,Finance,Website,,59756.8,10/22/2024
CUST4195,Chelsey Taylor,brian92@ross.com,001-048-906-0979x1352,"491 Larry Roads, South Stevenshire, OR 65905",11/5/1974,Analyst,Technology,Unknown,Email,26487.27,4/5/2025
CUST9269,Robert Duke,hannahgilbert@wagner-myers.com,830.934.1383,"9944 Moore Key, New Michaelhaven, VA 20698",2/22/1960,Analyst,Education,Unknown,Phone,143979.08,3/27/2025
CUST2079,Justin Mendoza,davidwilliams@yahoo.com,(561)138-1257x4198,"USNV Bell, FPO AP 78059",5/13/1955,Analyst,Healthcare,N/A,Phone,76166.6,2/22/2025
CUST5820,William Hall,kimberly27@gmail.com,517.475.1883x3541,"90718 Charles Circles Suite 928, New Victoriaport, VT 75197",9/29/1958,Analyst,Healthcare,Website,,-8005,8/22/2024
CUST4194,David Jacobs,tracey71@montes.com,250.210.9885x0830,"USNV Martinez, FPO AE 98832",10/20/1966,Technician,Technology,Email Campaign,,71884.77,6/30/2024
CUST6712,Rebecca Suarez,bobby40@yahoo.com,9595565765,"0414 Dixon Stravenue Apt. 144, Lake Reginahaven, SC 06717",10/18/1961,Analyst,Education,Event,SMS,42529.26,1/29/2025
CUST3774,Megan Aguirre,johnsonkelly@yahoo.com,886-636-2417x6088,"61295 Thompson Ridge, Gregorytown, FL 27993",4/14/1983,Technician,Education,Unknown,Phone,108831.75,2/5/2025
CUST1965,Elizabeth Tucker,stephensjose@ford.com,(978)437-9637x731,"Unit 0597 Box 4091, DPO AE 24213",8/24/1974,Analyst,Healthcare,Email Campaign,Phone,59138.09,5/16/2024
CUST4253,Elaine Hebert,hsanchez@hotmail.com,001-388-519-8861x9137,"27990 Scott Trafficway Apt. 310, East Jennifer, HI 26816",11/28/1955,Analyst,Manufacturing,N/A,,90957.99,12/20/2024
CUST3698,Susan Mcbride,hannah70@gmail.com,+1-808-342-3026x4367,"71651 Shaw Shores, New Rhondashire, CO 10581",4/25/1968,Consultant,Finance,Referral,,110237.34,5/18/2024
CUST7525,Theresa Miller,johnthomas@gmail.com,383.662.1769x4770,"777 Andrea Ridge Apt. 517, Shawnstad, NV 26939",2/24/1994,Technician,Technology,Social Media,,66045.2,1/10/2025
CUST5774,Kristi Brewer DDS,lovecody@levine.com,-10289,"3988 Coleman Island, New Rhonda, OK 85277",4/23/1964,Consultant,Retail,Email Campaign,Email,138632.58,8/17/2024
CUST3609,Leslie Mcneil,richard55@hotmail.com,353-717-7087x3513,"99340 Ray Courts, Monicaville, NV 68001",9/4/1973,Consultant,Finance,Unknown,Phone,99977.11,6/5/2024
CUST8286,Keith Lopez,gregorypaula@weaver.com,675.151.8670x7532,"00332 Austin Vista Suite 631, Christinefort, PA 11941",10/28/1978,Manager,Manufacturing,Event,SMS,36545.73,9/18/2024
CUST6096,Debbie Foster,invalid_email@,1371356538,"123 Kelly Crossing Apt. 507, Priceville, AK 54421",7/21/2002,Director,Education,Website,,36371.66,3/26/2025
CUST7635,Joe Lewis,cfinley@gmail.com,001-493-012-1985,"762 Jessica Harbor, Lake Kayla, WY 15069",8/4/1985,Engineer,Retail,Unknown,,129095.74,4/30/2024
CUST9750,Carl Gregory,timothysanders@hotmail.com,695-440-2480,"216 Monica Roads Suite 796, Williamsview, PA 91430",11/5/1962,Engineer,Education,Unknown,Email,63352.85,7/25/2024
CUST7996,Carl Kelly,zachary23@dalton.com,723-226-5521,"09295 Gallegos Point, Katelynland, MA 49734",12/14/2002,Analyst,Manufacturing,Email Campaign,SMS,132360.84,12/11/2024
CUST7681,Michael Rivas,scott57@jacobs.info,001-571-515-7500x1680,"199 Patricia Prairie Suite 172, West Caroline, MT 26722",12/31/1988,Technician,Manufacturing,N/A,Email,111204.45,12/14/2024
CUST3231,Jennifer Crawford,williamsrachael@smith.com,962-926-4380x54195,"391 Renee Freeway Suite 073, South Frank, DE 62467",3/17/1999,Manager,Manufacturing,N/A,,37732.36,6/3/2024
CUST9157,James Fry,gregory93@hotmail.com,540.065.1429x45518,"206 Campbell Ports, Brendanburgh, MD 97600",8/19/1961,Technician,Healthcare,Social Media,SMS,113488.47,2/13/2025
CUST2949,Stacey Rasmussen,imiles@gmail.com,(132)543-7038,"PSC 5342, Box 7549, APO AP 71711",4/13/1982,Consultant,Manufacturing,N/A,Phone,34912.15,8/24/2024
CUST8717,Elizabeth Stone,osmith@hart.com,+1-895-844-6781x78486,"361 Debra Glen, North Lauren, WA 25163",4/4/1978,Manager,Manufacturing,Website,Email,52136.79,11/30/2024
CUST7138,Mrs. Rhonda Osborne,hollybutler@smith.org,(993)920-9008,"8405 Bates Crest, Johnville, TN 92087",4/14/1983,Consultant,Finance,Unknown,,70792.81,8/14/2024
CUST8191,Michael Dyer,tony30@phillips.biz,+1-248-405-1159x033,"71472 James Motorway, Jenniferhaven, MO 30835",8/12/1996,Analyst,Retail,Email Campaign,Phone,126635.22,4/28/2024
CUST7095###,David Hicks,markwilliams@morris.com,+1-174-894-5854x823,"3254 Scott Streets, Port Karenbury, UT 09155",8/20/1969,Analyst,Manufacturing,N/A,,131710.81,10/4/2024
CUST6642,Curtis Davis,kennedychristopher@yahoo.com,001-480-053-9275x16188,"USNS Roberts, FPO AE 88311",12/6/1984,Engineer,Retail,Referral,Email,44025.02,1/6/2025
CUST3747,Lori May,zgarcia@clark-stewart.biz,(795)099-0686,"1687 Medina Ridge, Frazierhaven, NE 14152",8/11/1994,Technician,Healthcare,Referral,Phone,81900.59,7/3/2024
CUST9840,Pamela Morgan,kshea@gmail.com,001-998-701-1273x71712,"909 Turner Road Apt. 981, East Thomasland, WV 06700",3/20/1964,Analyst,Technology,Website,,67754.12,12/8/2024
CUST9366,Robert Holt,kimberly54@yahoo.com,(138)770-9718,"8217 Guzman Gardens, Kevinville, MS 70468",1/6/1959,Consultant,Retail,N/A,Email,80315.28,2/8/2025
CUST5936,Brittany Fisher,bradysanchez@yahoo.com,-11441,"31443 Sara Isle Apt. 549, Stephanieshire, AL 29967",9/25/2005,Manager,Finance,Social Media,,35616.44,4/8/2025
CUST3909,Christopher Johnson,vjohnson@yahoo.com,052.126.7652,"93677 Gonzalez Islands Apt. 742, North Zachary, RI 72637",10/13/1996,Engineer,Manufacturing,Unknown,Email,103864.17,6/18/2024
CUST5708,Adrienne Summers,vbooth@hotmail.com,283-032-1267x8297,"9204 Alvarez Locks, Davisstad, OK 71160",12/4/1982,Director,Retail,Website,SMS,145163.55,8/3/2024
CUST1759,Michael Lewis,stephanie94@gmail.com,326-474-4148,"6704 Travis Squares, Danaborough, WY 54203",1/2/1967,Technician,Retail,Social Media,Email,147627.98,7/14/2024
CUST6678,Zachary Nelson,stevensmelissa@hotmail.com,513.138.7303x685,"35996 Rios Expressway, Thomasborough, NV 69270",7/29/1980,Director,Manufacturing,Referral,SMS,137331.57,9/1/2024
CUST8778,April Stark,erinhughes@velazquez.com,248-957-6174,"5970 Richardson Rest, Smithfurt, NC 19802",7/9/1973,Consultant,Manufacturing,Website,Phone,105269.5,4/3/2025
CUST4648,Paula Price,alanjimenez@hotmail.com,007-033-6568x5144,"90732 Laurie Estate, Lake Jenniferfort, CT 05791",1/31/1966,Technician,Technology,Event,SMS,79732.63,2/9/2025
CUST1122,Kari Johnson,brandygibson@yahoo.com,001-263-672-7299x6566,"41045 Linda Inlet, Bakerfort, WI 39865",1/15/1968,Analyst,Technology,Social Media,,28867.31,9/25/2024
CUST7353,Wayne Herrera,lsmith@myers.com,-2840,"PSC 7009, Box 7584, APO AA 11339",12/1/1975,Consultant,Retail,Email Campaign,Phone,94885.06,7/8/2024
CUST1717,Marissa Jones,hendersonheather@gmail.com,+1-602-767-7508x6203,"1207 Kelly Brooks, Josemouth, IN 09369",2/24/1960,Technician,Manufacturing,Social Media,Phone,110709.93,9/5/2024
CUST8314,Jeffrey Barton,wbarker@burton-hammond.info,(243)340-1840,"723 Jared Stravenue Apt. 633, South Yvonnestad, HI 58206",1/2/2006,Director,Education,Event,,28784.1,4/18/2025
CUST5264,Rebecca Moss,bairdsarah@gmail.com,683-435-9524x695,"465 Cortez Tunnel Suite 076, Port Kimberlyton, NC 84777",8/24/1960,Technician,Healthcare,Referral,Email,106483.93,10/23/2024
CUST2842,Victoria Lewis,clarkehoward@johnson.com,839.383.2449x14784,"904 Joshua Forest Suite 773, Lake Daniel, OR 70925",11/30/1980,Technician,Retail,Social Media,Phone,147572.69,4/15/2025
CUST7441,Dave Flores,carolharrington@gmail.com,798.027.6589x741,"384 Mary Ridges, North Benjamin, GA 04518",5/3/1996,Manager,Finance,Referral,,118255.8,6/16/2024
CUST7657,David Taylor,michaelsoto@gmail.com,315.617.1995x204,"71234 Erica Camp, Elizabethtown, AR 12659",1/23/1992,Engineer,Finance,Event,SMS,34881.59,9/6/2024
CUST6601,Victoria Vasquez,hwilliams@gmail.com,001-947-340-3016,"4081 Woods Estate, North Josechester, RI 73145",3/20/1963,Engineer,Retail,Unknown,SMS,98849.33,12/23/2024
CUST6093,Theodore Berger,alvaradoanna@yahoo.com,(422)650-4517x919,"Unit 9058 Box 6642, DPO AP 34376",4/7/1981,Manager,Education,Website,,69091.76,2/23/2025
CUST3805,Justin Barker,ibarry@atkins-sanchez.com,001-311-550-8149,"771 Maria Manors Suite 914, Matthewside, NJ 03760",3/20/1993,Director,Manufacturing,Referral,Phone,52824.34,4/3/2025
CUST9209,Julia Gonzalez,maria00@hotmail.com,(375)425-2270x9674,"7332 Theresa Plains, Lake Heather, MI 58047",9/15/1968,Technician,Education,Referral,Phone,116480.01,2/15/2025
CUST9619###,Kaylee Lopez,peter73@yahoo.com,227.478.7780,"Unit 5709 Box 5631, DPO AA 39681",8/2/1956,Director,Healthcare,Website,Email,101785.04,6/4/2024
CUST7682,Christopher Macdonald,natasha48@lowery.com,893-772-5227x56558,"061 James Islands, Morganside, NE 14332",2/11/2003,Engineer,Healthcare,Website,Phone,136127.83,10/17/2024
CUST7918,Alison James,mossjessica@gmail.com,669.084.4332,"3404 Gray Square, Port Adrianstad, NY 89556",7/6/1954,Consultant,Manufacturing,Event,Email,64292.47,6/6/2024
CUST1809,Brittney Paul,taylornicholas@gmail.com,(075)386-8020,"618 Gregory Roads Apt. 737, Morenoshire, WI 31193",4/30/1956,Technician,Technology,N/A,,44717.8,5/22/2024
CUST5311,Brittany Oconnor,jordancummings@carpenter.biz,430-601-2689x259,"852 Rice Cliff, Baileyberg, NH 04837",4/4/1966,Director,Retail,Event,SMS,66343.08,7/8/2024
CUST2786,Taylor Foley,kimberlymartinez@yahoo.com,366-764-5004x141,"302 Traci Fields, Lake Scott, MT 47664",10/22/1961,Manager,Finance,Email Campaign,,101311.19,10/18/2024
CUST6057,Susan Mcguire,garzamallory@gmail.com,844.094.2565,"3855 James Haven Suite 402, New Garystad, CA 38744",7/6/1972,Director,Finance,Referral,SMS,33118.69,12/17/2024
CUST2819,Vicki Ruiz,gomezkenneth@yahoo.com,+1-011-797-2228x97232,"16106 Shane Shoals Suite 497, West Phillipchester, OH 93852",4/2/1995,Manager,Finance,Event,SMS,22930.52,8/22/2024
CUST6151,Diane Bowers,matthewkrueger@yahoo.com,+1-898-819-8804x966,"4304 Spears Loaf Suite 081, Lake Bobbytown, OH 36674",4/5/2007,Analyst,Retail,N/A,SMS,28833.87,5/31/2024
CUST7597,Kimberly Wells,johnmoon@martinez-nelson.biz,+1-971-253-1439x50755,"63443 Gomez Glens Suite 242, Hendersonport, WV 40383",8/7/2000,Analyst,Finance,Event,Phone,130915.38,3/25/2025
CUST1715,Randall Moreno,johnsonjonathan@hotmail.com,+1-776-791-1474x03334,"2823 Thomas Run, East Aprilville, AZ 11603",9/30/1973,Director,Education,Email Campaign,Email,90972.41,9/24/2024
CUST6515,Brandon Salazar,bwright@cain.info,+1-069-192-9362x7570,"3892 David Lakes Apt. 769, Port Hollyberg, CT 23814",7/16/1963,Director,Retail,Social Media,Email,24195.71,3/5/2025
CUST3897,Benjamin Stephens,susanjohnson@clay-wright.com,(661)617-2962x7186,"9814 Sabrina Estates Apt. 583, Santosshire, WY 30486",9/7/2006,Analyst,Healthcare,Social Media,Email,38107.52,3/14/2025
CUST2975,Misty Miller,tonyabarnett@gmail.com,167.728.9700x67512,"2949 Cooper Stream Suite 282, Tonyaborough, MS 04210",5/19/1992,Technician,Education,Unknown,Email,50630.24,2/25/2025
CUST3443,Morgan Mullins,websterrenee@buchanan.info,825.678.0332,"0029 Rodriguez Trail Apt. 692, Haleybury, AL 69443",12/27/1972,Director,Manufacturing,N/A,Email,64959.92,1/28/2025
CUST4196,Brian Taylor,smithmary@hotmail.com,120-908-7263x143,"529 Pierce Drive Suite 920, Lake Abigailstad, CO 05755",5/10/1992,Consultant,Manufacturing,N/A,Email,135377.42,3/10/2025
CUST1764,Megan Keller,denisesmith@olsen-rivera.info,168-965-8715x59846,"39167 Diaz Roads, North Susan, AZ 68926",7/30/1965,Manager,Education,N/A,Email,33527.96,5/2/2024
CUST5755,Patrick Prince,lindsey64@lynch.com,077.257.2619x9271,"95749 Hughes Landing Apt. 696, Johnsonland, AK 99939",3/7/1965,Director,Healthcare,N/A,SMS,76097.02,7/20/2024
CUST3648,Melissa Smith,brandonjenkins@hotmail.com,(383)296-9748,"72329 Pace Hill Suite 256, Benjaminport, KS 75088",8/6/1966,Manager,Finance,Website,Email,120569.72,10/7/2024
CUST7672,Rhonda Hall,katiesmith@willis-kramer.net,347-499-7409x1782,"PSC 4770, Box 6708, APO AP 86661",9/29/1961,Director,Manufacturing,Unknown,,108652.36,10/14/2024
CUST2794,Timothy Foster,david69@nunez.net,172-930-6918x7616,"32766 Christy Rest Suite 111, West Joelburgh, KY 49232",6/23/1958,Engineer,Manufacturing,Email Campaign,Email,70326.22,10/25/2024
CUST6343,Cheryl Hart,raymondjames@pittman.net,001-950-864-8505x669,"558 Katherine Heights Apt. 511, Brendastad, NY 20406",9/2/1965,Technician,Healthcare,Email Campaign,,91440.84,9/26/2024
CUST3923,Roberta Hamilton,robinsondavid@walker.net,313.905.8304,"468 Rodriguez Island Apt. 396, South Ronaldville, KS 41197",4/21/2007,Consultant,Finance,Event,SMS,65732.58,3/27/2025
CUST7261,Carrie Roy,pjones@yahoo.com,480.305.4418x8584,"Unit 6385 Box 3085, DPO AE 47201",7/25/1963,Consultant,Finance,Referral,Phone,31958.81,12/13/2024
CUST1816,Charles Adkins,ybonilla@blake.net,282-350-7736,"64108 Nicholas Coves Apt. 440, Tylerport, CA 46605",8/13/1955,Manager,Retail,N/A,Email,148822.04,12/31/2050
CUST5531,Melinda Zavala,mjefferson@lee.com,885.518.7691,"4554 Cobb Locks Suite 405, Port Luis, VT 06507",2/13/1995,Technician,Healthcare,Unknown,Email,29959.52,8/8/2024
CUST2713,Jasmine Wagner,katherinesweeney@andrade.org,-2849,"241 Lee Mountains Apt. 186, Lake Cynthia, KY 68563",6/1/1959,Consultant,Healthcare,Social Media,Email,60836.36,4/29/2024
CUST6971,Michael Sanford,krista69@mcguire-smith.net,6853152348,"56022 Jeremy Island, Cynthiamouth, PA 42828",3/15/1996,Technician,Healthcare,Social Media,Phone,98796.1,8/23/2024
CUST2666,Scott Mitchell,amy41@garcia.info,265-304-1356x3877,"498 Kyle Lock, Vasquezstad, NC 10211",11/5/1971,Technician,Finance,N/A,Email,29929.12,5/26/2024
CUST7900,Theresa Wagner,millerjoanna@yahoo.com,-8191,"6335 Hughes Ford Apt. 951, Port Nichole, OH 18928",5/15/1994,Manager,Retail,N/A,SMS,136693.22,5/18/2024
CUST3907,Michele King,lopezcatherine@valdez.info,-10452,"350 Mcpherson Forge, Lake Tracy, CO 90401",10/28/2002,Consultant,Technology,Social Media,SMS,121427.09,1/13/2025
CUST6897,Lisa Oconnor,kendraarmstrong@hotmail.com,(009)032-5527x764,"91884 John Vista Suite 154, Josephmouth, HI 91752",11/22/1979,Technician,Healthcare,Event,SMS,61451.66,8/18/2024
CUST3266,Christopher Velasquez,michaelerickson@gmail.com,861-524-8918x31821,"22323 Berry Avenue, South Brianchester, WA 11496",10/20/1979,Director,Finance,Website,SMS,137055.3,4/5/2025
CUST1282,William Allen,mblackwell@gmail.com,(925)682-1053,"18213 Calderon Stravenue Apt. 302, Martinezberg, OK 35072",2/23/1987,Director,Retail,Social Media,Email,46462.14,3/12/2025
CUST8429,Jordan Simpson,nunezdarrell@santana.info,001-822-034-3037x72832,"PSC 4244, Box 8124, APO AA 24008",12/24/1980,Director,Healthcare,Social Media,Phone,35957.25,6/9/2024
CUST8156,Michael Perez,whitewalter@castillo-leonard.com,669-880-1634x94688,"371 Michael Trail Apt. 904, Port Jameschester, FL 80756",7/11/1959,Manager,Finance,Referral,,104488.05,7/27/2024
CUST7352,Sara Watson,afrench@harrison.info,252.844.5331,"2959 Mcbride Canyon, West Peggystad, RI 32581",12/16/2005,Engineer,Finance,Email Campaign,Email,55138.81,7/7/2024
CUST1870,Chelsea King,mcguirestephen@jackson.info,894-500-7737x81843,"678 Smith Park Suite 164, West Rogerville, RI 77633",6/12/1976,Consultant,Education,Unknown,Email,27763.61,4/9/2025
CUST6037,Brittany Perkins,yjohnson@gmail.com,(282)703-9924x5464,"619 Miller Fort, Beardland, LA 57891",6/10/1958,Consultant,Retail,Website,,70006.22,6/21/2024
CUST7662,Lynn Atkinson,fordphillip@kelly.org,-8361,"96005 Diaz Fork Suite 177, East Kristenburgh, IA 37568",10/15/1973,Manager,Healthcare,Email Campaign,Phone,105790.34,5/8/2024
CUST2063,Eric Odonnell,ortizhenry@yahoo.com,001-624-309-7368,"2588 Mary Motorway Suite 894, Jeffreyfurt, PA 59410",9/5/1984,Engineer,Technology,Social Media,Email,90401.39,1/29/2025
CUST1052,Anita Howell,pmyers@vasquez.com,(181)354-9184x06627,"USCGC Yu, FPO AE 57062",5/28/1978,Engineer,Manufacturing,Unknown,SMS,139950.83,12/10/2024
CUST3284,Catherine Mclean,kristen09@medina-hogan.com,548.589.4940,"73419 John Ranch, South Kathytown, DC 39070",10/6/1972,Director,Healthcare,Unknown,Email,64322.77,9/17/2024
CUST1632,Keith Silva,kelly09@garcia.com,410.152.0583,"3631 Taylor Street Suite 033, New Andrew, CT 89051",3/22/1996,Consultant,Retail,Unknown,Email,124961.57,10/27/2024
CUST2855,Tracey Alexander,michael50@ferguson-martinez.com,440.490.4482x8268,"USNV Morgan, FPO AA 47101",11/11/1996,Consultant,Technology,N/A,SMS,131606.83,10/2/2024
CUST6095,Jessica Nguyen,harveyerin@hernandez-kirk.com,(872)276-7663,"0080 Jennifer Field Suite 740, Josephville, CT 37938",4/14/1989,Consultant,Retail,Event,SMS,41131.35,1/22/2025
CUST7070,Michael Lynn,grossbruce@frank.com,001-664-038-9611x449,"53074 James Glen, North Katherine, KS 72547",6/17/1968,Consultant,Technology,Referral,Phone,138002.64,6/17/2024
CUST6146,Rebecca Rogers,invalid_email@,+1-089-579-7764x0151,"3366 Stuart Viaduct, East Jeffrey, FL 83415",5/27/1968,Technician,Education,Website,Phone,120274.1,6/21/2024
CUST6794,Stephanie Diaz,william94@mendoza.com,001-967-066-4000x172,"97669 Donna Brook Suite 915, Collinsbury, HI 72120",1/18/1999,Analyst,Manufacturing,Email Campaign,Email,100021.14,5/18/2024
CUST9099,Joshua Lopez,umiller@yahoo.com,028.373.9987,"1057 Yoder Plaza Suite 221, North Anthonychester, IA 58933",8/21/1966,Analyst,Technology,Social Media,Email,36159.83,4/19/2025
CUST1608,Edward Gould,johnsoncatherine@yahoo.com,+1-440-830-0853x25595,"804 Cook Via Suite 833, New Scotttown, IA 55083",1/29/1968,Technician,Education,Unknown,SMS,130187.05,3/2/2025
CUST4025,Nathaniel Kennedy,cgregory@freeman.net,+1-628-161-6410x703,"839 Kristine Lock, North Paulaville, DE 69989",2/5/1984,Consultant,Finance,Email Campaign,Email,80637.14,7/17/2024
CUST6007,Matthew Mack,jesusreynolds@gmail.com,211.666.1434x03271,"861 Hobbs Spring, New Bradleyberg, IL 26784",9/5/1974,Consultant,Technology,Unknown,Phone,73119.42,11/1/2024
CUST9031,James Thomas,mckeetara@mason.org,614-568-2902,"00474 Amanda Mission Suite 330, East William, CO 86522",12/9/1978,Engineer,Education,Event,SMS,143928.13,10/24/2024
CUST4282,Megan Rose,hudsonsteven@hotmail.com,338.407.4385,"USNS Lawrence, FPO AE 17206",12/21/1996,Manager,Education,Unknown,SMS,53740.3,4/30/2024
CUST5848,Jessica Reynolds,megancook@yahoo.com,+1-711-536-5242x49731,"6072 Hernandez Pass, Griffithland, AK 48057",6/16/1994,Manager,Healthcare,N/A,Phone,39097.23,1/12/2025
CUST3345,Bradley Hicks,tammyrios@thompson.com,(065)438-0589,"0337 Ashley Meadow, Heidistad, VT 28601",4/28/1958,Technician,Finance,Referral,Email,105098.11,10/18/2024
CUST1363,James Suarez,phughes@wells.net,(834)659-0223,"6677 Courtney Village Suite 333, Millerberg, UT 05660",9/18/1955,Technician,Manufacturing,Unknown,,95385.79,5/1/2024
CUST2706,David Wilcox,kristenhall@hotmail.com,001-277-630-3529x41452,"221 Benjamin Drives, Kaylaview, NM 59139",1/24/2006,Director,Technology,Referral,Email,143721.49,1/1/2025
CUST4059,Jason Maddox,wweber@ho-gomez.com,749-173-9445x67878,"370 Valencia Common Suite 263, Tracyland, AL 23493",11/12/1968,Analyst,Finance,N/A,SMS,90257.38,10/30/2024
CUST9258,Clinton Myers,ruizbrittany@hotmail.com,795-245-5522,"5524 Robinson Pike Apt. 498, Elaineside, AK 40941",4/29/1984,Director,Healthcare,Social Media,Email,30072.29,7/14/2024
CUST5550,Nicole Grant,smithjacob@yahoo.com,+1-788-976-7636x816,"9885 Stewart Rapids Apt. 135, Haasville, TN 59662",5/8/1986,Engineer,Manufacturing,Website,Phone,46525.45,2/17/2025
CUST8852,Catherine Cohen,allenbrett@moore-rosales.com,(073)940-3871,"597 Michael Place, Jasminefort, NE 85282",5/9/2004,Analyst,Technology,Email Campaign,Email,103445.31,9/19/2024
CUST1804,Logan Herrera,cynthialong@hotmail.com,(737)966-6292,"USNV Reed, FPO AP 62401",2/24/1972,Manager,Finance,Social Media,SMS,63548.15,9/13/2024
CUST5930,Michelle Martinez,ezimmerman@hotmail.com,768.820.6639x7102,"310 Collin Street, Nguyenside, MT 92243",3/1/1979,Technician,Education,Email Campaign,SMS,100849.13,8/26/2024
CUST9762,Alicia Scott,johnstonbrian@vaughan.org,001-799-042-9525x330,"09016 Gilbert Ridges, South Cindyport, DC 07560",8/11/2006,Analyst,Finance,Social Media,Phone,138543.45,4/12/2025
CUST4146,Nicholas Banks,joshuastuart@hodge-walton.net,(349)636-4134,"425 Murphy Stravenue Suite 219, Villarrealtown, NE 41928",6/30/1989,Engineer,Manufacturing,Referral,SMS,86403.5,8/26/2024
CUST3066,Samuel York,shawbrooke@jordan.info,(019)945-5052x4953,"73815 Carter Throughway, Port Sara, GA 62474",9/5/1999,Director,Manufacturing,N/A,SMS,142192.18,2/10/2025
CUST6634,Tina Black,monroekathleen@castillo-parker.biz,654.271.7393x557,"805 Steven Village, Mccoyton, TN 84218",8/16/1994,Director,Finance,N/A,Phone,69541.66,2/27/2025
CUST3206,Robert Shaffer,johnduffy@moody-smith.org,773-020-1290,"9982 Davis Square, North Stevenstad, AR 03183",11/7/1966,Engineer,Finance,Referral,,90065.76,6/14/2024
CUST3149,Mark Johnson,amberrogers@jones.com,310-460-7724x558,"988 Carlos Ville, Cindyton, MO 61012",1/1/1964,Director,Finance,Event,,105695.71,8/29/2024
CUST2049,Christine Ellis,lisapeterson@nelson.com,001-502-823-3242x665,"98464 Wayne Isle, Brianhaven, GA 17528",9/6/1976,Consultant,Education,Social Media,Phone,128681.16,12/14/2024
CUST1299,Anna Hatfield,kennethmercado@conrad-owen.biz,001-269-696-4569x2149,"47739 Caitlin Shoal, Adamburgh, ME 43272",6/6/1980,Manager,Education,Referral,SMS,50015.79,1/3/2025
CUST5121,Alexandra Harrington,vbyrd@owens.com,732-246-9843,"331 Flores Plain Suite 136, New Kevin, IL 11987",3/3/2000,Technician,Finance,N/A,Phone,77850.97,8/16/2024
CUST2010,Nicholas Parker,hendersonbrian@larson-jensen.net,867.192.3306x5639,"USCGC Reeves, FPO AA 03533",3/5/1960,Analyst,Finance,Social Media,Email,138902.62,9/27/2024
CUST9370,Traci Drake,apriljarvis@chen.com,216-895-0107,"35254 Spears Divide Apt. 510, Williamberg, CA 40550",5/25/1965,Consultant,Manufacturing,Referral,,122219.54,8/7/2024
CUST1351,Jessica Smith,mboyer@yahoo.com,5158988656,"Unit 1600 Box 7742, DPO AA 57088",2/22/1998,Director,Healthcare,Event,Phone,120938.28,4/28/2024
CUST9235,William Johnson,joelong@mann.org,9608230551,"74302 Stephanie Landing Suite 868, South Kimberly, LA 98630",12/31/1976,Technician,Manufacturing,N/A,Phone,98720.94,8/19/2024
CUST8234,Raven Hunter,alvareztodd@bennett.com,287-850-8323x4708,"5492 Anita Villages, Lake Rodney, ID 29984",11/25/1961,Analyst,Education,Website,Email,73105.36,7/13/2024
CUST1040,Taylor Rodriguez,jalexander@hotmail.com,(144)709-8859x13581,"14033 Phillips Course Suite 856, West Claytonland, MA 31736",11/11/1959,Manager,Manufacturing,Email Campaign,Phone,136983.42,2/6/2025
CUST7352,Donald Walters,jennifer25@stewart.biz,+1-839-020-2262x149,"398 Cox Lights Suite 761, Port Patrickmouth, KS 38207",10/19/1961,Engineer,Healthcare,Website,,54238.9,3/28/2025
CUST4713,Angela Baker,jamesricky@barajas-murphy.net,(788)845-1984,"880 Lopez Mews, New Amber, ND 76040",11/27/1993,Technician,Retail,N/A,Email,-8967,12/30/2024
CUST6396,Gregory Greer,feliciaholloway@hotmail.com,814.354.1064x553,"5244 Armstrong Well Suite 704, North Micheal, MN 52711",7/26/2003,Consultant,Finance,N/A,Phone,148691.35,7/28/2024
CUST6006,Micheal Wall,rileychristine@yahoo.com,001-555-918-0022x4902,"6434 Lopez Square Apt. 960, Lake Carolyn, SD 28649",6/27/1957,Director,Manufacturing,Email Campaign,,66067.81,10/16/2024
CUST4442,Sheri Vaughan,garrettlee@stein-johnson.com,001-347-008-4642x073,"08642 Stephens Mount Suite 762, Lake Samuel, AZ 45554",6/19/1991,Technician,Manufacturing,Referral,SMS,35473.85,2/19/2025
CUST1798,Stephen Huff,rodriguezamy@garcia.biz,818.524.5673,"88307 Carpenter Forks, Port Alexport, CA 71967",6/16/1961,Director,Manufacturing,Event,Email,149237.43,7/27/2024
CUST8561,Tyler Whitney,glamb@estrada.com,(467)393-9265,"3185 Blackwell Flat, Lake Veronica, KS 20257",12/22/1960,Engineer,Technology,Social Media,,138387.65,3/21/2025
CUST8172,Mckenzie Li,paula36@yahoo.com,+1-195-299-2436x105,"612 Rebecca Fork Apt. 006, Stanleychester, WV 61207",10/12/1966,Consultant,Technology,Unknown,,57607.85,7/4/2024
CUST9430,Wyatt Gonzalez,omartin@hotmail.com,001-578-535-7187x648,"65701 Jacob Cape, New Henry, KS 82876",2/5/1995,Technician,Healthcare,N/A,Phone,114081.97,3/26/2025
CUST4593,Melanie Mathis,tonydavis@gmail.com,001-613-130-3799x218,"9867 Miguel Ferry Suite 975, Robertstad, NE 72124",10/10/1961,Director,Finance,Referral,Email,97161.93,4/28/2024
CUST4941,Stephanie Ryan,emily76@gmail.com,142-794-1227x6745,"1450 Carol Rest Suite 169, Olsonshire, CO 68106",12/9/1956,Technician,Technology,Email Campaign,,61656.79,1/14/2025
CUST1824,Jessica Ellis,rodrigueztracy@williamson.com,(832)896-7312,"44059 Ferguson Mission, South Scott, RI 73913",11/6/1991,Director,Technology,Event,SMS,142819.85,2/8/2025
CUST1285,Jonathan Shepherd,millerlaura@yahoo.com,(752)222-4888,"255 Kelly Ranch, Kimberlyport, AK 99027",9/29/2000,Manager,Education,Email Campaign,SMS,26277.43,6/19/2024
CUST1700,Dave Whitaker,bensonwendy@gmail.com,4851063613,"Unit 1606 Box 1216, DPO AA 58416",8/11/1983,Director,Manufacturing,Event,,57083.44,1/22/2025
CUST1690,Jose Torres,ericksondenise@gmail.com,734-252-9229x28380,"095 Paula Turnpike, East Cory, NJ 25121",9/14/1994,Analyst,Healthcare,Referral,Email,125818.33,1/6/2025
CUST7114,Mary Horton,ashley42@hotmail.com,252-870-4118,"4724 Simpson Vista, Lawsonport, IN 55172",7/13/1993,Technician,Healthcare,Email Campaign,SMS,94767.92,2/15/2025
CUST5161,Greg Garner,diane64@mendoza.com,+1-664-015-8413x8998,"1008 Richards Prairie Suite 686, Jonesport, MD 92475",8/23/2002,Analyst,Finance,Social Media,SMS,41527.03,7/31/2024
CUST6297,Tina Rogers,christopherpayne@hotmail.com,(142)782-5041,"209 Tucker Vista Suite 641, West Scottfurt, KY 09495",12/8/1963,Analyst,Retail,Email Campaign,Phone,135095.39,4/5/2025
CUST7448,Charles Keller,clarkjustin@yahoo.com,001-577-572-8901x478,"3273 Bethany Branch, Port Leahside, NM 85132",3/29/2002,Analyst,Manufacturing,Unknown,Email,140187.06,1/21/2025
CUST7945,Mary Robinson,rramos@stanley.net,+1-612-684-6020x567,"7949 Kimberly Harbors Suite 039, West Nicholasport, CA 57868",3/28/1956,Analyst,Healthcare,Website,Phone,91781.25,4/12/2025
CUST8679,Jessica Kent,martincynthia@hotmail.com,315.380.2372,"3682 Rachel Loop, Ingramview, TX 24342",7/22/1956,Manager,Finance,Event,Email,144781.37,4/13/2025
CUST8569,Pamela Ayala,thomas95@gmail.com,508-852-3405x4619,"26724 Lisa Haven, North Marvin, IA 15576",4/15/1991,Director,Healthcare,Website,,128225.58,10/21/2024
CUST3931,Jessica Wilson,dorothy69@gmail.com,+1-498-885-5186x829,"29899 Johnson Row Suite 022, New Dennisshire, KY 50690",3/19/1981,Analyst,Healthcare,Social Media,,115171.62,12/10/2024
CUST5838###,Ronald Anderson,xramirez@gmail.com,-2879,"1878 Joanne Gateway, Elliottmouth, SD 36559",10/11/1969,Manager,Retail,Social Media,Email,113112.62,11/4/2024
CUST2161,Morgan Kelly,jensenjessica@peterson.com,112-784-8233x737,"58338 Jennifer Creek Apt. 095, Michaelside, IL 53189",6/20/1957,Consultant,Retail,Email Campaign,SMS,-1355,2/17/2025
CUST4548,Tanya Adams,smithjennifer@chavez.net,+1-526-106-6795x472,"USNV Marks, FPO AE 88829",4/14/2003,Analyst,Technology,N/A,Email,145897.14,7/25/2024
CUST2740,Sandy Berry,denniscraig@hudson.com,001-117-957-4964x09692,"76854 Joshua Mall Apt. 047, Wilsontown, WI 35108",1/31/2002,Technician,Healthcare,N/A,Email,62525.04,3/1/2025
CUST6330,Robert Thomas,gmurphy@johnson.com,001-665-497-8456x846,"0053 Wagner Track, Traceyberg, GA 05797",8/27/1965,Analyst,Education,Email Campaign,Email,111885.27,7/9/2024
CUST9156,William Aguirre,bondjuan@young-patel.com,+1-789-108-4594x47072,"5590 Serrano Wells, Sheriville, AZ 00531",5/24/1962,Engineer,Retail,Website,SMS,44751.83,2/1/2025
CUST7446,Lauren Mcdonald,kevincruz@lyons.com,+1-590-233-7746x5720,"3919 David Grove Apt. 334, Levineborough, OK 78632",5/22/2002,Technician,Technology,Website,Email,51968.78,10/20/2024
CUST2193,Jessica Adams,thomaswade@hotmail.com,(989)025-7691,"0850 Joseph Locks, Alexiston, VT 48782",8/2/1978,Consultant,Healthcare,N/A,Phone,54487.19,10/10/2024
CUST6397,Philip Castillo,odaugherty@gmail.com,564.217.1436,"504 Kaitlyn Haven, Simmonschester, DE 58890",6/27/1954,Consultant,Healthcare,N/A,,56737.96,4/14/2025
CUST6643,John Becker,david17@yahoo.com,005-053-0493x494,"7163 Kane Glen Apt. 819, Hebertview, IL 87163",5/11/1976,Technician,Finance,Event,Phone,20415.7,3/11/2025
CUST3498,Makayla Salinas,jessicapatterson@yahoo.com,(540)182-0647x1071,"586 Jessica Grove Apt. 301, New Jasontown, NE 18885",12/16/2004,Consultant,Manufacturing,Event,Phone,112298.77,10/28/2024
CUST7320,Richard Green,ellisrebecca@frank-williams.com,563-617-9086,"678 James Wall, Port Kirstenburgh, KS 99213",9/30/1988,Consultant,Technology,Social Media,,102033.43,9/15/2024
CUST7377,Jesse Miller,russellwilliam@brown.com,507-999-5046,"1091 Natalie Creek, West Michaelville, TX 41827",4/14/2004,Technician,Education,Email Campaign,Phone,134125.65,9/13/2024
CUST2198,Kim Wright,robert88@king-duncan.com,001-989-418-3669,"39869 Boyle Parkway, Rachelfurt, CT 72973",4/3/2006,Analyst,Technology,Email Campaign,,123577,6/11/2024
CUST2971,Pamela Thompson DVM,geraldingram@meza.com,955.833.2360x223,"Unit 0528 Box 8300, DPO AE 81339",12/8/1995,Director,Education,Event,,58404.24,2/28/2025
CUST1506,Stacy Dillon,ryan43@perez-brown.com,791.779.0629,"7450 Pratt Turnpike Apt. 673, Ballhaven, WA 76884",3/5/2007,Engineer,Education,Email Campaign,,62301.62,9/1/2024
CUST7409,Mary Stokes,lunarodney@owens-mcdonald.com,335-444-1295x133,"6181 Kline Overpass Suite 576, South Kimberlytown, NJ 75158",9/10/1976,Consultant,Finance,Referral,,144321.02,1/6/2025
CUST4812,Rhonda Miller,berrymark@yahoo.com,863-718-2066,"PSC 3358, Box 4933, APO AA 58913",6/28/1996,Engineer,Education,N/A,,111626.44,8/22/2024
CUST7272,Kathryn Sweeney,ekline@travis.com,###-###-####,"Unit 4296 Box 8762, DPO AP 77294",3/11/1977,Consultant,Manufacturing,Email Campaign,Phone,23765.13,3/8/2025
CUST5312,Deborah Bryant,jeffreywilcox@hotmail.com,149-358-0687x765,"USNV Clark, FPO AE 11125",4/5/1984,Director,Healthcare,Unknown,,27904.42,5/9/2024
CUST3809,Michael Thomas,michelle63@farley.info,8906164736,"USS Sexton, FPO AA 47667",3/3/1993,Analyst,Technology,Social Media,,70879.19,3/21/2025
CUST1513,Michelle Conley,bjohnson@hotmail.com,-6311,"82577 Jasmine Loop, North Ryanside, VT 96432",8/12/1981,Consultant,Retail,Social Media,Email,54881.24,11/19/2024
CUST2447,Tracy Woodard,srobinson@hotmail.com,001-360-363-1031x776,"90312 Sara Throughway, Carlville, CT 18444",6/30/1971,Manager,Education,N/A,Email,60106.38,11/21/2024
CUST4084,John Wells,ellenholden@yahoo.com,+1-747-252-7277x2634,"Unit 6841 Box 3082, DPO AA 28932",5/30/2006,Manager,Manufacturing,Referral,Phone,121341.76,3/6/2025
CUST8925,Julie Graves,sergio35@yahoo.com,(112)432-8114,"0568 Rodney Union Suite 983, South Christopher, NE 74415",12/2/1988,Director,Manufacturing,Social Media,Phone,98644.96,1/27/2025
CUST4926,Henry Potter,obrandt@yahoo.com,020-102-1940x971,"9719 Chase Street Suite 889, Port Debramouth, WV 63942",7/9/1993,Technician,Finance,Unknown,,31732.85,2/16/2025
CUST5385,Jamie Nelson,cindygilbert@morgan.info,387-438-9447x746,"4186 Frye Meadow Apt. 717, West Danielle, NJ 41197",7/22/1962,Analyst,Education,Unknown,Email,105141.11,7/12/2024
CUST7769,Ronald Hunter,lmckinney@ortiz-manning.com,001-688-270-0616,"38979 Debra Course, Lake Christopher, GA 91666",8/18/2005,Manager,Education,Event,Phone,148078.25,5/6/2024
CUST7365,Julie Martinez,jcowan@graham-johnson.biz,001-637-185-8119,"5600 Jones Mountain, Amyville, OH 07272",6/3/1958,Consultant,Technology,Referral,SMS,124167.1,1/12/2025
CUST1537,Manuel Johnson DVM,kyle21@ramsey.info,467.582.5316,"2470 Santos Inlet Suite 685, West Natalieview, KS 47311",8/8/1978,Analyst,Retail,Referral,Phone,142201.79,10/23/2024
CUST9386,Anne Torres,moorehannah@yahoo.com,705.873.0336x2165,"3803 Lori Corner, Annafort, DE 36783",12/17/1978,Engineer,Manufacturing,Website,,122874.65,7/2/2024
CUST8309,Roger Sparks,robert79@hotmail.com,311.950.8631,"613 Skinner Branch Suite 099, Port Sandra, ID 42626",2/9/2003,Manager,Education,Social Media,Email,49900.68,5/8/2024
CUST5972,Keith Oconnor,jacqueline93@owen.com,301-986-1717x3858,"9248 Chapman Cove Suite 383, Lake Joyland, NC 99375",2/15/1956,Manager,Finance,Social Media,Email,125689.46,10/24/2024
CUST7770,Betty Ewing,uevans@flowers.com,(762)615-4925,"3136 Tony Inlet, Carlosmouth, CA 75285",6/27/1998,Technician,Retail,Referral,SMS,132057.88,4/22/2025
CUST5855,Tina Villa,cmay@acevedo.org,+1-004-470-8926x524,"8698 Bowman Springs Suite 120, Jenniferburgh, CT 76964",11/10/1990,Engineer,Manufacturing,N/A,,22620.04,11/18/2024
CUST6043,Karen Wilkinson,petersonann@gonzalez-oconnor.com,(675)723-3035x13840,"3302 Fields Square Suite 861, Stuartport, IA 17158",7/19/1966,Director,Manufacturing,Referral,Email,115663.54,2/12/2025
CUST1062,Nathan Herman,jessicadunn@gibbs.com,348-979-4453x8123,"8228 Johnson Trail Suite 322, East Fredmouth, WI 30183",5/29/2005,Manager,Manufacturing,Unknown,SMS,122020.33,11/20/2024
CUST2462,Brian Martin,ccook@hotmail.com,+1-711-247-8301x505,"668 Mccarty Brooks, East Elizabeth, NV 41131",1/10/1999,Director,Technology,Website,SMS,55626.47,6/24/2024
CUST2415,Danielle Roberson,courtneysmith@hotmail.com,100.136.4118x895,"6257 Richardson Crescent Suite 086, Brianfurt, MN 86346",11/16/1984,Engineer,Education,N/A,,68955.49,6/24/2024
CUST2639,Joseph Walker,david17@yahoo.com,965-319-0567x8195,"54855 Clarke Extension Suite 959, Port Ericchester, NV 30830",8/16/1973,Engineer,Healthcare,Email Campaign,SMS,82835.44,3/25/2025
CUST6958,Nathaniel Harper,ujohnson@johnson-boyd.com,(307)644-2055x77689,"6908 Morris Station, North Samuelview, WI 06750",7/25/1999,Director,Manufacturing,Referral,,22237.63,2/8/2025
CUST7120,Charles Lee,chandlertiffany@gmail.com,020.897.1578x56190,"66405 Martinez Burg, Dannymouth, TN 34288",4/18/1970,Technician,Retail,Social Media,Email,78795.15,10/19/2024
CUST6024,Beth Graham,pclark@hotmail.com,+1-077-684-5031x489,"981 Shirley Spur, New Stephanie, AR 75504",1/1/2000,Engineer,Retail,Unknown,Phone,78121.09,1/18/2025
CUST3660,Timothy Higgins,uromero@smith.com,322.159.7924x67778,"1614 Ashley Road, Mcdanielfurt, WV 79338",10/17/1986,Director,Finance,N/A,SMS,63216.61,6/8/2024
CUST5591,Alvin Rose,jilllindsey@gmail.com,(398)099-6186x30073,"Unit 9735 Box 5967, DPO AA 29100",1/27/1981,Engineer,Finance,Event,Phone,46998.64,10/23/2024
CUST7542,Andrea Wright,xlong@french.biz,447.563.5768x562,"3830 Sarah Expressway, Port John, KY 43857",3/10/2006,Director,Healthcare,Website,Phone,72415.36,10/23/2024
CUST4681,Jessica Collins,ngonzalez@berry.com,(359)682-7849x0126,"39182 Santiago Glen Suite 978, Ryanchester, OK 31391",8/30/1962,Director,Technology,Unknown,Phone,27661.28,6/14/2024
CUST7481,Christopher Brown,johnsonelizabeth@hotmail.com,911.814.3994x1493,"8849 Shea Plains Apt. 873, East Petertown, NE 10239",12/4/1998,Analyst,Retail,Social Media,SMS,128462.04,6/8/2024
CUST6351,Anthony Gibson,ruiztheresa@marshall.com,864-337-4114x4978,"06918 Sabrina Crest, Davidfurt, VT 16595",12/15/1993,Analyst,Technology,Event,,133285.63,11/12/2024
CUST8256,Dakota Travis,njones@mathis.info,001-685-269-4359,"USNS Ross, FPO AE 21842",4/23/1993,Technician,Healthcare,Unknown,,90926.54,9/3/2024
CUST9873,Lauren Saunders,wellsgerald@hotmail.com,+1-047-078-2522x38869,"551 Bishop Vista Suite 174, Chambersville, MN 12827",1/8/1987,Technician,Healthcare,Social Media,,112152.86,10/3/2024
CUST9171,Louis Carpenter,mollyrandall@doyle.com,207-704-3949,"9582 Brown Park, Port Richardland, CA 69123",4/26/2000,Director,Technology,N/A,Email,139759.95,9/30/2024
CUST1807,Diana Stewart,gphillips@clark-wright.com,001-962-719-4094,"391 Jonathan Trail Suite 494, Brandonstad, LA 80931",12/22/1985,Technician,Finance,Email Campaign,Phone,118395.27,8/2/2024
CUST4276,Carl Williams,lewisveronica@gmail.com,603-220-4245x805,"71188 Davis Street Suite 139, Kevinland, IL 48842",2/28/1981,Director,Technology,Website,Phone,45657.79,6/18/2024
CUST8570,Paul Ortiz,vickie84@johnson.biz,+1-777-970-4832x8482,"4995 Burke Stream, South Kellyberg, DE 24277",8/20/1996,Engineer,Retail,Email Campaign,Phone,101401.44,9/22/2024
CUST5196,Timothy Cox,debbie20@proctor.com,001-984-576-9983x4448,"93678 Morgan Skyway, Andrewfort, CT 42828",4/3/2004,Consultant,Healthcare,N/A,,71922.74,2/4/2025
CUST5892,Stephen Martinez,doyleandrew@hotmail.com,509-189-3549x88527,"63028 Shelley Passage Apt. 980, Heidiside, UT 94665",5/13/1997,Engineer,Retail,Social Media,SMS,87922.41,8/23/2024
CUST9137,Andrea Chavez,mhanson@yahoo.com,551-681-7833x4776,"31057 Brian Island, Leahshire, KS 77628",12/8/2004,Analyst,Manufacturing,N/A,Phone,38397.29,3/12/2025
CUST6655,Michelle Hull,lmcclain@hotmail.com,458-972-6673,"USCGC Velasquez, FPO AA 38310",7/5/1974,Technician,Healthcare,Unknown,SMS,87519.37,4/17/2025
CUST6545,James Webb,garnerlinda@yahoo.com,538.175.5952x275,"82746 Haas Valley Apt. 685, Port Daniel, NJ 68066",1/14/1968,Consultant,Retail,Referral,SMS,140520.35,9/24/2024
CUST7446,Megan Berger,mckeemegan@yahoo.com,001-376-695-4163x2418,"PSC 7148, Box 7531, APO AE 60956",3/27/1972,Manager,Healthcare,Event,,21276.75,5/16/2024
CUST4129,William Hogan,baxterjose@yahoo.com,(442)255-9837,"530 Adam Hollow Apt. 649, Lake Barry, UT 89942",10/6/1961,Manager,Healthcare,Email Campaign,Email,149130.34,12/25/2024
CUST8157,Joseph Stein,eriksoto@hotmail.com,(575)826-1325x0214,"13454 White Island, Port Michael, UT 01223",8/8/1961,Analyst,Technology,Referral,Phone,110225.87,3/20/2025
CUST1633,Andrea Beck,zmorgan@gmail.com,842.029.1769,"185 Barron Extension Apt. 053, New Charlesfort, NM 06319",8/23/1990,Consultant,Education,Website,Email,101246.46,1/6/2025
CUST8650,Michael Ferguson,hcooper@garrison.info,001-509-893-3361x81678,"77980 Jeffrey Glen Apt. 349, Judyhaven, MN 02778",5/20/1966,Manager,Finance,Social Media,Phone,64844.47,1/23/2025
CUST2206,Kelly Tapia,andrew21@olson-jenkins.com,001-304-925-3053,"82606 William Tunnel, Sabrinaburgh, GA 54320",2/28/1977,Manager,Education,Social Media,,95980.89,1/10/2025
CUST6586,Marcus Bass,krosario@hotmail.com,528.242.2904x658,"413 Thomas Port Suite 454, Schmidtbury, IN 04668",11/17/1963,Analyst,Manufacturing,Unknown,,141460.03,8/20/2024
CUST5019,Gloria Wilkins,stewartkelly@holt.com,(177)545-3952,"0508 Richard Crescent Apt. 273, West Antonioport, WY 51986",6/4/1974,Director,Technology,N/A,Phone,30071.9,10/9/2024
CUST6381,Sherry Baldwin,william43@gmail.com,1955950387,"771 Melinda Vista Suite 639, Pattersonside, PA 44128",2/7/1967,Engineer,Technology,Referral,SMS,43182.28,12/20/2024
CUST2485,Robert Perez,kmcgee@hotmail.com,+1-694-213-9833x684,"48765 Curtis Extension, Anthonymouth, MS 08312",8/1/1966,Engineer,Healthcare,Unknown,,62920.82,8/3/2024
CUST9218,Robert Weber,wellsdale@silva.com,2575637279,"034 Kane Spurs, Jessicahaven, NC 33123",2/19/1958,Director,Education,Unknown,,47209.87,1/7/2025
CUST2033,Clinton Roberson,taylorlynn@yahoo.com,(270)380-1473,"01648 Martinez Green Suite 402, Port Bethland, ME 95652",4/17/1972,Manager,Healthcare,Website,Phone,38633.33,5/13/2024
CUST9910,,paulwashington@livingston.info,186-673-9069x91715,"12060 Douglas Lane Apt. 512, East Gregory, WV 87895",2/1/2006,Engineer,Education,Website,Email,37806.74,1/11/2025
CUST5183,Paula Hicks,clarkvanessa@shelton-kelley.com,650.294.2702,"933 Wilson Land, Millermouth, CO 21177",4/19/2006,Consultant,Technology,Email Campaign,SMS,59332.58,10/31/2024
CUST1424,Stanley Ward,ygarcia@mcdowell.org,401.144.2879x6054,"PSC 3009, Box 5742, APO AP 71426",11/30/1993,Manager,Manufacturing,Email Campaign,,120609.55,6/10/2024
CUST4139,Sandy Martin,osbornejustin@gmail.com,001-215-997-4229x4079,"04710 Martinez Canyon Apt. 497, Lake Jenniferton, MD 84281",11/6/1977,Consultant,Education,Social Media,SMS,88989.12,3/31/2025
CUST4773,Terri Baker,collinstroy@yahoo.com,467.421.8920x35428,"6714 Joseph Cliff, Garciaton, IL 13895",5/20/1968,Manager,Healthcare,N/A,SMS,112475.2,6/14/2024
CUST5308,Lisa Schwartz,hmartinez@hotmail.com,+1-093-219-6211x1877,"5259 Hubbard Coves Suite 024, North George, FL 66236",11/14/1993,Director,Retail,Email Campaign,SMS,109097.79,3/31/2025
CUST1403,Jordan Robinson,mary50@yahoo.com,+1-652-902-2641x5759,"PSC 4682, Box 5857, APO AE 37150",9/17/2006,Consultant,Technology,Social Media,Phone,23288.42,3/26/2025
CUST6198,Amanda Tanner,terry83@king.com,585-251-6595,"47888 Nichols Grove Suite 955, Johnborough, ME 24456",4/5/1983,Consultant,Technology,Social Media,,47791.39,4/24/2025
CUST7019,Travis Wheeler,williamsjennifer@yahoo.com,2622869021,"76532 Scott Field Suite 076, New Cynthiashire, KY 78406",6/5/1996,Manager,Retail,Social Media,Phone,141315.02,9/29/2024
CUST6556,Andrew Peterson,rachelpalmer@lopez.biz,###-###-####,"5564 Roman Lodge Suite 876, West Richard, WI 78187",12/6/1973,Manager,Retail,Social Media,Phone,20729.89,12/11/2024
CUST8040,Tara Conrad,paul90@hotmail.com,498.667.3961,"27119 Karen Trafficway, Amandastad, VT 73309",6/2/2004,Analyst,Finance,Social Media,SMS,85363.14,6/24/2024
CUST1034,Donna Carroll,marquezalexis@davis.biz,746.262.1559x3451,"765 Brennan Fort, East Andrea, RI 87913",7/18/1986,Director,Education,Website,SMS,103417.63,12/31/2024
CUST6642,Holly Crawford,sdavis@yahoo.com,001-377-664-1330x2380,"7502 Gonzalez Ports Apt. 267, Port Seanshire, NC 79609",9/28/1978,Engineer,Technology,N/A,SMS,55642.6,1/20/2025
CUST3684,George Juarez,ugutierrez@smith.net,307.228.5538x692,"788 Thomas Garden Apt. 718, Sharonport, PA 76873",6/29/1993,Director,Finance,Unknown,,149640.11,7/23/2024
CUST5283,Jennifer Wilson,meaganwheeler@gmail.com,482.068.5888x092,"209 Kimberly Mews, North Susanbury, AZ 27016",6/16/1987,Consultant,Retail,Referral,,117491.68,3/4/2025
CUST6891,Kimberly Jenkins,julie91@hotmail.com,464.185.3418x600,"10010 Cheyenne Radial Suite 815, Leeland, TN 63632",9/1/1997,Director,Finance,Website,SMS,23748.81,7/4/2024
CUST6658,Dr. Joshua Gray,shirleyharrell@hotmail.com,(428)817-4347,"25207 Bennett Drive, Millerstad, OK 37779",11/2/1975,Manager,Technology,N/A,Phone,133218.72,10/20/2024
CUST9124,Hannah Baker,xgaines@hotmail.com,001-157-979-1621x378,"1570 Gerald Extensions, South Tammyview, KS 72144",10/1/1958,Engineer,Retail,Unknown,Email,27286.24,10/13/2024
CUST5937,Sarah Moore,matthewrivera@yahoo.com,001-475-223-3787x09890,"1792 Wayne Oval, Morrisonfort, WI 31651",6/2/1958,Technician,Finance,Social Media,Email,131525.74,7/7/2024
CUST7165,Andrew Gilbert II,qwatkins@yahoo.com,223-101-1196x114,"98994 Andrew Ways, West Maryfort, CT 53594",2/13/1974,Manager,Technology,Event,Email,63246.45,5/8/2024
CUST2843,Michael Robinson,ibanks@gmail.com,754-094-5077x63676,"69951 Ricky Forest, West Randy, SC 76071",1/21/1960,Analyst,Technology,Referral,SMS,87124.26,10/29/2024
CUST8594,Deborah Kelly,freemantony@gmail.com,788.804.1787,"6604 Andrew Point, Jorgemouth, IL 74511",10/27/1976,Consultant,Retail,Unknown,Email,28444.14,10/7/2024
CUST2563,Aaron Fitzgerald,dbrown@gmail.com,-6121,"576 Johnson Inlet Apt. 916, Brittanyshire, NY 41575",9/27/2001,Manager,Technology,Social Media,Email,42436.08,2/4/2025
CUST8615,Kenneth Myers,sarah13@harrison.biz,093-888-2569x15459,"021 Andrew Knolls Suite 254, Savageville, MS 58549",8/16/2001,Analyst,Manufacturing,Referral,,42485.87,3/5/2025
CUST2794,Jonathan Williams,usherman@hotmail.com,+1-270-624-3113x8394,"43446 Roberts Keys Suite 306, Courtneyborough, CA 91577",8/24/2003,Engineer,Education,Social Media,SMS,35302.89,5/23/2024
CUST5311,Tanner Leonard,pwaters@yahoo.com,001-007-868-9127x4246,"PSC 9678, Box 8928, APO AP 88506",4/11/1996,Director,Technology,Website,,31461.05,5/30/2024
CUST9171,Judy Luna,xjones@james-washington.biz,023-348-4400x562,"76618 Smith Station, West Judyfurt, CO 35945",3/27/1962,Manager,Technology,Website,Phone,61275.17,3/22/2025
CUST1632,Mary Giles,wwerner@hotmail.com,(265)533-7579x45726,"3553 Bryant Cove, East Victoriaville, ND 18608",7/22/1977,Engineer,Healthcare,Unknown,Email,48278.36,7/25/2024
CUST7682,Brett Smith,sabrinameyer@hotmail.com,001-810-553-4667x5812,"5386 Ann Groves, Nelsonfurt, WV 94580",8/23/1965,Consultant,Finance,N/A,Phone,60011.7,11/30/2024
CUST8852,Stephen Hill,mariah78@jones.info,11409590,"51802 Sandra Squares Apt. 978, Robertside, OR 16205",10/26/1984,Technician,Healthcare,N/A,Phone,60363.32,7/30/2024
CUST9218,Michael Parker,timothy30@collins.com,+1-312-177-9875x6378,"3273 Landry Circle Suite 324, Bernardburgh, AR 72393",6/13/1992,Technician,Education,Referral,SMS,38255.39,3/29/2025
CUST3206,Julie Watkins,stefanie62@davis.net,6917848317,"32705 Mckenzie Islands, Trevorfort, AK 23027",5/12/1965,Consultant,Healthcare,Unknown,Phone,55463.93,3/30/2025
CUST1633,Michael Kane,kimberly95@yahoo.com,2276527431,Unknown,1/2/1972,Manager,Education,Social Media,,54390.87,3/19/2025
CUST1764,Crystal Macias,hillmichael@carpenter.com,333-163-6417x529,"9578 Jennifer Court Suite 120, West Richard, WY 83101",2/19/1978,Analyst,Manufacturing,Social Media,SMS,120408.17,10/27/2024
CUST8676,Monica Perez,ibarnett@yahoo.com,2612423527,"0854 Sanders Prairie Suite 437, Lake Williamburgh, UT 92770",1/25/1991,Consultant,Technology,N/A,Phone,24775.04,11/26/2024
CUST8871,Catherine Watkins,skinnergrace@becker-alvarez.com,9142041323,"PSC 5001, Box 8964, APO AE 32858",6/6/1987,Consultant,Healthcare,Event,Phone,149188.23,11/7/2024
CUST2120,Calvin Baker,rgalvan@yahoo.com,098.652.8070x5796,"172 Ryan Track Suite 444, Lake Chadburgh, CO 20938",6/3/1963,Analyst,Technology,Unknown,SMS,46968.1,12/14/2024
CUST7313,William Jenkins,victoria24@gmail.com,279.251.6472,"75969 Kenneth Motorway, New Vanessa, OK 47487",5/17/1977,Director,Manufacturing,Unknown,SMS,31798.48,6/11/2024
CUST5769,Emily Reese,jeremiah63@hunter.com,466-981-8827x933,"78867 Williams Brook, Bondmouth, GA 34507",3/16/2001,Analyst,Healthcare,Email Campaign,SMS,24088.25,12/16/2024
CUST4038,James Wells,williamrobinson@gmail.com,702.220.4969x21683,"433 Chang Camp, New Maryfort, AR 32137",10/25/1991,Director,Technology,N/A,Phone,81777.28,2/7/2025
CUST1284,Cody Mitchell,diazstacy@allen.com,+1-898-671-7974x7621,"35635 Laura Turnpike, Wilsonside, OR 92169",12/11/1956,Director,Education,Social Media,,105579.62,10/29/2024
CUST3340,Sandra Ryan,stephanie31@stevenson.net,400-070-6519,"872 Bradley Crossing Suite 898, Ashleyton, WI 89597",7/3/2001,Analyst,Technology,Website,SMS,133012.78,8/15/2024
CUST9974,Rachel Gonzalez,john17@novak-dennis.org,001-056-372-6146,"8175 Melissa Ways Suite 226, South Michellefurt, SC 73641",3/12/2001,Manager,Retail,Email Campaign,SMS,63767.34,8/29/2024
CUST5214,John Lucas,timothywarren@yahoo.com,001-564-055-2636x1934,"7291 Chavez Meadows Apt. 064, Lake Martin, WI 95683",4/6/1986,Manager,Education,Social Media,Phone,80689.36,11/22/2024
CUST8314,Kimberly Howell MD,matthewcooper@gmail.com,683.298.4280,"71163 Michele Meadows, Hallberg, HI 84717",5/7/1974,Engineer,Retail,Unknown,,97164.72,8/20/2024
CUST3422,Shirley Thomas,mfritz@hotmail.com,(846)765-6905x00814,"23339 William Pine Suite 929, West Jessicabury, PA 23176",5/8/1967,Consultant,Technology,Email Campaign,,128432.53,4/15/2025
CUST8019,Gloria Jones,millerpaul@gmail.com,001-366-529-4723x37224,"10656 Ramirez Park, Laurenport, UT 30894",3/22/2002,Technician,Education,Event,SMS,82732.49,7/2/2024
CUST8227,Shelly Miles,kimberlyoliver@rios.com,+1-481-753-6278x701,"73456 Huff Crest, East Phillip, OK 40948",3/29/2004,Analyst,Finance,Referral,Email,74728.18,12/31/2024
CUST6025,Megan Rowe,garciaanthony@hill-harris.com,209-226-6175x19265,"213 Todd Mountains Apt. 802, Rhondachester, MN 45415",8/11/1980,Director,Retail,Event,Email,41323.38,11/6/2024
CUST5408,Fernando Gentry,stephanie20@gmail.com,+1-504-286-2660x1437,"6861 Shannon Tunnel Suite 624, Greentown, MD 13571",4/8/2006,Analyst,Manufacturing,N/A,Phone,143694.2,2/5/2025
CUST7936,Devin Rodriguez,invalid_email@,159.172.4208,"46415 Rivera Forest Apt. 298, New Reginachester, OH 63288",1/31/1999,Manager,Healthcare,N/A,SMS,122514.02,1/11/2025
CUST1693,Sherri Murray,brownemily@hotmail.com,001-605-091-7712,"78066 Barton Ports Suite 201, Brianatown, WA 07939",1/29/1976,Engineer,Education,Unknown,Phone,124193.65,10/30/2024
CUST6863,Austin Williams,kelly35@shea.biz,(771)846-7546,"USNS Adams, FPO AE 89507",12/29/1987,Consultant,Healthcare,Email Campaign,Email,105619.12,4/19/2025
CUST9974,Elizabeth Bartlett,elizabeth58@young.com,755.064.6771x25156,"99858 Calhoun Drive Suite 863, South Kevin, GA 23314",8/21/1981,Manager,Education,Social Media,Email,43997.18,6/5/2024
CUST1759,Russell Gibson,jonathanlee@perez.com,855-813-0590x9828,"91872 Wells Track, Nicholsside, TN 72202",5/5/1969,Consultant,Finance,N/A,Phone,40037.93,1/20/2025
CUST2346,Sabrina Duncan,danielleheath@gmail.com,001-284-658-4910x644,"1372 Thompson Mews Apt. 171, Oconnellburgh, MS 83805",6/10/2003,Analyst,Finance,Email Campaign,Phone,64812.54,8/21/2024
CUST8022,Brandon Smith,elaine30@pena.com,001-999-076-5447x8832,"1006 Richard Forge Suite 248, Richardsonton, AZ 03366",12/26/1979,Director,Technology,Email Campaign,Phone,138668.3,3/21/2025
CUST4151,Douglas Martin,nwells@snyder.com,(227)301-5359x47554,"118 Dennis Garden, East Christopher, IN 48900",6/24/1958,Consultant,Retail,N/A,Phone,119197.3,11/6/2024
CUST3166,Tommy Ross,jennifer05@cox.com,(228)528-3592x72021,"51612 Smith Wells, Evansville, RI 73992",8/30/1979,Consultant,Healthcare,Social Media,Phone,71984.86,7/5/2024
CUST5033,Tiffany Garrett,susan35@barry.com,895-540-0302,"63585 Leslie Oval Apt. 085, Allenfurt, WI 97147",10/10/1960,Analyst,Technology,N/A,,97602.05,3/18/2025
CUST6232,Christopher Stewart,longpatrick@moore.info,-9125,"PSC 4448, Box 5413, APO AA 91166",6/18/1956,Engineer,Education,Email Campaign,Email,48820.23,9/13/2024
CUST8754,Nicholas Ashley,qreed@todd-webb.net,(459)189-4705x0424,"015 Mclean Trace, Kendrabury, MA 25360",3/1/1958,Manager,Healthcare,Social Media,SMS,64180.62,12/15/2024
CUST2614,Juan Ruiz,melanieyork@patton.com,001-429-910-5593,"97219 Peterson Mission Suite 340, Davidfort, WV 99790",1/6/1983,Director,Manufacturing,Unknown,,138896.18,2/22/2025
CUST7450,Lauren Cardenas,johnhunter@gmail.com,329-074-6667x3966,"4333 Johnson Locks, West Anthony, CO 20747",1/3/1985,Manager,Healthcare,Email Campaign,Phone,25752.23,4/23/2025
CUST2158,Carl Peters,carriegardner@wright-trujillo.info,(396)365-0439,"810 Jeremy Loaf, Nathanielland, MT 69497",4/18/1978,Consultant,Finance,Social Media,,105025.84,3/27/2025
CUST1723,Sean Wallace,susanprince@fuentes.org,001-162-492-9582x480,"85185 Scott Port, Port Michele, TX 20344",12/14/1956,Manager,Education,Social Media,,107785.48,9/14/2024
CUST2139,Charlene Lee,tdavis@baker.com,(311)852-7818,"918 Alexander Falls Suite 552, Nguyenstad, VA 64419",1/1/1985,Engineer,Education,Email Campaign,Phone,41260.57,7/22/2024
CUST8871,Holly Shelton,yaustin@jenkins.org,+1-948-793-3933x754,"693 Pamela Crest Suite 100, East Kathryntown, NY 87077",1/4/1988,Director,Finance,Email Campaign,Email,65017.29,6/2/2024
CUST1034,Shelby Turner,masseycharles@perez.com,927.995.7464x74606,"54894 Figueroa Port, Tylerton, AR 72252",7/2/1995,Engineer,Technology,Unknown,,124461.53,1/28/2025
CUST5159,Jenna Chapman,blackwelljacob@moody.net,(384)750-2488x976,"207 William Causeway, West Hannahhaven, FL 24059",8/2/1996,Manager,Education,Referral,,109218.82,12/10/2024
CUST8792,Brittany Barnes MD,portercathy@gmail.com,776.600.7892x96056,"2016 Tiffany Ramp Apt. 569, Heathfort, OR 90635",3/3/1990,Consultant,Technology,N/A,,74919.42,12/24/2024
CUST7894,Martin Soto,mcdonalddaniel@rice.com,+1-690-424-6462x72668,"9198 Chang Plaza, Nashstad, DC 98111",6/15/1992,Analyst,Retail,Social Media,Email,98472.69,7/15/2024
CUST6148,Katherine Martinez,brandonmartin@gmail.com,137.540.0010x223,"638 Lisa Cove Apt. 016, Herringhaven, DC 56294",12/19/1966,Director,Education,Unknown,,112563.05,4/13/2025
CUST2754,Erica Diaz,jennifer90@craig.biz,001-823-857-5989x799,"53292 Reilly Stream, Tiffanyfurt, SC 43303",4/24/2004,Analyst,Finance,Unknown,Phone,147495.49,11/23/2024
CUST8620,,destinymay@york-robertson.com,001-429-341-3005x319,"7746 Jefferson Brooks Suite 471, South Louis, NJ 66336",3/21/1997,Consultant,Technology,Website,Phone,20904.37,10/30/2024
CUST8777,Christina Frederick,cathyhenry@lynch-kirk.net,(391)366-7107x424,Unknown,6/2/1977,Director,Education,Referral,,76535.45,11/23/2024
CUST2019,Alexis Hernandez,randallbailey@hotmail.com,824-466-5518,"784 Stacey Orchard, Berryport, CT 45526",5/14/1972,Analyst,Finance,Website,,79832.59,9/24/2024
CUST3995,Robert Brooks,graylee@yahoo.com,497.539.6458x86881,"7771 Edwards Stravenue Apt. 476, Olsonberg, CO 77135",2/13/1961,Director,Technology,Social Media,SMS,75341.33,5/4/2024
CUST6172,Sharon Tran,lrichards@gmail.com,+1-731-575-5335x646,"814 Justin Stream, Tracyside, HI 91128",11/22/2005,Analyst,Finance,Event,SMS,43234.66,4/18/2025
CUST6676,Joe Flynn,kelsey05@perez.biz,001-616-037-6659x3238,"06769 Levine Rue Suite 474, Jenniferview, WY 90498",7/30/1991,Consultant,Finance,Email Campaign,SMS,58698.84,12/22/2024
CUST8680,Joshua Callahan,jonessarah@randall.biz,(048)402-9759x2986,"854 Turner Pine, Reginafort, MT 67184",6/28/1993,Director,Finance,Social Media,Email,89064.91,10/7/2024
CUST4257,Elizabeth Wade,briansuarez@conrad.com,(267)245-2862x15893,"018 Turner Ports, Richardchester, PA 90866",1/20/1958,Manager,Healthcare,Website,Email,36387.1,10/29/2024
CUST8479,Randy Cooper,lisa75@shannon-fritz.com,+1-851-176-5171x763,"0758 John Inlet, Catherineton, CA 24898",4/22/1983,Technician,Retail,Email Campaign,SMS,64900.22,11/26/2024
CUST8557,Dennis Garza,rosborne@mclean.com,395.748.4166x21490,"693 Michelle Ville Suite 897, South Amy, RI 89867",9/23/1971,Technician,Manufacturing,Referral,,25283.33,5/12/2024
CUST5450,Desiree Evans,munozedward@johnston.net,+1-343-990-4128x6405,"2574 Shea Street Apt. 684, Lake Samuelside, WV 15916",5/21/1999,Analyst,Finance,Referral,Email,69648.69,10/6/2024
CUST3625,Omar Garcia,umitchell@hotmail.com,001-269-821-0532,"8182 Cervantes Valleys, Lake Michael, WA 99010",2/16/1962,Engineer,Education,N/A,SMS,74928.89,6/25/2024
CUST6443,Michael Nguyen,mcdonaldcathy@white.com,825-304-0919x378,"010 Jacobs Islands Suite 310, Eduardomouth, LA 80711",3/4/1960,Manager,Technology,Social Media,Email,128790.93,5/3/2024
CUST6814,Susan Walters,joshua14@meyers-levine.biz,7931621213,"836 Brown Ways Apt. 815, Haydenfort, TX 03728",7/28/1994,Engineer,Healthcare,Event,SMS,149339.39,11/15/2024
CUST1491,Roy Turner,mgraham@hotmail.com,-8702,"3422 Victoria Road Suite 459, Walkermouth, MT 78325",9/23/2004,Director,Manufacturing,Unknown,Phone,110253.43,4/29/2024
CUST9198,John West,ufisher@hernandez.com,120.720.7118x008,"PSC 6743, Box 1273, APO AE 72147",7/2/1963,Analyst,Manufacturing,Email Campaign,Phone,118893.48,9/13/2024
CUST4025,James Graves,colleen47@michael.biz,+1-321-368-4017x87979,"317 Choi Garden Apt. 261, South Samantha, NE 56026",10/8/2006,Analyst,Technology,N/A,Phone,55991,10/3/2024
CUST5910,Kristen Moore,mzuniga@gmail.com,726.451.0601x96685,"730 Jimenez Extension Suite 138, South Dustinton, VA 66451",5/4/1988,Engineer,Manufacturing,Email Campaign,Phone,108167.07,1/12/2025
CUST2500,John Santiago,michaelcervantes@carney-hernandez.com,(798)163-2355,"Unit 3679 Box 0081, DPO AE 18689",1/19/1997,Engineer,Retail,Referral,Email,121666.57,6/25/2024
CUST3554,Timothy Cox,umartin@manning.info,+1-106-863-6543x266,"2653 White Meadow Apt. 217, East Melindaside, WA 76815",1/1/1961,Manager,Education,Social Media,,97880.33,12/31/2050
CUST5927,Michael Schneider,samanthaatkins@hotmail.com,+1-039-755-0031x61188,"PSC 1087, Box 2204, APO AP 74028",3/13/2000,Analyst,Finance,Referral,Phone,22349.48,12/3/2024
CUST2651,Laura Cox,hooverronald@gmail.com,913.014.4383x3441,"Unit 7543 Box 3539, DPO AE 35230",5/3/1956,Manager,Finance,Event,SMS,114661.32,5/31/2024
CUST7638,Benjamin Schultz,loripayne@yahoo.com,107.603.2476,"67966 Norman Circle Suite 589, North Nathaniel, NJ 73663",11/22/1966,Consultant,Manufacturing,Email Campaign,SMS,90389.53,5/17/2024
CUST8425,Kevin Fletcher,dbowers@hotmail.com,909-460-8609,"451 Williams Tunnel, Jonesmouth, WY 08457",4/25/1963,Director,Finance,Social Media,SMS,61553.56,9/15/2024
CUST5849,Roger Morrison,uhawkins@barrett-browning.com,001-984-464-9548x297,"2264 Anthony Loaf Suite 403, Port Haleyport, KS 01967",9/21/1996,Manager,Retail,Unknown,,47382.86,1/31/2025
CUST4674,Frank Hanna,williamwilliams@park.com,(425)081-4898x8598,"856 Owens Meadow Suite 168, Port Robertborough, AK 51351",11/20/1987,Manager,Technology,Email Campaign,SMS,72381.97,8/20/2024
CUST1030,Katie Williams,evansjennifer@little.com,+1-461-613-4999x272,"Unit 5731 Box 5652, DPO AA 67620",11/16/1955,Director,Finance,N/A,,92972.35,7/7/2024
CUST3278,Alejandro Diaz,kaitlyn70@yahoo.com,685.225.9475,"1049 Jacob Brook, Thompsonside, MN 44405",1/29/1967,Engineer,Healthcare,N/A,SMS,59524.25,5/26/2024
CUST1786,Jeffrey Williams,zevans@ibarra-thornton.net,979.191.3738,"7427 Hogan Tunnel, Josestad, MT 12150",1/11/2007,Analyst,Retail,N/A,,23843.39,6/2/2024
CUST4730,Ronald Sims,cunninghamanthony@moore.org,(516)485-6840,"394 Hall Parks Suite 672, New Jane, ND 12994",6/29/1997,Director,Healthcare,Event,SMS,93436.02,12/13/2024
CUST1567,Erin Stanton,georgedean@donaldson.info,068.711.1930x33420,"645 Margaret Creek, Margaretmouth, AR 35274",12/9/1977,Engineer,Education,Event,,148658.43,8/18/2024
CUST1564,Michelle Sanders,joneschristopher@reed.net,116.448.0455x07448,"6163 Jennifer Knoll Suite 069, Hillton, NY 00532",9/14/2005,Director,Healthcare,Email Campaign,Email,-7426,4/3/2025
CUST7085,Tim Sosa,ashley54@hotmail.com,-6652,"7101 Hill Villages Apt. 788, Susanburgh, OH 82430",1/22/1985,Manager,Finance,Event,SMS,43220.92,11/26/2024
CUST7899,Elaine Bell,whartman@spencer.info,821-319-2373x65919,"3793 Katherine Squares Suite 461, South Eugene, PA 95290",11/5/1954,Technician,Retail,Event,,65763.2,11/14/2024
CUST4667,Jennifer Wilson,christophermack@yahoo.com,001-733-731-5240x552,"585 Jose Pass, Roberttown, NY 50528",5/15/1983,Consultant,Manufacturing,Social Media,SMS,120164.96,4/4/2025
CUST4047,Barbara Coleman,kenglish@coleman.com,001-832-615-1348x23779,"5832 Duncan Skyway, West Timothymouth, IN 01831",8/9/1991,Engineer,Technology,N/A,SMS,85299.61,1/29/2025
CUST2941,Ms. Karen Schwartz,zcooper@wright.com,+1-104-972-2734x39454,"Unit 9120 Box 8057, DPO AE 54757",10/30/1967,Consultant,Healthcare,Unknown,,84328.32,8/7/2024
CUST3523,James Mejia,kreed@smith.com,252-062-0737x0560,"944 Walsh Extension, Harriston, ID 28744",12/16/1997,Analyst,Retail,Referral,Phone,72007.07,9/8/2024
CUST6904,Laura Hanson,daniellewelch@johnson-hill.com,001-593-664-6193x4799,"757 Cynthia Trail, Leefort, NM 43182",7/5/1965,Director,Education,Unknown,,105304.78,1/19/2025
CUST9547,Elizabeth Phelps,rowlandcatherine@ortiz-stevens.com,+1-950-349-3720x41377,"7461 Grant Divide, Johnsonland, WV 99778",1/12/1982,Engineer,Retail,Event,,146652.16,10/14/2024
CUST7546,Dustin Norris,jonathandecker@gonzalez.com,001-367-703-4295x17923,"401 Valencia Radial, West Paul, MN 98395",12/2/1999,Manager,Technology,Website,Phone,38014.37,5/2/2024
CUST7861,Anna Benton,wilkersonroger@guerrero-miller.com,268.370.8584,"16150 Joseph Creek, Mitchellland, ND 41565",5/7/1990,Director,Finance,Event,,142913.57,11/17/2024
CUST2326,Kelly Lopez,fowlerbarry@davis-baker.com,001-752-009-2317,"356 Brown Squares Suite 233, Andersonchester, CA 09726",6/16/1997,Director,Healthcare,Referral,,108967.2,9/20/2024
CUST2661,Laura Mayo,theresa93@riley.com,(908)404-6999,"33278 Michael Cliff, Heatherhaven, DC 10910",7/23/1989,Engineer,Technology,Event,,91767.46,7/5/2024
CUST1204,Wesley Vasquez,allisonjohnson@gmail.com,(921)403-2635x70401,"866 Jackson Isle, Turnerborough, VT 42592",3/5/1971,Manager,Retail,Social Media,Phone,42777.43,10/2/2024
CUST5852,Kristin Lopez,rickbarton@hotmail.com,(792)188-4864,"396 Smith Mission, Myersburgh, CT 95881",3/13/1974,Manager,Education,Referral,SMS,28425.67,12/15/2024
CUST1812,Michael Travis,clarkroy@petersen.com,(305)496-1168x455,"91821 Michael Junctions Suite 355, West Pamela, AL 82745",11/22/2005,Manager,Manufacturing,Email Campaign,,51856.11,10/16/2024
CUST3167,Jeffrey Salinas,lisaevans@martin-porter.com,260-279-8582x125,"41709 Joshua Road Suite 892, Sandersmouth, MO 52935",11/2/1984,Consultant,Healthcare,Unknown,Phone,146464.69,9/16/2024
CUST4127,Eric Larsen,nicholasbrock@lopez.info,659-632-2263,"PSC 0714, Box 2987, APO AP 47064",5/5/1960,Technician,Finance,Unknown,SMS,133371.11,2/10/2025
CUST3334,Robin Thomas,crosserin@gibson.com,(786)086-4872,"737 Kelly Falls Apt. 639, Lake Jessica, NE 58602",12/13/1957,Manager,Retail,N/A,Email,20894.83,10/3/2024
CUST9697,Terri Clark,maldonadomichael@robles.com,207-389-5169x27235,"PSC 7520, Box 0116, APO AP 30711",8/18/1971,Technician,Technology,Email Campaign,,132081.97,9/11/2024
CUST2024,Sarah Jones,wendyarnold@gmail.com,504.981.2872x61225,"68416 Alan Haven, West Davidburgh, MO 10943",5/18/2006,Consultant,Education,N/A,Email,113053.33,12/26/2024
CUST4463,,gonzalesjohn@ward.org,(285)925-9445x117,"1077 Hill Spur Apt. 690, Riverashire, IN 14319",1/20/1992,Technician,Manufacturing,N/A,Email,77007.75,1/20/2025
CUST6878,Joshua Hayes,morgandawn@yahoo.com,-4657,"3368 Christopher Harbors Suite 791, Port Craigstad, CO 96118",4/14/1956,Engineer,Education,Unknown,,127680.01,7/2/2024
CUST8057,Justin Cabrera,yjohnson@yahoo.com,001-828-841-2563,"48638 Anderson Key, Lake Todd, AR 90053",4/29/1961,Engineer,Education,Email Campaign,,75716.51,1/11/2025
CUST9661,Katie Schroeder,millerchristopher@coleman.net,+1-753-442-8598x0267,"34504 Jessica Mountain, Jasonstad, AR 03224",12/15/1974,Engineer,Healthcare,Unknown,SMS,118532.26,9/16/2024
CUST8624,Christina Carter,rfrank@king.com,979.098.3465x778,"72114 Samantha Pine Apt. 176, Port David, ID 82781",9/21/2005,Engineer,Technology,Referral,SMS,73676.1,11/29/2024
CUST2895,Zachary Edwards,warrenmccoy@garrett.com,995655914,"USS Cook, FPO AE 75935",6/2/1964,Manager,Healthcare,Unknown,,47311.05,6/11/2024
CUST7745,David Howard,wguzman@gmail.com,065-174-9958x97394,"92748 Morgan Drive, Port Williamville, AK 93339",1/30/1962,Analyst,Technology,N/A,Email,79571.46,6/1/2024
CUST7415,Michelle Ramirez,jessicawhite@richardson.info,(459)541-6880x13821,"0069 Lee Knoll Suite 157, New Kayla, AZ 22032",12/25/1974,Consultant,Healthcare,Unknown,SMS,64517.58,5/4/2024
CUST2479,Brianna Castro,rosemorgan@yahoo.com,304-328-8900,"0916 Kaitlin Field Suite 512, North Maria, WI 42438",3/6/1992,Consultant,Education,Unknown,,110943.02,12/7/2024
CUST9364,Bridget Parsons,lanenathaniel@mccormick-armstrong.com,001-689-122-8985x878,"3768 Meghan Loaf Apt. 597, East Sean, GA 07995",10/8/1975,Analyst,Manufacturing,Website,Phone,39243.12,7/10/2024
CUST3673,Angela Green,michael38@wheeler.net,3500744397,"36269 Stone Crest Apt. 663, Figueroaport, VT 89538",5/14/1973,Engineer,Healthcare,Social Media,SMS,112794.41,11/4/2024
CUST6991,Lindsey Mills,andrea21@avery.org,228.345.0930x41245,"84460 Meza Forges, Lake Amberfurt, NY 63762",9/26/1966,Technician,Healthcare,Event,SMS,81787.03,12/12/2024
CUST2914,Angela Kaufman,mark38@gmail.com,(365)570-1685x4379,"828 Sullivan Common, Houstonfurt, NV 21748",5/12/2006,Technician,Education,Referral,Phone,39048.4,9/12/2024
CUST9991,Stacey Garcia,ryanmartin@pratt.com,+1-411-795-1907x076,"PSC 7629, Box 2064, APO AA 73534",3/19/1965,Consultant,Education,N/A,Phone,23640.61,3/19/2025
CUST9708,Bethany Kline,shawn61@lewis.net,3983949319,"673 Molly Mountain, Port John, MI 14232",12/30/1955,Director,Education,Referral,Email,53724.75,9/28/2024
CUST5563,Calvin Miller,zsmith@yahoo.com,(014)136-5864,"1355 Monica Flats Apt. 031, New Robert, SC 51057",8/9/1978,Director,Technology,Unknown,,82006.66,6/17/2024
CUST7332,Anthony Williams,aliciamckinney@beck.org,(594)745-3071x5892,"84244 James Flats Suite 971, East Heidimouth, VT 94703",12/20/1969,Analyst,Technology,Referral,SMS,88033.86,7/17/2024
CUST3520,Jerry Ramirez,boydjulie@johnson-pacheco.biz,001-852-288-8116,"021 William Bridge Suite 955, Sweeneyfurt, MN 55641",7/10/1966,Consultant,Technology,Referral,,42800.36,6/8/2024
CUST9157,Carolyn Blanchard,steven38@leonard.com,001-805-396-8283,"USCGC Cline, FPO AE 28243",1/3/2001,Engineer,Technology,Website,SMS,49227.27,8/3/2024
CUST1044,Valerie Mitchell,xcasey@yang.com,350.742.5106,"3183 Smith Causeway Apt. 593, Port William, AR 59773",3/13/1969,Manager,Healthcare,Social Media,Email,104499.57,4/25/2025
CUST6822,Wayne Boone,rlang@gmail.com,001-865-608-2949x43301,"9781 Hines Prairie Apt. 074, Jasonport, SC 61973",5/13/2004,Consultant,Retail,Event,Email,129197.03,8/31/2024
CUST3737,Timothy Bass,sross@yahoo.com,001-471-131-5859x47984,"6650 Sellers Streets Apt. 787, Port Jonathan, NY 47555",9/2/1990,Manager,Technology,Referral,SMS,106351.73,6/4/2024
CUST4016,Sara Mcguire,amiller@moran.com,001-085-511-9207x7149,"35097 Amy Prairie Apt. 217, Shanemouth, MS 03344",5/25/2005,Technician,Finance,Social Media,Email,55291.56,12/23/2024
CUST8324,Brian Gonzalez,judithreyes@garcia-lee.com,001-186-552-3670,"PSC 9206, Box 7048, APO AA 54267",1/28/1985,Technician,Manufacturing,Unknown,Email,146156.84,9/13/2024
CUST1498,Gordon Mayo,breanna73@butler.biz,001-981-946-1186x73472,"39914 Edwards Mountains Apt. 798, Popebury, NY 68464",7/27/1984,Consultant,Manufacturing,Event,Phone,51809.99,2/16/2025
CUST3056,Mary Singh,jorgenguyen@anderson.biz,(985)594-8212x41576,"157 Michelle Branch, South Bobbyside, MA 42739",3/16/1994,Manager,Technology,N/A,Phone,49684.19,10/17/2024
CUST8676,Tiffany Pitts,david09@hotmail.com,-4104,"068 Tamara Ford Apt. 880, Meganmouth, PA 99815",11/17/1971,Consultant,Healthcare,Website,SMS,91756.84,6/20/2024
CUST6979,Erica Schwartz,patriciasullivan@hotmail.com,+1-350-098-0632x655,"08978 Meyers Fields Apt. 542, South Frances, IA 44778",1/9/1975,Technician,Healthcare,N/A,Email,137798.33,12/2/2024
CUST6148,Christian Smith,johnsonjack@malone.info,1178437206,"80098 Sanders Street Apt. 097, Lake Robert, NY 80065",4/15/1979,Director,Education,Website,Phone,49586.21,1/3/2025
CUST7018,Billy Sanchez,vhill@johnson-kim.com,920-499-1014,"64794 Clark Ramp Suite 107, Hughesfort, DC 92640",7/17/1971,Director,Retail,Email Campaign,Email,89801.37,10/21/2024
CUST1881,Shane Hernandez,owenscraig@gmail.com,495-645-8069x8901,"77999 Holland Falls, Charlesfort, KY 16428",8/23/2003,Analyst,Technology,Website,Phone,82178.88,4/5/2025
CUST2728,Jeffrey Peterson,olsonjeffrey@nichols.net,001-625-807-0947,"87829 Nathan Skyway Apt. 137, Stephanieport, CA 43117",12/15/1997,Engineer,Retail,Referral,Email,90507.95,10/24/2024
CUST5240,Elizabeth Campbell,dglover@roberts.com,(516)435-2295,"5600 Gibson Cove, Christineville, OR 50423",6/23/2000,Director,Retail,Social Media,Email,95622.76,5/24/2024
CUST9759,James Mendoza,robertgiles@hotmail.com,-3707,"831 Jacqueline Unions, New Jonathan, CA 22794",10/7/1994,Technician,Retail,Unknown,Phone,96561.88,4/28/2024
CUST6079,Ralph Rodriguez,willie88@gmail.com,819-144-9565x057,"74586 Garrett Vista, Johnburgh, VT 05080",4/11/1977,Director,Retail,Website,SMS,118092.83,9/20/2024
CUST2761,Sean Obrien,leon64@hotmail.com,(131)378-0748x93402,"USNV Scott, FPO AA 81733",9/12/1968,Analyst,Retail,N/A,Phone,62723.12,10/7/2024
CUST4898,Stacey Dennis,holmeslauren@white.com,842.770.2129,"21018 Heather Trail Suite 808, Abigailbury, OK 61964",1/24/1975,Director,Education,N/A,SMS,54345.99,12/26/2024
CUST1959,Mrs. Janet Lewis,xlyons@yahoo.com,+1-604-603-0852x416,"995 Anna Rest, New Williambury, AZ 28561",1/25/1976,Manager,Education,Social Media,SMS,101369.82,12/26/2024
CUST3046,Jose Lee,invalid_email@,-2638,"386 Heather Squares, West Melody, MS 50221",4/26/1968,Manager,Retail,Website,SMS,136137.74,11/14/2024
CUST2551,Garrett Kennedy,smithfrederick@hotmail.com,001-185-149-6949,"718 Barbara Plains, Jasonmouth, KS 50086",1/10/1985,Consultant,Retail,Referral,Phone,28522.73,9/18/2024
CUST2075,Tyler Rush,patrick57@wells-brown.com,001-122-474-2775x8567,"766 Schmidt Light, Jacksonshire, PA 82941",5/10/1983,Technician,Education,Website,,64516.12,11/4/2024
CUST9779,Patrick Meyer,robertsdaniel@gmail.com,511.242.4816,"72629 Nguyen Vista, Matthewville, ND 77890",5/7/1960,Director,Healthcare,Referral,Email,119170.84,5/25/2024
CUST2419,Rebecca Hess MD,nkidd@hotmail.com,001-694-878-7778x8548,"405 Miller Garden Suite 218, Smithhaven, DE 97771",7/25/1954,Analyst,Manufacturing,Social Media,SMS,119634.67,7/1/2024
CUST4965,Judy Chan,rasmussenkeith@yahoo.com,783.736.6300,"97223 Rebecca Prairie, Williamsside, FL 82302",3/4/1978,Engineer,Technology,Social Media,Phone,94231.1,1/1/2025
CUST1842,Bradley Blair,shannonnelson@murray.info,+1-367-776-8443x4547,"954 Jennifer Tunnel, South Nicholas, CA 49927",2/19/1992,Analyst,Healthcare,Referral,,122155.45,9/8/2024
CUST7261,Maria Randall,karenwalker@nunez.info,+1-426-022-5403x3496,"07458 Howell Ford Suite 201, North Wendy, MO 73359",6/8/2000,Director,Technology,Referral,SMS,144371.91,2/22/2025
CUST7930,Kelly Cook,christopher54@ross-thomas.com,001-543-225-1628x86477,"128 Kimberly Burg, Cohenfurt, NM 99414",3/5/1997,Technician,Manufacturing,Unknown,,121368.14,2/28/2025
CUST4941,Sierra Baker,rodriguezmatthew@thomas.com,+1-866-404-6123x6564,"PSC 0489, Box 7066, APO AE 75680",4/2/2000,Manager,Education,Email Campaign,SMS,68202.85,2/19/2025
CUST5903,Pamela Ellis,pagewilliam@lopez-patel.info,+1-356-426-6110x915,"0534 Jonathan Stream Suite 129, Mackchester, NV 34356",2/1/1964,Analyst,Technology,Social Media,SMS,78462.02,1/6/2025
CUST6494,Michael Woodward,ghunt@hotmail.com,+1-837-562-3198x583,"6038 Campbell Shore Suite 164, Hallfort, WA 82532",1/11/1961,Director,Retail,Unknown,,20737.43,3/24/2025
CUST6798,Ashley Guzman,xstevenson@moore-morgan.com,+1-947-460-4237x5839,"7911 Walsh Creek Apt. 112, Kimberlyborough, WI 36207",10/18/1977,Engineer,Retail,Social Media,Phone,146748.15,11/4/2024
CUST3381,John Andrews,mary25@gmail.com,001-573-549-4188x8262,"72313 Morgan Passage, South Bryan, DE 70668",4/14/1985,Engineer,Technology,Unknown,Phone,106067.1,2/2/2025
CUST5335,Maria Clark,nancy26@padilla.com,180-929-0857,"03197 Leah Trace, Harmontown, WV 32128",1/23/1976,Analyst,Education,Website,SMS,75574.79,3/1/2025
CUST9484,Jessica Holt,sarahchandler@bean.net,+1-703-247-2200x50166,"44368 Morrison Spur Suite 982, New Rebecca, NJ 52765",7/7/1955,Analyst,Manufacturing,Event,Phone,123671.7,10/31/2024
CUST7791,Jack Copeland,davidrosales@hotmail.com,-1038,"USCGC Lawrence, FPO AA 83460",4/2/1973,Director,Retail,Unknown,SMS,33888.49,8/26/2024
CUST4682,Stacey Sullivan,angelajones@barber-kane.org,555-831-0002,"615 Rachel Spurs, East Debra, NJ 64654",12/29/1985,Manager,Education,N/A,,142394.24,7/22/2024
CUST6107,Kyle Duncan,ftaylor@mccall.net,001-961-440-8853x2496,"7352 Lindsay Spurs, Craigside, WA 51826",12/6/1993,Consultant,Finance,Unknown,,109414.13,8/22/2024
CUST1726,Dennis Moore,cantrellbrooke@shaffer-sanders.com,+1-103-129-2363x619,"091 Susan Prairie, West Michellestad, WY 47252",1/24/1975,Consultant,Healthcare,Social Media,,27711.19,11/5/2024
CUST7948,Heather Torres,gregory62@yahoo.com,(962)825-1241x84938,"Unit 3961 Box 3747, DPO AA 54187",8/16/1980,Technician,Education,Social Media,SMS,76956.17,6/4/2024
CUST9191,Derrick Thomas,jnichols@gmail.com,936.692.2045,"045 Patrick Brooks Suite 811, North Christopherland, MD 39323",10/16/1988,Engineer,Retail,Referral,Email,62190.92,7/20/2024
CUST7723,Crystal Price,lortega@yahoo.com,(003)817-2511x689,"89647 Nielsen Corners, East Pamela, MA 79379",9/25/1978,Consultant,Healthcare,Unknown,Phone,96675.08,8/10/2024
CUST3100,James Olson,jeffreypalmer@ward.com,(997)659-8724x338,"PSC 6455, Box 2702, APO AP 90319",12/30/1960,Manager,Manufacturing,Website,,51879.47,12/1/2024
CUST5305,Angel Lawrence,scottrebecca@yahoo.com,439-662-3510x12658,"758 Eric Passage Suite 921, West Stephen, NV 34103",1/15/1965,Director,Technology,Social Media,SMS,109644.12,9/2/2024
CUST7673,Aaron Davis,fjohnson@yahoo.com,046-908-4648x357,"PSC 9134, Box 7156, APO AP 70953",10/3/1957,Engineer,Technology,N/A,SMS,144436.02,3/1/2025
CUST6493,Eric Walker,brownglenn@gmail.com,329-104-6660x94262,"PSC 1307, Box 9151, APO AP 53485",6/3/1957,Consultant,Technology,Referral,Phone,61764.73,11/17/2024
CUST7156,Stephanie Powell,dhanson@caldwell.com,678.307.0889,"Unit 1176 Box 8906, DPO AA 65212",11/20/1971,Consultant,Education,Social Media,Phone,108096.94,11/11/2024
CUST9777,Mrs. Priscilla Harmon MD,hollandpenny@yahoo.com,364.468.1027x75044,"20969 Herrera Harbor, Makaylaside, NH 15588",10/26/1969,Analyst,Education,Event,Email,38235.09,5/5/2024
CUST4125,Kelly Huber,paul15@montoya-smith.biz,730.294.0649x98007,"650 Jensen Rest Apt. 914, Greeneview, MD 35495",6/21/1986,Consultant,Retail,Email Campaign,,123752.61,12/12/2024
CUST3362,Diamond Dickson,robertmartin@young.com,678.362.6434,"Unit 2791 Box 0639, DPO AP 83187",2026-15-45,Engineer,Manufacturing,Social Media,Email,93542.9,4/25/2024
CUST7894,Jennifer Myers,james53@reyes.net,+1-094-888-3352x96098,"80855 Arnold Isle Suite 976, Ericmouth, TX 26987",5/3/2001,Director,Education,Unknown,,56744.03,7/1/2024
CUST9337,Lori Young,lewisjoseph@davis.net,+1-496-138-1361x39658,"270 Monica Fork, New Deannaside, KY 31122",7/21/1964,Technician,Finance,N/A,Email,93489.88,9/8/2024
CUST8025,Michelle Thompson,carterdavid@yahoo.com,+1-682-568-5259x138,"052 Swanson Fall Apt. 302, Robertmouth, DC 91898",11/16/1990,Engineer,Manufacturing,Referral,Email,94610.28,11/21/2024
CUST1780,Jaime Elliott,kharding@gmail.com,(820)952-7544,"41272 Courtney Crescent, Lake Davidbury, HI 20458",10/30/1954,Director,Technology,Referral,Email,119724.99,5/11/2024
CUST7943,Christopher Rose,lindsaylee@gmail.com,+1-296-102-6000x464,"3965 Smith Burgs Suite 280, Port Donna, UT 86413",8/27/1969,Analyst,Retail,Email Campaign,Phone,104557.68,10/19/2024
CUST8912,Austin Mills,ryanbarnes@yahoo.com,828.389.5549,"56143 Blair Street, Garyside, MS 10206",6/1/1986,Manager,Technology,Event,SMS,79026.12,6/4/2024
CUST8027,William Richard,virginiabeck@mack.com,052.958.4879,"28747 Gilbert Brook, Sergiomouth, KY 10536",7/26/1963,Technician,Retail,Website,,94715.92,1/2/2025
CUST3245,Ms. Stacy Hernandez,rayjohn@mcbride.com,(960)551-5808x6468,"0200 Richard Rest Apt. 693, North Anthony, WY 41396",2/17/1992,Director,Retail,Website,Email,49279.89,3/22/2025
CUST5284,Mark Price,ssellers@yahoo.com,+1-065-684-4953x2665,"4822 Robert Track Apt. 656, Lake Ryanside, NH 31418",2/22/1958,Manager,Education,Unknown,Phone,95968.94,11/11/2024
CUST8581,Douglas Oconnell,frank59@hudson.com,2875215834,"2693 Anthony Hills, East Lindahaven, MA 54350",12/15/2001,Director,Retail,N/A,Phone,120090.62,4/10/2025
CUST8752,Richard Mendoza,haileysmith@yahoo.com,424.097.3971,"Unit 3937 Box 4241, DPO AP 29812",1/13/1994,Analyst,Technology,Unknown,Phone,44550.16,6/6/2024
CUST3285,Thomas Olson,emily29@phillips.com,###-###-####,"189 Lee Wells Suite 427, Kelleyville, MA 37489",3/19/1990,Manager,Education,Referral,Email,23409.18,12/4/2024
CUST3171,Dana Patel,andersonchristian@yahoo.com,357.605.4965,"Unit 4589 Box 5799, DPO AE 26348",10/5/1977,Engineer,Healthcare,Event,SMS,144105.88,3/19/2025
CUST6813,Ashley Santos,sheppardandrew@paul-scott.info,878.271.7278,"USS Manning, FPO AP 36026",7/10/1978,Analyst,Healthcare,N/A,Phone,46221.19,10/26/2024
CUST2012,Dana Smith,nicolas11@gomez-perez.org,(248)426-3433,"26382 Mcmahon Point Suite 389, Michaelfort, WV 71093",3/21/1965,Consultant,Education,Referral,Phone,120404.89,9/16/2024
CUST6697,Casey Vega,emily21@hotmail.com,001-866-672-1469x466,"7269 Hannah River Apt. 952, West Sharon, DC 47025",10/10/1963,Manager,Retail,Website,,23305.11,8/4/2024
CUST2593,Alexander Hunter,cscott@contreras.net,001-102-167-0087x40433,"59341 Gomez Plains, Munozshire, AK 69788",12/31/1995,Technician,Healthcare,Email Campaign,Email,78085.61,6/27/2024
CUST4039,Jesse Nichols,kimberly08@yahoo.com,+1-516-058-6980x52373,"2330 Rebecca Island, Patelview, AK 75053",11/17/1987,Manager,Healthcare,Unknown,,96728.24,8/24/2024
CUST5287,Trevor Blevins,karencruz@ellison.com,001-673-098-8657,"42264 Robertson Inlet, Port Christinaborough, MT 80120",6/2/1981,Engineer,Healthcare,Event,Email,41174.79,11/19/2024
CUST6558,Cheryl Weber,bryanbarker@gmail.com,932.820.5173x14628,"13290 Catherine Oval, West Amanda, MD 02776",4/24/2007,Engineer,Retail,N/A,SMS,117458.74,6/5/2024
CUST5983,Christopher Barnes,rothsarah@hotmail.com,-3041,"3176 Gross Mills, South Benjaminport, WI 66228",8/15/1998,Consultant,Healthcare,Referral,Email,123972.86,12/1/2024
CUST9993,Ronald Bird,sarah65@white.com,786-112-1855,"043 Peterson Dale, Lake Daniel, DC 47401",2026-15-45,Consultant,Education,Event,Email,142836.59,6/10/2024
CUST5459,Gina Campbell,hleon@hotmail.com,(551)469-3485,"0740 Johnson Summit Suite 773, Jimenezstad, SD 00527",10/4/1960,Engineer,Retail,Unknown,,72040.09,2/14/2025
CUST3491,,lshaw@spencer-brooks.com,768-356-5078,"321 Evans Passage, Meganbury, PA 56369",5/9/1968,Analyst,Education,Social Media,Email,76439.36,12/24/2024
CUST3492,Jennifer Church,robertwhite@hotmail.com,154-490-8524,"4338 Day Bypass Suite 156, New Jonathan, MS 90352",4/29/2002,Analyst,Healthcare,N/A,Email,104556.24,8/31/2024
CUST9741,Jason Kim,aliciasmith@harrison.com,236.541.2839,"148 Mack Track Suite 753, Port Christy, OH 77132",7/16/1958,Consultant,Finance,Social Media,SMS,25898.03,6/28/2024
CUST2689,Francisco Ford,yduran@hotmail.com,470.264.9239x3047,"702 Thomas Square Apt. 887, New Jasonstad, MT 26217",10/30/1960,Manager,Manufacturing,Website,Phone,87420.86,12/28/2024
CUST6814,Allison Wilson,lisathomas@carpenter.biz,+1-529-185-7269x155,"686 Sarah Pass Suite 359, Lake Andrea, NJ 36670",11/3/1967,Technician,Retail,Unknown,Email,27953.59,10/12/2024
CUST4769,Michael Griffin,amandawest@hotmail.com,248-447-4530x2540,"59023 Castillo Keys, Aaronville, WI 66908",9/13/1971,Technician,Technology,Social Media,SMS,100282.15,11/30/2024
CUST5954,Roger Ramirez,reesebryan@mata.biz,373-231-0324x47696,"USS Anderson, FPO AP 68994",6/4/1985,Consultant,Healthcare,Referral,Phone,116455.67,10/17/2024
CUST7459,Michelle Turner,jeffreyalexander@ritter-taylor.org,001-741-075-6879x00740,"0342 James Rest Apt. 232, West Ashley, AZ 54910",10/1/1995,Manager,Education,Website,Phone,23897.42,1/1/2025
CUST4497,Kelly Davila,willislisa@gmail.com,652.387.5729,"5853 Jennings Place, Saraborough, ID 81012",3/17/1988,Analyst,Retail,N/A,SMS,138167.51,6/1/2024
CUST3605,Nathaniel Yates,robert43@anderson.com,093-948-8510,"9294 Brandon Run Suite 657, Sandovalstad, MD 10357",6/20/1985,Director,Education,Website,Email,63105.67,4/15/2025
CUST6105,Jacob Willis,alvaradoteresa@gmail.com,214-538-4950x44031,"22802 Matthews Stravenue, South Pam, KS 65748",8/19/1971,Engineer,Technology,Unknown,Phone,138765,1/13/2025
CUST4075,Angela Keller,gomezkyle@ingram-perez.com,-1855,"7118 Joseph Groves Suite 941, Shanehaven, IN 13037",8/2/1987,Director,Retail,Unknown,Phone,40562.44,8/23/2024
CUST4403,Stephanie Wells,rogersmonica@walker.net,(041)356-0044x0916,"90028 David Trail Suite 204, Hollybury, SD 39201",2/4/2006,Analyst,Healthcare,Website,,148464.9,6/26/2024
CUST9406,Jennifer Marshall,daniel87@hart.net,686-994-3895x422,"8107 Michele Village, Byrdshire, MN 92370",7/7/1993,Consultant,Retail,Email Campaign,,37472.7,5/28/2024
CUST8573,Allison Murphy,sosadominic@yahoo.com,458.342.3957x50812,"466 Mcgee Brook Suite 127, East Patricia, MT 27267",4/27/1958,Technician,Finance,Social Media,,81033.31,11/10/2024
CUST4698,Cory Simmons,colemanmelissa@yahoo.com,+1-677-307-4082x4255,"PSC 3130, Box 2257, APO AA 21984",6/5/1987,Manager,Education,N/A,SMS,144397.7,12/17/2024
CUST2495,Megan Gray,amyarmstrong@gmail.com,043.023.0923x166,"523 Chloe Hills Apt. 852, Weststad, NY 30651",7/10/1957,Technician,Finance,Email Campaign,,117333.46,7/27/2024
CUST9471,Jessica Pope,alvarezdaryl@hotmail.com,001-932-910-4688x020,"7462 Walker Gateway, New Reneeton, WI 15222",5/2/1999,Manager,Healthcare,Referral,Phone,124708.17,12/13/2024
CUST6831,Jonathan White,ebanks@gmail.com,(786)350-3102x6028,"94276 Hill Islands, South Vincentburgh, AR 74600",2/28/1969,Manager,Technology,Website,Email,113244.85,7/7/2024
CUST7035,Jennifer King,joneskimberly@burns-ray.info,6669805446,"712 Spears Station, North Jenny, MN 31177",6/7/2000,Director,Finance,Referral,Phone,52587.19,10/29/2024
CUST4168,Jordan Russell,patriciasloan@yahoo.com,877-730-0972x2005,"4359 Campbell Islands Apt. 914, East Miguelfurt, AR 54106",1/5/1967,Technician,Education,Social Media,,106886.33,3/16/2025
CUST5748,Matthew Serrano,fryegregory@young.com,(515)181-7250,"69340 Michael Isle Suite 417, South Susan, NH 22696",10/12/1992,Director,Manufacturing,Social Media,Phone,62632.72,1/6/2025
CUST5903,Nicole Ramirez,judywatson@yahoo.com,+1-299-612-2875x3202,"427 Rojas Course, Rhodesfort, HI 38729",6/12/1982,Technician,Healthcare,Event,Email,117231.67,12/4/2024
CUST3726,Denise Hart,williamsmorgan@stanton.com,971-695-2059x307,"527 Shannon Stream, Angelaside, CO 74957",9/16/1989,Technician,Finance,Unknown,Phone,147338.98,10/20/2024
CUST5588,James Sherman,michael76@hotmail.com,+1-650-929-3303x4867,"6998 Haynes Common Apt. 685, East Zachary, NJ 23398",5/30/1998,Manager,Technology,Website,Phone,41045.08,11/21/2024
CUST2102,Kristina Waters,josephashley@gmail.com,446.899.6681x14580,"0149 Abigail Estates Suite 147, Paulberg, CT 85987",12/9/1982,Engineer,Manufacturing,Email Campaign,,131498.46,12/7/2024
CUST7065,Caroline Moreno,leslie08@wells.com,+1-993-854-0917x643,"740 Mary Drive Apt. 649, South Jason, DC 19938",9/5/1958,Technician,Manufacturing,Email Campaign,,149050.84,6/16/2024
CUST1687,David Nelson,bwilliams@gmail.com,+1-406-178-6175x5941,"5455 Bishop Stream, Benjaminside, RI 85639",9/6/1986,Director,Education,Event,,35316.49,12/17/2024
CUST9393,David Smith,dawn03@stone.net,+1-605-507-6616x619,"639 Megan Throughway Suite 932, New Spencer, FL 35480",2/28/1965,Technician,Manufacturing,Social Media,SMS,149569.14,12/31/2050
CUST5236,Amy Miller,tyler46@molina.com,(435)126-7097,Unknown,12/2/2003,Analyst,Education,Unknown,,120361.01,3/30/2025
CUST2856,Thomas Wise,crystal29@gmail.com,+1-635-144-2270x9572,"56910 Hart Islands, New Earlfort, UT 76645",8/11/1966,Technician,Finance,N/A,SMS,119225.01,10/28/2024
CUST2662,Andrew Johnson,mwilson@hotmail.com,915.855.6677x88118,"93152 Lewis Crest Apt. 729, Christopherside, FL 60550",7/26/1966,Engineer,Education,Email Campaign,Email,145417.96,10/11/2024
CUST1535,Sheena Myers,zgarrett@hernandez.net,001-042-652-8942x848,"56113 Christopher Brooks Suite 708, New Jenniferfurt, TX 93526",5/25/2005,Engineer,Healthcare,Email Campaign,Email,35636.11,11/29/2024
CUST1840,Thomas Duffy,brandonramirez@byrd.com,3843851770,"34227 Torres Radial Apt. 215, West Nathan, WA 90593",11/20/1956,Analyst,Healthcare,Unknown,SMS,59913.95,4/24/2025
CUST2167,Carolyn Ellis DDS,lindawells@yahoo.com,330-750-5779,"388 Christian Bridge Suite 096, Lake Yvettefurt, IA 07489",11/28/1968,Director,Finance,Unknown,Phone,71682.55,5/17/2024
CUST4462,Joe Evans,nicholasanderson@duran.com,292-891-6918x1228,"PSC 9359, Box 2052, APO AA 28184",6/11/1990,Manager,Healthcare,Unknown,Phone,120868.48,3/30/2025
CUST3186,Matthew Alvarez,bartonsarah@lee.com,209.795.0960x2137,"513 Brandon Keys Suite 543, Garciaview, AK 10618",9/10/1965,Technician,Technology,Social Media,Phone,93174.79,3/8/2025
CUST6227,Ashley Garner,scott07@gmail.com,+1-060-203-4530x870,"45400 Tonya Ford, Terrimouth, FL 08553",9/8/1975,Director,Finance,Unknown,SMS,90129.44,8/21/2024
CUST3589,Edward Barnes,bradleycandace@mcfarland.biz,(650)439-7420,"88027 Martin Island, Jennahaven, MO 36032",5/18/1993,Director,Healthcare,Social Media,Phone,33017.95,3/12/2025
CUST5109,Meghan Smith MD,gabrieltapia@gmail.com,(415)200-2766,"46767 Angela Hill, South Jacquelineton, NY 62822",9/28/2002,Technician,Technology,Unknown,Phone,129621.04,10/5/2024
CUST1086,James Phillips,andrew72@yahoo.com,2449868491,"28251 Elizabeth Run Apt. 637, West Ashley, RI 34475",1/26/1982,Technician,Healthcare,Event,,131578.38,10/5/2024
CUST3693,Ashley Clark,fowlermichele@gmail.com,001-778-542-9015x71358,"6285 John Mission Suite 141, Choiside, MI 44725",7/21/1955,Engineer,Retail,Social Media,,137124.36,3/11/2025
CUST9312,Ryan Benton,montoyakelly@hotmail.com,908-002-8413,"805 Beasley Estate, New Robertomouth, DE 37497",3/29/2002,Consultant,Retail,Social Media,Phone,113801.19,10/19/2024
CUST5825,Leah Brown,hebertwanda@love.com,(466)115-6517x983,"09886 Smith Pike Apt. 307, New Donaldville, UT 10523",12/6/1989,Engineer,Finance,Social Media,SMS,47138.12,3/2/2025
CUST8719,Taylor Johnson,levikelley@scott.com,(321)730-7228x52615,"06918 Matthews Cape, North Stevenborough, NV 12227",3/14/1972,Director,Manufacturing,Website,Email,118172.04,9/19/2024
CUST2732,David Mcpherson,balvarez@gmail.com,8574702010,"6822 Johnson Manors Apt. 980, Rossmouth, NY 73677",8/30/1976,Manager,Retail,Unknown,Phone,119397.08,6/22/2024
CUST7490,Eric Luna,esparzacarolyn@gmail.com,001-287-129-8616x62337,"USS Watkins, FPO AA 47803",1/31/1979,Consultant,Healthcare,N/A,,70829.96,12/25/2024
CUST2270,Natalie Riley,invalid_email@,311.077.1439x61585,"29767 Carpenter Mall Suite 100, North Allisonchester, SC 47919",8/15/1973,Manager,Education,Website,Phone,145236.45,5/21/2024
CUST7919,Meghan Rodriguez,melissa23@yahoo.com,9668420755,"286 Hunter Via, Juanchester, MN 02825",1/5/1961,Manager,Retail,Website,Phone,46758.04,8/25/2024
CUST8575,Lori Watts,nbenson@gmail.com,257.646.3866,"15562 Black Dam Apt. 668, New Keithton, AL 63073",12/5/1972,Technician,Education,Unknown,SMS,21399.97,12/25/2024
CUST1754,Grant Green,lopezsamuel@gmail.com,-8080,"2231 Daniel Port, Daniellefurt, OR 68001",9/22/2001,Director,Education,Event,Email,120315.54,3/4/2025
CUST5313,David Mcguire,stevenjackson@gmail.com,033.720.9996x336,"64410 Robert Neck, Soniaburgh, MO 52670",11/1/1996,Consultant,Healthcare,N/A,,58846.89,12/31/2050
CUST8472,Ana Welch DVM,jacksonjoshua@gmail.com,(151)643-7620,"27614 Anthony Tunnel Suite 286, Kellystad, MD 39298",1/16/1980,Director,Technology,Event,,39977.96,11/25/2024
CUST5762,Sarah Bradford,tammy54@griffin-johnson.net,460-055-0663x550,"50263 Stephanie Ville, Youngborough, NY 05711",11/22/1966,Technician,Education,Social Media,Email,69595.22,8/26/2024
CUST3377,Erin Brock,debramitchell@gmail.com,001-916-157-7296x2003,"5776 Shane Turnpike, North Patricialand, NY 76900",1/25/1981,Engineer,Technology,Email Campaign,,96047.21,4/30/2024
CUST3319,Timothy Garrison,williamscameron@thornton-davis.com,872.171.2556,"35466 Curtis Vista Suite 181, Deborahhaven, WI 41386",8/20/1962,Technician,Retail,Unknown,SMS,49202.34,5/31/2024
CUST6353,Joshua Jensen,lwalker@lane.biz,(156)189-1534x9327,"1900 Gibson Inlet, Brittanyville, RI 26837",4/19/1997,Engineer,Technology,Event,SMS,51368.04,7/8/2024
CUST7075,Ashley Smith,cynthiabates@pitts.com,001-767-274-4318x59062,"USNS Weber, FPO AP 89734",8/21/1956,Consultant,Technology,Email Campaign,,27364.83,1/1/2025
CUST3792,John Vaughn,kentkevin@thomas.info,(056)954-8186x575,"9440 Samuel Glens, Wrightmouth, NJ 27530",12/9/2001,Analyst,Technology,N/A,SMS,137615.08,4/27/2024
CUST9086,Derek Bean,justin77@yahoo.com,8278476594,"2414 Gonzalez Plaza, Brownmouth, MI 59422",2/8/2001,Director,Education,Email Campaign,SMS,147801.26,10/25/2024
CUST4742,Barbara Williams,khowe@gray.com,001-798-189-5745x403,"191 Avila Ramp Apt. 722, Lake Daniel, OR 39110",6/20/1956,Engineer,Finance,N/A,,51556.75,3/28/2025
CUST7491,Gabrielle Vasquez,johnsoncrystal@gmail.com,786-109-3896x0237,"34666 Hunter Parkways Suite 824, North Jennifer, TX 70978",10/5/1999,Manager,Manufacturing,Email Campaign,SMS,33515.51,11/2/2024
CUST9007,Nicholas Klein,erica43@gmail.com,+1-812-277-1049x9231,"4876 Laura Fields Suite 794, Michaelborough, AR 55099",12/27/2000,Consultant,Manufacturing,Event,,98861.62,1/22/2025
CUST9804,Michael Crawford,david80@gmail.com,(155)878-9683,"5598 Buck Turnpike, New Markton, AR 49784",9/15/1991,Consultant,Finance,Event,Email,96744.59,8/28/2024
CUST2225,Mark Walker,kellydana@mitchell.com,311.331.8232x62122,"Unit 4355 Box 1227, DPO AA 38313",9/29/1977,Engineer,Manufacturing,Website,Email,145674.85,7/8/2024
CUST6393,Paul Thomas,invalid_email@,256-414-0937,"4309 Joe Oval Apt. 505, Jonesshire, LA 37197",5/5/1962,Analyst,Manufacturing,N/A,,125986.86,10/29/2024
CUST3738,Amanda King,powellandrea@calderon-stewart.biz,(036)753-5677,"197 Robert Spur Suite 577, Underwoodshire, NE 01526",4/21/1979,Technician,Finance,Social Media,,130790.29,8/10/2024
CUST6930,James Norris,megan69@anderson-smith.com,611-556-3168,"USNS Hayes, FPO AP 61058",12/29/1992,Director,Finance,Email Campaign,,106978.89,3/8/2025
CUST7869,James Wallace,lindsaycarter@carpenter-miller.com,-11001,Unknown,6/29/1978,Manager,Manufacturing,Referral,Email,101967.77,12/13/2024
CUST7700,Amy Rose,kpayne@hoffman.biz,(680)457-9350x270,"219 Justin Bypass, East Jonathanmouth, MT 74117",4/23/1961,Engineer,Education,Email Campaign,Email,114777.46,10/9/2024
CUST7751,Justin Wright,michellebailey@rivera.net,+1-095-557-7830x0693,"17620 Herrera Rest Suite 892, Richardstad, WI 99929",4/26/2001,Analyst,Technology,Social Media,SMS,146565.34,12/30/2024
CUST2542,Richard Jefferson,gordonnatalie@gordon.com,355.385.7213,"687 Mark Gateway Apt. 584, Rachelberg, WI 49899",7/31/1956,Analyst,Retail,Unknown,Email,62186.61,3/25/2025
CUST5588,Kelly Bennett,michael78@rogers.com,###-###-####,"USS Knapp, FPO AE 71795",11/17/1996,Technician,Education,Unknown,Phone,47219.53,9/19/2024
CUST3171,Carl Knapp,daniel25@oneal.com,4626944212,"7832 Smith Pines Suite 838, Michelleshire, ND 24828",8/4/1992,Technician,Education,N/A,,117931.49,12/30/2024
CUST8871,Melinda Baker,invalid_email@,(561)083-4986,"6991 Morales Lakes Apt. 841, Kimberlyfurt, OH 66065",8/1/1996,Consultant,Finance,Social Media,SMS,100132.35,11/18/2024
CUST8581,Mr. Eric Mason,jennifer27@lopez.info,+1-968-270-3028x120,"553 Samantha Turnpike Apt. 210, North Audrey, SD 72347",3/26/1994,Manager,Education,Unknown,SMS,33168.76,10/27/2024
CUST6107,Kimberly Morales,nadams@hotmail.com,4699937898,"Unit 2560 Box 9043, DPO AE 68252",1/9/1955,Engineer,Technology,Email Campaign,SMS,100833.96,10/18/2024
CUST4125,Micheal Pope,garciastacy@hudson.info,-2569,"86201 Sanchez Canyon Apt. 530, Alexandriaview, LA 56676",1/6/1998,Manager,Retail,Referral,SMS,131276.88,3/13/2025
CUST7899,Jared Porter,pateljason@yahoo.com,891.825.2042,"928 Walters Courts Apt. 970, Emilystad, NV 72792",12/28/1987,Analyst,Education,Unknown,,136451.43,5/2/2024
CUST8573,Robert Solomon MD,rebekah87@hotmail.com,856.713.7186x714,"83927 Scott Orchard Apt. 848, Madisonland, GA 74122",2/23/1974,Manager,Healthcare,Social Media,Email,34492.48,2/22/2025
CUST7381,Ryan Stone,tcollins@fields.com,001-810-459-6179x877,"98972 Paige Creek Apt. 594, Port Janice, AK 88063",12/7/1954,Analyst,Manufacturing,N/A,SMS,118380.18,12/20/2024
CUST2996,Richard Lambert,salasdanny@yahoo.com,(072)163-5747,"5485 Thomas Isle Suite 869, Christinaborough, TX 19289",3/29/1999,Manager,Retail,Event,Email,45820.55,5/20/2024
CUST8694,Evan Alvarez,pagefrances@austin-buckley.org,001-114-150-4692x184,"0091 Valerie Bypass, West Juanmouth, WV 55072",3/25/1963,Technician,Manufacturing,N/A,,130787.15,5/8/2024
CUST8338,Teresa Martinez,catherine72@gmail.com,+1-605-302-5375x658,"5837 Benjamin Estates, Martinborough, OK 85671",9/14/1977,Technician,Education,Event,SMS,71578.38,12/20/2024
CUST4713,Kimberly Oliver,angela04@yahoo.com,+1-902-479-2991x7580,"047 Jill Street, New Matthewhaven, NH 19200",10/26/1998,Engineer,Technology,Unknown,SMS,99744.6,10/4/2024
CUST4431,Austin Hunt,cflores@miller-page.com,+1-533-564-4134x65254,Unknown,4/18/2003,Analyst,Healthcare,Email Campaign,Email,51967.47,5/17/2024
CUST2251,Rebecca Bailey,jameslong@lee.com,+1-120-381-0185x918,"6883 Michelle Trail, Jenniferside, RI 50227",1/18/1987,Technician,Education,Website,,49180.92,10/17/2024
CUST4097,Mary Clark,dshah@yahoo.com,+1-459-966-6673x9223,"945 Davis Ridge Suite 327, Johnathanstad, IL 04835",9/10/2004,Manager,Healthcare,Referral,,104226.36,2/25/2025
CUST2532,Karen Nunez,cookjoanna@palmer.com,597.962.4866,"2030 Kathleen Fields, Jessicaport, MS 92210",4/19/1984,Manager,Finance,Social Media,Phone,145396.76,3/10/2025
CUST2590,Aaron Acosta,ynorton@glover-leonard.com,(957)196-3285x3181,"5222 Phillips Radial Suite 847, Nguyenmouth, LA 60954",1/29/1976,Consultant,Retail,Email Campaign,Phone,73602.06,12/18/2024
CUST8359,Lisa Cole,zreed@yahoo.com,001-952-074-1047x8045,"845 Rose Court, Travisburgh, OR 63141",3/8/1973,Director,Retail,N/A,,117083.06,4/14/2025
CUST1631,Nicole Smith,robert59@yahoo.com,+1-560-882-3928x2274,"478 Michelle Square Suite 106, Sullivanland, CT 73993",2/17/1968,Analyst,Education,Email Campaign,SMS,67386.89,12/18/2024
CUST9813,Lisa Mendoza,garciakelly@green-preston.com,+1-796-510-8757x659,"703 Kevin Meadow, South Juanberg, GA 72640",12/29/1971,Analyst,Manufacturing,Social Media,Email,144551.84,10/14/2024
CUST2068,Vanessa Elliott,lindsay49@yahoo.com,(498)469-6367x331,"282 Mason Falls Apt. 044, Kimberlyland, ID 30267",3/23/1997,Analyst,Technology,Referral,Phone,32560.78,12/31/2050
CUST5096,Robert Reyes,jacobosborne@murphy.biz,838-018-4279x433,"USNV Leon, FPO AA 22846",10/27/1978,Technician,Retail,Event,SMS,33624.99,5/26/2024
CUST1967,Ryan Romero,greengabriel@gmail.com,498.543.0498,"539 Wright Shoals, East Davidport, CT 78948",4/23/2006,Manager,Technology,Social Media,Phone,80487.24,8/29/2024
CUST4262,Rebecca Ho,nkelly@hotmail.com,001-731-862-3459x3392,"478 Nicholas Station, North Brittany, NE 16740",2026-15-45,Engineer,Retail,Event,,84627.28,11/9/2024
CUST1154,Sandra Pennington,kimberly22@bryant.com,531.949.4763,"04807 Sara Parks, Virginiaborough, CT 97229",11/27/1974,Engineer,Healthcare,Website,,92669.49,10/3/2024
CUST1521,Vickie Robertson,ttucker@hotmail.com,554-274-8427x35611,"23672 Lisa Port, Sawyerchester, NJ 88260",8/18/1958,Analyst,Retail,Unknown,Phone,28290.99,10/1/2024
CUST3176,Dean Farley,tinajohnston@hotmail.com,+1-543-403-3431x8619,"280 Brown Station Apt. 431, Jacksonview, NV 80539",4/29/1996,Engineer,Technology,Social Media,SMS,143155.65,1/10/2025
CUST1481,Mark Johnson,aguirreedward@yahoo.com,(641)998-0547,"4947 Martinez Meadows, Johnsonstad, DC 26860",12/13/2006,Engineer,Technology,Event,,76007.9,8/10/2024
CUST8655,Michael Coleman,jsmith@yahoo.com,(760)933-1526x75196,"84770 Andrea Flat Suite 360, Rhodestown, FL 90234",4/30/1957,Consultant,Healthcare,N/A,,60277.29,11/13/2024
CUST6422,William Johnson,raymond27@adams-williams.com,-10623,"6068 Atkins Mission, Jennifermouth, UT 55033",5/30/1986,Technician,Education,Social Media,Phone,94081.46,9/5/2024
CUST2122,Ronald Solis,lthornton@hotmail.com,(949)680-7015,"8388 David Extension, Lancestad, SC 38788",9/7/2002,Consultant,Healthcare,Unknown,SMS,132155.43,4/11/2025
CUST3941,Joel Powell,mckinneyryan@gmail.com,(027)337-7849x867,"656 Kim Brook Apt. 039, Adkinstown, CA 86255",6/13/2005,Engineer,Technology,Unknown,SMS,96368.2,5/23/2024
CUST8480,Andrew Cunningham,mark74@gmail.com,(726)128-1000,"0572 Timothy Rue Suite 137, Aguirretown, KS 68769",1/4/1984,Director,Finance,Event,,114949.44,8/29/2024
CUST1789,Mrs. Lisa Cantrell,richardsondavid@bennett.com,693.520.7023x244,"36220 Mora Shoals Apt. 493, Garyburgh, ME 89940",10/4/1997,Manager,Healthcare,Event,Phone,128646.12,9/27/2024
CUST6899,Corey Wells,alexandertyler@stein.com,+1-947-907-9947x71460,"5912 Hill Mountain, North Daniel, AR 23146",8/24/2003,Technician,Retail,N/A,Email,63132.71,1/2/2025
CUST7843,Steven Estrada,washingtonjonathan@freeman-olsen.biz,337.933.0049x5098,"USS Peterson, FPO AA 19638",12/15/1966,Consultant,Manufacturing,N/A,,124638.81,9/12/2024
CUST1912,Jon Martin,michaelfields@anderson.com,313.967.9838,"4674 David Mountain, Allenside, MT 91240",1/19/1978,Technician,Retail,Referral,SMS,43788.65,1/22/2025
CUST1909,Angel Crosby,lmarquez@hotmail.com,704.439.2416x79277,"USS Atkinson, FPO AA 72764",7/3/1989,Analyst,Healthcare,N/A,,134278.39,6/29/2024
CUST4198,Lori Blair,lauren76@gmail.com,4910013364,"75549 Adrienne Prairie, West Toddberg, VA 42394",6/27/1981,Engineer,Healthcare,Social Media,,46078.95,10/26/2024
CUST1089,Vanessa Perez,sarahtaylor@carter-gross.net,756.536.2739x3977,"26467 Clark Ports, Gibsonmouth, WV 75715",6/28/1973,Technician,Technology,Website,SMS,78724.57,9/18/2024
CUST5518,Tyrone Jones,melaniemills@yahoo.com,001-180-434-5350x57918,"USS Bass, FPO AA 90837",12/30/1996,Director,Education,Website,Email,147661.32,12/2/2024
CUST6628,Jeffrey Norton,angela08@yahoo.com,001-661-497-2497x471,"PSC 9151, Box 0153, APO AP 14069",9/21/1958,Technician,Education,Website,Phone,20224.76,4/11/2025
CUST8193,Robert Armstrong,dunndebra@durham-benjamin.com,218.547.7549x52420,"796 Smith Meadow, Lake Amber, NM 16743",7/22/1990,Engineer,Finance,Social Media,,59814.31,9/18/2024
CUST7070,Melissa Patterson,farmerallison@hotmail.com,+1-492-310-9133x45304,"169 Campbell Key Suite 126, Danielberg, ME 67849",3/2/1979,Director,Education,Unknown,Email,144242.52,5/2/2024
CUST9701,Tina Barber,todd52@gmail.com,323-353-7059,"6685 Cruz Course, North Susanhaven, WA 92663",6/8/1975,Technician,Manufacturing,Email Campaign,Phone,89577.82,12/9/2024
CUST4001,Stephanie Hunter,hawkinsjennifer@schroeder-cox.com,(034)010-9615x66979,"247 Coleman Tunnel, Olsonstad, DE 58125",6/11/1971,Engineer,Technology,Referral,SMS,94618.05,7/29/2024
CUST9724,Brian Nguyen,qharris@castro.biz,077-006-5312x35702,"557 Kimberly Tunnel, New Mark, AK 90896",3/23/2002,Technician,Healthcare,Event,Phone,125866.99,7/16/2024
CUST6052,Edward Torres,floresjoshua@wood-black.com,(033)560-0229x13039,"45830 Hall Trafficway, Port Dianehaven, NE 10424",5/4/1972,Engineer,Manufacturing,Website,Email,124936.63,10/28/2024
CUST7293,Amanda Gray,nanderson@yahoo.com,136-703-2764x68569,"721 Wendy Center, East Benjamin, ND 14968",12/11/1964,Analyst,Finance,Social Media,Phone,96713.82,6/13/2024
CUST7534,John Williams,sullivanamanda@mcdonald.com,(898)914-1352x1646,"04771 Justin Track, Darrenton, MO 33620",8/17/1964,Engineer,Retail,Referral,Phone,149654.45,4/1/2025
CUST6144,Patricia Villanueva,caitlinhooper@gmail.com,184.940.7083x22520,"90123 Elizabeth Shoals Apt. 762, East Kevinborough, ID 74052",3/3/1977,Consultant,Technology,Event,,121928.14,8/11/2024
CUST3185,Rhonda White,ghorton@harrington.com,(363)612-7013,"PSC 4783, Box 8250, APO AE 93535",7/3/2006,Technician,Manufacturing,Website,SMS,52008.88,7/26/2024
CUST4365,James Morgan,james85@butler.info,+1-091-670-2159x53544,"5825 Ronnie Drives, East Jacob, PA 78459",9/12/1980,Manager,Retail,Referral,,25406.75,1/6/2025
CUST8011,Dr. Donna Johnson MD,nicholsonalexandra@gmail.com,(440)142-9128x6873,"3450 Young Forks Apt. 235, Bryanborough, OH 94117",6/15/1955,Consultant,Technology,N/A,Email,130210.64,8/14/2024
CUST8028,Troy Thompson,westdaniel@hotmail.com,1385791274,"9073 David Terrace, Lake Gerald, DE 82182",8/18/1991,Technician,Technology,Social Media,,118400.05,8/5/2024
CUST7387,Dana Mitchell,gregholland@white-ruiz.org,106.254.6878,"8881 Caldwell Hollow Suite 463, Lopezfurt, SD 39010",1/29/1985,Manager,Education,Social Media,Phone,78227.59,3/13/2025
CUST7173,Michael Spencer,tuckersarah@mitchell.com,001-142-131-1640,"360 Nicholas Pine, North Manuel, AL 60614",12/12/1996,Analyst,Technology,Email Campaign,,76568.05,7/3/2024
CUST5997,Zachary Anderson,wayneharrison@yahoo.com,851.992.0224x078,"512 Brooks Springs, East Elijahport, OR 44131",3/4/2006,Consultant,Finance,Email Campaign,Email,61796.88,9/21/2024
CUST2489,Brian Mejia,vking@dunlap.com,+1-155-784-2592x5300,"8259 Morales Estates, West Charleston, AZ 04078",8/20/1969,Director,Retail,Social Media,,148997.36,2/3/2025
CUST8786,Sydney Wood,michelledecker@gmail.com,-9229,"179 Meyers Plaza, Tracyfurt, TX 49822",10/10/1998,Technician,Technology,Website,Email,44450.26,4/8/2025
CUST7547,Jack Burnett,goodwinlinda@hotmail.com,713-651-2032,"8480 Black Rest, Campbelltown, MT 60196",8/13/2005,Analyst,Manufacturing,N/A,Phone,103321.22,3/31/2025
CUST2722,Angela Cortez,emily94@nicholson.com,+1-969-947-3938x269,"3908 Jonathon Parks Apt. 045, Johnborough, ID 49803",11/24/1972,Engineer,Manufacturing,Website,Email,145679.87,6/12/2024
CUST2624,Marissa Huynh,dicksontimothy@cruz.org,9231847342,"7087 Courtney Grove, Hendersonport, PA 90840",2/13/1966,Manager,Education,Event,Email,127087,10/29/2024
CUST9100,Angela Campbell,timothygrant@roberts.com,137-735-9734,"USCGC Pham, FPO AP 29985",11/25/1961,Consultant,Technology,Event,Phone,86136.93,10/3/2024
CUST2898,Adrian Barnes,mooneydaniel@york.com,+1-893-963-5344x4337,"5944 Henderson Wall Apt. 267, Tanyahaven, SD 43168",9/4/1958,Technician,Finance,Referral,Email,79440.39,7/30/2024
CUST4148,Brianna Lee,petersonkenneth@gmail.com,(898)200-5329,"3183 Julie Trace Suite 787, Sparksfort, IL 45772",5/21/1988,Manager,Technology,Social Media,Email,112824.49,4/12/2025
CUST2742,Hannah Nolan,carrolldavid@gmail.com,233-157-6910x9188,"977 Angela Street, Meganton, KS 03019",9/21/1981,Manager,Manufacturing,N/A,Email,25880.4,7/18/2024
CUST4196,Jody Harris,spencerjason@yahoo.com,721-711-7193x42502,"655 Cox Land Suite 137, South Joeville, CO 08852",5/26/1966,Manager,Technology,Website,SMS,20616.04,7/27/2024
CUST2068,Lawrence Smith,tracysanchez@houston.com,753.345.2750x92261,"0965 Taylor Loop, West Jason, NV 34849",6/1/1968,Technician,Education,Referral,,127454.39,3/4/2025
CUST9968,Louis West,barry71@gmail.com,001-179-267-5367x5548,"9050 Alan Ridges Apt. 318, Weststad, WV 45684",11/2/1973,Consultant,Finance,Referral,Phone,97837.71,2/21/2025
CUST1518,Steven Thomas,brittanymathews@yahoo.com,001-869-702-5602x650,"45792 Hickman Loaf, Weekston, LA 83065",2026-15-45,Technician,Education,Email Campaign,SMS,46633.92,6/28/2024
CUST1201,Kevin Mueller,victoria64@williams.com,728.596.8350x4895,"484 Meyers Route Suite 227, Port Lisamouth, KS 76496",12/30/1992,Technician,Education,Email Campaign,Email,74065.36,12/6/2024
CUST4845,Kimberly Scott,bennetterin@hotmail.com,(349)148-1824,"648 Galloway Falls, Blanchardfurt, MA 32751",5/24/1959,Consultant,Education,Unknown,Phone,126174.2,7/6/2024
CUST4808,Justin Fisher,pricekristi@brown-baldwin.biz,(138)864-3782,"64873 Veronica Roads Apt. 645, Vegaview, MI 44253",12/17/1992,Analyst,Manufacturing,Website,,25433.92,1/10/2025
CUST3642,Leah Cruz,chadtaylor@hotmail.com,213.173.1190,"951 Jones Manors, Zacharyberg, OR 35199",8/10/1970,Manager,Technology,N/A,Phone,-8395,5/12/2024
CUST9362,Amy Cooper,roberto06@martinez.biz,653-712-7685,"173 Paula Key Suite 647, Melendezmouth, PA 17714",1/26/1979,Engineer,Healthcare,Unknown,,28645.04,11/12/2024
CUST6400,Barbara Vang,marygarza@cox-jackson.com,887.735.0464,"99876 Carroll Plaza, Kingmouth, RI 43000",8/6/1991,Analyst,Healthcare,N/A,SMS,144191.24,5/5/2024
CUST8795,Jill Fisher,kimberlymiles@gmail.com,(158)307-6695x299,"6262 Kimberly Row, Brownville, SD 47814",7/15/1973,Technician,Retail,Social Media,SMS,57011.63,3/11/2025
CUST9661,Angela Gross,adamsethan@davis.com,(052)343-6225,"USCGC Compton, FPO AP 94001",7/11/1991,Analyst,Finance,Unknown,Email,71337.81,4/12/2025
CUST4397,Daniel Moore,garciawilliam@martinez-hood.com,979.144.6914,"594 Shannon Island Suite 155, North Joshuaborough, WA 33519",8/31/1960,Engineer,Manufacturing,Unknown,,46102.46,9/6/2024
CUST2615,Bob Kelley,jennifer99@valdez.com,900-288-0849x4696,"396 Carrillo Manor Suite 626, Wrightmouth, AL 78081",3/27/1990,Engineer,Retail,Email Campaign,Email,34482.86,3/28/2025
CUST1484,Angela Williams,joneskelly@gmail.com,648-205-4081x9202,"0030 Johnson Landing, Andreatown, NM 54163",12/15/1993,Consultant,Healthcare,Website,Email,51427.74,6/13/2024
CUST2874,Bonnie Collier,kemprichard@yahoo.com,936.582.7516x171,"0221 Smith Trail, East Lisa, CT 27089",9/7/1967,Analyst,Retail,N/A,Phone,77463.1,7/20/2024
CUST9765,Donald Delgado,nancy99@rodriguez.biz,+1-531-101-1126x076,"450 Jonathan Pine, Leeside, AK 25097",10/20/1972,Technician,Manufacturing,Unknown,Phone,119911.4,4/13/2025
CUST5414,Mr. James Collier,brianna98@yahoo.com,+1-918-438-8731x286,"6288 Byrd Lock Apt. 585, Lake Christopherfurt, MI 02835",10/13/1961,Analyst,Finance,Event,Email,143316.62,8/9/2024
CUST7247,Jose Jensen,alexandra40@hotmail.com,+1-657-212-9890x07078,"28124 David Isle Suite 412, West Elizabeth, RI 23077",6/1/1955,Analyst,Healthcare,Social Media,,46084.41,2/12/2025
CUST8927,Virginia Cox,kimberly56@mcguire-osborn.com,+1-077-931-6869x26640,"8821 Dennis Loop, Lake Christopherchester, MS 64095",11/8/1956,Engineer,Retail,Email Campaign,Phone,143086.77,4/15/2025
CUST5372,Sydney Hood,lisa62@gmail.com,001-383-569-8532x69509,"31639 Regina Crossroad, Lake Mark, OH 84143",2/8/1983,Engineer,Healthcare,Referral,Phone,63665.52,1/4/2025
CUST4023,,robertskathryn@berry.com,535-421-6681x94906,"12377 Olson Shore, Sheritown, OH 90084",2/19/1969,Consultant,Finance,Unknown,,29019.77,7/9/2024
CUST1065,Jessica Dean,eanderson@hotmail.com,884.084.7505x20020,"45599 Scott Fields, Richardsonville, LA 07836",6/24/1998,Director,Manufacturing,Social Media,Phone,38637.25,4/12/2025
CUST3650,Steven Ford,tara77@meza.com,575.590.4855x44388,"85807 Green Greens, East Bobbyfurt, LA 82579",8/1/2006,Engineer,Finance,N/A,Email,73290.14,1/17/2025
CUST6500,Larry Mccullough,rhanson@gmail.com,769-272-3099x7497,"107 Morris Place, North Charlesmouth, CA 01223",4/28/1982,Engineer,Manufacturing,N/A,Phone,114130.32,9/13/2024
CUST5828,Aaron Wood,rebekah85@frazier.com,(027)081-9126x293,"165 Miller Wells Suite 062, Lake Mia, SC 44626",5/31/1970,Analyst,Finance,Referral,Email,108961.16,3/9/2025
CUST1030,Dominic Reynolds,joneswayne@gmail.com,(562)446-9623,"97429 Teresa Turnpike, Estradamouth, NV 75639",10/30/1954,Consultant,Finance,Event,Email,125781.79,3/31/2025
CUST4186,Meghan Vasquez,victor51@hotmail.com,339-265-0715x16653,"51335 White Way Suite 996, Lake Davidtown, NV 64303",6/13/1959,Engineer,Healthcare,Unknown,Email,93273.04,10/18/2024
CUST4143,Lori Miller,beth26@thomas.com,5591979997,"365 Jennifer Track Suite 129, South Charles, NE 41503",6/1/2005,Engineer,Technology,Unknown,,141837.42,9/13/2024
CUST2829,Ana Jones,tmcdonald@perez-olsen.com,-3043,"485 Brian Harbors, Michaelmouth, KS 27746",5/5/1972,Consultant,Education,N/A,,78457.26,6/30/2024
CUST3314,Brandon Haas,xgilbert@schmidt-smith.com,159-050-1583x87597,"2884 Foster Ville, Kelleyhaven, OK 23370",2/16/1976,Manager,Technology,Email Campaign,SMS,64869.01,2/7/2025
CUST2819,Gregory Williams,alicia07@ortiz-cunningham.com,+1-223-526-4605x87833,"513 Hardy Plains, Danielland, GA 11606",1/27/1966,Consultant,Retail,Referral,,89739.11,4/9/2025
CUST5378,Emily Smith,moorealex@gmail.com,+1-015-422-2828x0196,Unknown,8/20/1979,Manager,Healthcare,Social Media,Phone,145195.16,6/22/2024
CUST8510,Rebecca Williams,dennisfuller@griffith-west.com,129.381.7551x3189,"3955 Heather Manor Apt. 681, New Isabelmouth, IN 89266",11/7/1984,Analyst,Healthcare,Social Media,Email,76125.76,10/1/2024
CUST4233,Rickey Brown,andrea81@williams-reed.com,+1-596-928-6676x06489,"9105 Lisa Wall, North Kimberly, KY 84691",7/3/2001,Manager,Finance,Email Campaign,,112389.16,1/7/2025
CUST6356,Garrett Marsh,daviesmarcus@gmail.com,(741)810-1436x0538,"32999 Kimberly Vista Apt. 578, South Elizabeth, WV 30838",6/23/2003,Manager,Retail,Referral,SMS,47053.12,2/19/2025
CUST9066,Kristen Holmes,fosterkatherine@weaver.com,(363)042-8794x731,"233 Stephen Rapids, Kevinmouth, WI 65680",8/3/1959,Consultant,Retail,Email Campaign,,77706.08,8/28/2024
CUST2224,Brian Kidd,tjackson@diaz-wilkinson.net,(928)880-2741x4896,"995 Kristy Viaduct Apt. 739, Port Margaret, VA 86842",5/13/1968,Consultant,Education,Social Media,SMS,106498.55,6/22/2024
CUST7905,Joseph Reed,robersonmegan@travis.com,-3833,"12535 Vaughn Track Suite 928, Ortizburgh, LA 06153",7/29/1968,Technician,Manufacturing,Referral,Phone,48204.71,9/11/2024
CUST1171,Gerald Sanders,crosbyaaron@rivera-pollard.org,(288)897-4472,"0110 Moore Ramp, Lake Bobby, GA 72961",11/25/1983,Director,Healthcare,Unknown,SMS,137046.06,5/21/2024
CUST9487,William Wilson,fmcclure@gmail.com,+1-472-309-5445x91412,"91835 Sharp Island Suite 111, South Katie, MO 73373",6/24/1974,Consultant,Education,N/A,SMS,47756.78,7/2/2024
CUST8695,Julie Hodge,michaelwilliams@kim.com,+1-883-288-7749x0528,"PSC 7854, Box 8180, APO AA 38487",1/21/1979,Consultant,Finance,Event,,59041.64,10/16/2024
CUST8168,Daniel Richmond,amberperkins@yahoo.com,(471)282-6806x9515,"257 Natalie Crescent Suite 756, North Steven, DE 23107",3/25/2000,Consultant,Finance,Referral,Phone,63898.81,8/11/2024
CUST7081,Hannah Gill,invalid_email@,-10742,"0755 Thompson Isle, West Nancy, DC 27669",10/21/1994,Technician,Retail,Event,,43440.98,4/21/2025
CUST9525,Brianna Harding,matthewsanchez@porter.org,001-051-417-4653x048,"1649 Pamela Isle Apt. 211, Rushshire, SD 67848",6/20/1985,Engineer,Technology,Referral,,93761.08,4/8/2025
CUST8677,Monique Torres,qrogers@green-ellis.com,-10408,"56882 Tina Alley, Grantville, AL 33074",1/20/1989,Analyst,Technology,N/A,Phone,103360.96,8/16/2024
CUST8672,Dave Brown,gjackson@gmail.com,001-755-224-4346x39968,"138 Martinez Lodge, North Rhondaborough, WI 58130",8/24/1979,Manager,Healthcare,Email Campaign,SMS,80915.37,10/30/2024
CUST1611,Bruce Lyons,riverajessica@gmail.com,(967)921-6832,"8609 Anna Mission Apt. 903, West Mary, WV 68554",12/4/1968,Manager,Retail,Social Media,Email,107904.62,6/19/2024
CUST4884,Robert Ruiz,gcooper@hotmail.com,(782)472-1869x7485,"85577 Chase Streets Apt. 522, South Andreaburgh, ND 85004",7/21/1962,Engineer,Finance,Website,Email,63096.12,5/19/2024
CUST2779,Megan Schwartz,iroth@erickson.biz,001-786-009-7830x921,"98948 Williams Shoals Suite 607, Wilsonton, OK 68728",1/19/2006,Analyst,Education,Referral,Phone,144534.36,4/10/2025
CUST6848,Jennifer Riley MD,ymartinez@allen.com,(500)027-6695x1172,"94168 Dalton Extension Apt. 420, North Jennifer, MT 65986",12/26/1978,Engineer,Education,Event,SMS,95848.31,6/27/2024
CUST4957,Ashley Bishop,terrysamantha@hotmail.com,196-840-1915,"Unit 4461 Box 1968, DPO AA 36241",3/28/1961,Consultant,Education,N/A,Phone,57666.34,1/19/2025
CUST5382,Anthony Miller,lowejoshua@hotmail.com,(069)990-3229,"084 Porter Parkways, Melissabury, TN 58043",4/1/1976,Director,Healthcare,Referral,Phone,73974.16,6/28/2024
CUST3924,Shawn Oneal,mcarroll@wagner.org,001-161-240-9215x41555,"16913 Hall Avenue, North Alex, NM 47174",5/14/1989,Director,Retail,Referral,,110982.14,12/7/2024
CUST3081,Jennifer Turner,sortega@hotmail.com,(857)953-0376x36469,"44617 Davis Gateway Suite 299, Seanborough, SD 66790",11/2/1965,Technician,Healthcare,Website,Phone,138194.03,4/25/2024
CUST2146,Sheila Anderson,nicoleford@yahoo.com,+1-407-055-3504x93688,"0081 Cook Drive, Davisstad, AL 11679",11/26/1966,Engineer,Healthcare,Email Campaign,,69318.07,10/31/2024
CUST6436,Jeff Morton,prichards@boone.net,695-731-1459,"220 Tanya Manors Suite 981, Garciatown, DC 95893",9/7/1990,Engineer,Manufacturing,N/A,SMS,141022.48,1/14/2025
CUST9162,Duane Nguyen,daniel21@gmail.com,8526604296,"98941 Jones Groves, North Toddberg, ND 83347",6/7/1958,Director,Healthcare,Email Campaign,Email,146138.57,10/22/2024
CUST5458,John Taylor,shannon64@elliott-simmons.org,(199)067-9685x84722,"3174 Mary Burgs Suite 120, Savannahbury, SC 82401",3/30/1979,Director,Education,Social Media,Email,135243.79,1/9/2025
CUST7616,Robin Harris,vjohnson@yahoo.com,(658)555-2229x311,"8316 Jennifer Pine, New Anthonyburgh, ND 38746",1/25/1990,Manager,Healthcare,Event,SMS,108058.51,3/18/2025
CUST4501,Becky Howard,jessica24@shields.info,456.461.9181x411,"PSC 6484, Box 3430, APO AE 37339",6/3/2002,Engineer,Technology,Referral,SMS,58005.43,12/31/2024
CUST4474,Jennifer Jacobs,ashlee25@gmail.com,(976)054-2347,"55156 Adams Summit, North Kristi, OH 34276",12/22/2003,Analyst,Manufacturing,Unknown,,22074.22,11/29/2024
CUST2271,Kelli Edwards,wilkinsonbrandon@hotmail.com,(948)395-6456x254,"0347 Thomas Street Suite 925, East Elizabeth, IA 59483",2/2/1996,Consultant,Healthcare,Social Media,SMS,44963.01,8/22/2024
CUST5557,Jeffrey Wagner,peggy93@gmail.com,001-499-789-4576x980,"23043 Davis Camp Apt. 754, Phamtown, ME 23570",7/29/2000,Director,Finance,Email Campaign,SMS,137756.16,1/31/2025
CUST2444,John Ward,qhernandez@henderson.org,001-877-809-7720x54000,"Unit 9261 Box 2353, DPO AE 84424",8/25/1965,Technician,Healthcare,N/A,SMS,54204.74,10/4/2024
CUST7931,Tammy Gibson,ronald14@smith.biz,+1-673-186-3493x2285,"347 Leonard Lock Suite 365, North Patrickberg, AK 86437",6/25/1999,Analyst,Finance,Social Media,,105723.37,5/29/2024
CUST5688,Jack Jackson,pallison@gmail.com,077.252.4402x911,"0715 Hernandez Light, North Michael, NJ 32801",7/6/1991,Director,Finance,Referral,Email,115503.36,8/25/2024
CUST5273,Robert Reilly,grimesantonio@gmail.com,(693)131-6959x85276,"892 Adam Courts Suite 766, Juliebury, CA 40344",9/2/1974,Analyst,Retail,Referral,,69402.2,5/6/2024
CUST5057,Rebecca Robinson,perkinsjuan@hoffman.biz,+1-513-446-4485x2909,"PSC 2744, Box 2921, APO AP 39640",7/22/1996,Technician,Technology,Social Media,,63632.54,7/5/2024
CUST4123,Alison King,amandajensen@lopez-cobb.biz,(642)397-7252x49438,"99292 Griffin Court Apt. 263, Myerston, DC 05309",11/12/1968,Consultant,Retail,N/A,SMS,37204.22,10/16/2024
CUST5777,William Frye,bjohnson@thompson.net,563-895-6040x124,"28318 David Plains, East Mitchell, WA 91172",12/8/1992,Technician,Education,Event,Phone,83547.95,7/2/2024
CUST3156,Molly Young,aharris@smith.info,+1-503-090-1805x30831,"Unit 6737 Box 5063, DPO AA 07610",8/9/2004,Engineer,Retail,N/A,Email,124711.77,11/4/2024
CUST1029,Anna Jackson,mackenziepalmer@yahoo.com,3320139246,"046 Caleb Springs, East Alex, WV 86672",4/20/1957,Director,Finance,Website,Phone,124809.47,2/1/2025
CUST1256,Christopher Reeves,perryrodney@hotmail.com,001-508-560-8528x6171,"873 Kara Divide, Seanmouth, HI 86029",12/29/1966,Manager,Finance,Referral,SMS,28444.69,12/31/2024
CUST1740,Sarah Little,dmurphy@cook.biz,227.764.4604x29160,"94297 Ramirez Gardens, East Michael, NH 69064",9/25/1996,Manager,Finance,Unknown,Email,21253.88,6/13/2024
CUST2241,Brian Caldwell,betty54@johnson.com,1681771528,"69094 Ramsey Mission, Sandrafort, AZ 40245",1/28/1999,Technician,Education,Unknown,Email,40311.69,1/10/2025
CUST8292,Carrie Smith,xosborn@acosta.com,517-534-4777,"188 Deleon Street, East Kennethstad, ND 51885",7/25/1975,Consultant,Technology,Unknown,SMS,122197.11,11/24/2024
CUST9066,Lisa Ross,teresajohnson@yahoo.com,061.119.6180x60878,"99522 Graham Throughway, New Christopher, ID 46465",9/7/1971,Director,Finance,Website,Phone,45937.77,1/10/2025
CUST9536,Raymond Wilson,shannonsmith@gmail.com,001-762-326-7872x69927,"Unit 2376 Box 8669, DPO AE 50388",5/2/1974,Engineer,Healthcare,Website,Email,20499.35,5/21/2024
CUST5760,Andrew Ross,zjensen@gmail.com,001-839-101-3228,"08957 Lopez Crest, Fergusonberg, NM 96050",4/7/2002,Manager,Healthcare,Website,Email,70297.12,9/12/2024
CUST1218,Tyrone Hill,paul67@mcdonald.org,001-279-393-5251,"297 Crystal Square Suite 573, Christensenborough, LA 96055",1/13/1985,Director,Healthcare,Email Campaign,Phone,112070.89,5/30/2024
CUST9633,Justin Snyder,michaelknight@hotmail.com,001-665-274-3983x35722,"2481 Smith Cliff Suite 431, Dixonfurt, NJ 56210",3/17/2004,Director,Technology,Referral,,57448.25,3/30/2025
CUST1362,Eric Johnson,anndavis@rose.com,651.404.6284x9557,"725 Maurice Place Apt. 008, Brownmouth, WI 14285",2/9/1983,Director,Finance,Email Campaign,Phone,85985.97,8/24/2024
CUST9459,Maria Hill,ggutierrez@arnold-montes.com,939.774.2614,"567 Lance Place, East Jordan, ND 88091",8/24/2006,Manager,Healthcare,Social Media,Phone,134162.96,12/22/2024
CUST9978,Cheryl Cross,carlosblackwell@osborne.org,484.717.3176,"942 Regina Mountains Suite 158, Lake Garyville, MD 24099",4/1/1987,Manager,Technology,Website,Email,44465.81,8/2/2024
CUST5584,Matthew Cline,dodsonjoseph@williams-munoz.com,215-648-8139x082,"244 White Turnpike Apt. 039, Robertsonchester, VT 69581",4/9/1987,Manager,Healthcare,Email Campaign,SMS,98202.02,7/6/2024
CUST4205,Cindy Meyer DVM,michele30@gmail.com,938-424-7799,"89282 Benton Plaza, Thompsonmouth, WI 94973",3/22/1999,Technician,Education,Referral,,52623.47,12/2/2024
CUST6438,Lori Stewart,qtorres@howard.com,3792833600,"143 Hudson Key Apt. 143, Robertbury, AR 53910",8/8/2004,Technician,Healthcare,Event,Email,105129.48,8/11/2024
CUST9667,Brad Carpenter,underwooddanny@yahoo.com,004.579.4923x610,"3887 Amy Hollow, Haleytown, OR 65690",3/14/1990,Analyst,Education,Unknown,Phone,28404.93,8/5/2024
CUST4234,Holly Rhodes,bobby16@morse.com,(359)784-7617x16410,"976 Sheryl Lock, Kathymouth, AZ 33341",7/28/1981,Consultant,Education,N/A,Email,100579.9,12/24/2024
CUST9955,Samuel Hughes,invalid_email@,460.459.5983x6217,"956 Lori Shores, North Michael, WY 16046",2/9/1992,Engineer,Technology,Unknown,,21559.86,8/9/2024
CUST4208,Ashley Ochoa,chadhall@hotmail.com,001-101-378-6767x624,"333 Amanda Track Suite 325, Josephland, NH 63781",12/12/1966,Technician,Finance,Social Media,SMS,110749.88,12/2/2024
CUST9985,Tyler Cunningham,nlopez@thompson-joseph.com,5609415615,"0357 Vanessa Common Suite 710, Elijahmouth, HI 90756",11/21/1996,Technician,Finance,Event,SMS,114529.36,8/16/2024
CUST1073,Stephanie Fuller,james96@gordon.com,+1-756-822-9535x059,"34973 Justin Place Suite 103, South Jonville, RI 62385",8/14/1989,Consultant,Education,N/A,,68157.64,2/9/2025
CUST2283,Steven Bowers,invalid_email@,(837)215-0496x7943,"Unit 3129 Box 1776, DPO AA 68989",4/24/1995,Consultant,Education,Event,Phone,49654.51,3/30/2025
CUST3640,Keith Scott,jerry81@yahoo.com,795-398-7237,"70814 Patel Mountains, West Kristina, OH 42759",12/16/1992,Engineer,Technology,Social Media,,80442.83,7/3/2024
CUST2511,Jonathan Dunn,tracymartinez@gibson.com,+1-756-833-8403x28789,"558 Curtis Lane, South Derekville, PA 91574",6/8/1974,Analyst,Retail,Email Campaign,,78782.93,10/13/2024
CUST7224,Maria George,mckenzietimothy@gmail.com,350-794-8006x4787,"48775 Danielle Ferry, North Williamton, MS 91809",4/25/1968,Technician,Retail,Email Campaign,Email,133537.03,7/14/2024
CUST5354,James Cooke,martineznancy@gmail.com,621-414-4909x161,"79224 Lori Mountain Suite 184, West Shannon, AZ 69912",5/19/1969,Consultant,Technology,Referral,,67542.31,8/7/2024
CUST8289,Danielle Acevedo,smithsierra@dunlap.biz,(184)006-3596x51842,"2576 Douglas Haven, East Julieberg, FL 30712",2/23/1984,Technician,Healthcare,Referral,Phone,48209.19,12/3/2024
CUST6340,Angela Hogan,vanessa65@hotmail.com,877.304.7602,"16077 Levine Course, Pughchester, GA 66325",4/24/1985,Consultant,Retail,Referral,SMS,63850.98,3/4/2025
CUST1936,Jordan Thomas,kimberly86@young-miles.com,731-672-4531x40312,"8866 Deborah Corner, Johnsonton, ID 63648",12/12/1962,Consultant,Retail,Referral,SMS,127871.16,11/13/2024
CUST4139,Joseph Simpson,lauriethomas@miller.com,+1-221-477-5324x48792,"4825 Davis Stream Suite 262, Strongbury, GA 19356",9/3/1962,Analyst,Healthcare,Referral,,98887.25,11/20/2024
CUST1267,Jennifer White,cynthia58@daniels-wall.net,444.610.2545x21860,"5657 Yolanda Locks, Richardsstad, AK 66878",7/15/1970,Consultant,Retail,Unknown,Phone,83354.48,11/7/2024
CUST9365,Diana Johnson,wgreen@johnson.org,743.363.7195x9851,"8159 Holder Creek, Michaelburgh, WI 97023",9/28/1977,Engineer,Education,Website,Email,143883.54,2/14/2025
CUST8858,Albert Garcia,susancrawford@gutierrez.org,8128507627,"85916 Hernandez Point Apt. 995, Theresabury, GA 32675",6/10/1979,Consultant,Manufacturing,Social Media,Phone,50569.81,11/11/2024
CUST4101,Edward Wyatt,dmckinney@yahoo.com,+1-051-276-6124x35732,"5270 Knox Dam, West Jamesside, CO 07915",2/26/1969,Manager,Retail,Email Campaign,Email,144391.37,2/18/2025
CUST1900,Julia Hubbard,paul84@peters.net,-8147,"324 Cruz Port, Lisachester, DC 06517",1/12/1965,Manager,Education,N/A,SMS,108927.48,2/7/2025
CUST2338,Jessica Davis,darius17@carroll.com,(764)557-8992x0585,"944 Pitts Mews, Lake Jasmineview, AR 59180",2026-15-45,Director,Finance,Event,Phone,88852.77,12/2/2024
CUST4266,Rhonda Porter,invalid_email@,+1-890-444-7031x539,"Unit 3218 Box 0429, DPO AP 60735",4/7/1971,Technician,Education,Unknown,Phone,68043.78,6/5/2024
CUST5071,Alec Wilson,kevinlee@gmail.com,961-193-1110x924,"3094 Wiley Greens, Lake James, TN 11934",2/19/1971,Engineer,Finance,Email Campaign,SMS,74210.08,5/26/2024
CUST4977,Grant Townsend,kayla28@pennington-green.com,(428)248-4435x4169,"2550 Lee Ramp Suite 355, North Robinburgh, AL 19905",10/13/1988,Analyst,Technology,Referral,SMS,102403.29,9/27/2024
CUST9118,Randall Mcdonald,basstyler@hotmail.com,457.887.9327,"44284 Gregory Ridges Suite 446, Port Rachel, FL 18348",10/20/1971,Analyst,Manufacturing,Social Media,SMS,110782.84,5/12/2024
CUST2472,Daniel Elliott,lisadavis@cook.com,803-668-9112x24316,"538 Sean Rapids Apt. 946, Port Rosefort, VA 77720",6/26/1989,Analyst,Technology,Event,Phone,112053.63,1/5/2025
CUST4980,Matthew Williams,jarviskevin@jones-woodard.com,(218)838-1564,"603 Davis Locks, Dominicbury, FL 13261",12/22/1961,Manager,Healthcare,Email Campaign,,135772.42,9/9/2024
CUST5441###,Kimberly Dixon,julie08@howell-wagner.com,001-123-058-3635,"190 King Views, Collinsstad, SC 66114",12/3/2005,Director,Finance,Email Campaign,Phone,101068.91,1/24/2025
CUST2703,Jeremiah Rodriguez,wpatel@harrison.net,-7704,"74204 Cole Estates, Lake Steventown, MO 44401",4/29/1981,Director,Retail,Email Campaign,SMS,28700.31,1/21/2025
CUST1585,Caitlin Hudson,samantha47@gmail.com,(537)119-9102x019,"USNS Tapia, FPO AE 52642",10/2/2004,Manager,Education,N/A,Phone,67291.72,4/17/2025
CUST3623,Diane Patton,martinezkathleen@hotmail.com,120.222.7263x2306,"121 Orozco Gardens, Williamsshire, WY 48256",2026-15-45,Consultant,Healthcare,Referral,Email,62537.87,11/8/2024
CUST8144,Dr. Mitchell Reynolds III,wwilson@may.net,4321702562,"USNS Church, FPO AE 49507",4/13/1995,Consultant,Manufacturing,Referral,SMS,144366.79,2/13/2025
CUST1260,Dr. Christina Sullivan,perezdawn@hotmail.com,204-246-9952x250,"204 Nicholas Valley Suite 732, Lake Lynnfurt, PA 97060",11/12/1986,Analyst,Manufacturing,Event,Phone,127137.74,7/21/2024
CUST8510,Michael Bell,kennedydeanna@hotmail.com,230.387.8477,"4609 Mcmillan Ville, Andrewton, KY 77370",9/8/1984,Manager,Manufacturing,Event,Email,58430.54,6/21/2024
CUST6468,John Martinez MD,lucasfrank@mahoney.com,745.627.4845x370,"24744 Billy Glen, Simpsonbury, CO 29918",9/24/1970,Technician,Healthcare,Event,SMS,52269.44,5/14/2024
CUST7009,Thomas Jimenez,janice14@hotmail.com,(887)014-6019x0494,"3851 Escobar Point, Grahamview, AL 37406",8/4/2003,Consultant,Technology,Unknown,Email,58763.01,5/25/2024
CUST4763,Debra Weaver,whitejames@thomas-perez.com,(730)584-0403x460,"728 Hart Ford Suite 691, Taylorhaven, AZ 00602",2/15/1959,Manager,Education,Website,Email,104712.55,6/12/2024
CUST2435,James Mooney,kvilla@yahoo.com,(123)708-7706x8530,"7075 Dorothy Gardens Suite 626, South Victoriabury, TN 88019",9/19/1964,Engineer,Education,Email Campaign,Phone,78069.06,3/25/2025
CUST5160,Pamela Carter,tammycastaneda@steele.com,001-402-496-2858x30230,"5364 Wilson Fords Suite 648, East James, KS 78419",4/23/1985,Director,Healthcare,Event,,118600,8/23/2024
CUST1184,Madison Stevenson,xhamilton@gmail.com,705.638.7926x545,"58381 Williams Hills, South David, ME 78888",2/15/1997,Analyst,Retail,Social Media,Phone,111818.58,1/1/2025
CUST9478###,Rose Richards,evan82@yahoo.com,(689)132-7932x95926,"08230 Lloyd Oval Suite 368, Lake Patrick, AK 75245",4/7/1998,Analyst,Healthcare,Event,Phone,61964.48,4/5/2025
CUST3758,Kathleen Lee,jenningssummer@wiggins-thompson.net,485.129.0051,"253 Martinez Streets, Stevenfurt, MO 64281",9/21/1968,Engineer,Finance,Unknown,SMS,91834.77,4/23/2025
CUST2045,Amy Schultz,jessicahansen@meyer.com,(325)990-9286,"679 Leon Keys, Fergusonberg, OK 76256",11/20/1989,Manager,Education,Unknown,,91516.53,8/27/2024
CUST5451,Lori Hays,joseph80@gmail.com,475.483.5020x6816,"08909 Lopez Corners Suite 256, Castillohaven, AZ 83597",7/20/2000,Consultant,Technology,Social Media,,43139.8,4/30/2024
CUST6789,Christopher Reed,barbara22@gmail.com,(596)450-6911x821,"657 Paul Valley Apt. 214, Lindsayfort, WY 22637",3/7/2005,Engineer,Technology,Social Media,SMS,93530.2,7/23/2024
CUST4804,Kelsey Prince,bonnierichards@hotmail.com,7025028282,"PSC 8730, Box 5567, APO AP 35372",4/12/1966,Engineer,Manufacturing,Website,Phone,84567.96,11/13/2024
CUST5367,George Sanders,lindaramirez@hotmail.com,+1-692-690-8305x824,Unknown,3/27/1973,Manager,Healthcare,Website,Phone,142215.96,9/15/2024
CUST2953,Cynthia Brown,otaylor@williams.biz,297429523,"5616 Andrew Stream Apt. 042, Port Joshuaview, OR 89579",2/12/2005,Engineer,Education,Social Media,SMS,30550.63,4/6/2025
CUST8876,Frances Brown,jessica29@harris-garcia.net,861-327-7338x2356,"44159 Mckay Ranch Apt. 641, Peterfort, DC 51397",2/28/1990,Engineer,Retail,Email Campaign,Email,88208.31,9/8/2024
CUST3630,Emily Smith,bjennings@lee.info,808-811-3758x5823,"PSC 0716, Box 2869, APO AP 05477",2/4/1998,Consultant,Technology,Referral,Email,125867.34,10/28/2024
CUST7818,Jennifer Sullivan,walterlindsey@oconnor.org,001-915-657-3041,"22375 Leonard Fork Apt. 935, West Graceburgh, NY 72765",4/4/1977,Manager,Finance,Unknown,SMS,49561.5,10/10/2024
CUST2199,Stacy Marshall,wilsonadam@beck-brown.com,628.709.8212x166,"229 Gary Loaf, Port Matthewborough, FL 49504",6/29/1959,Technician,Technology,Event,Email,26822.8,7/2/2024
CUST8191,Jacqueline Holmes,destiny87@hotmail.com,(698)711-2908x1708,"7312 Haynes Vista, Palmerbury, MT 02627",2/9/1979,Manager,Retail,Website,Email,48470.12,10/17/2024
CUST1232,Veronica Dalton,jennifer24@yahoo.com,526.250.1340,"87122 Moore Square, Traceyberg, NC 23123",3/29/1965,Manager,Healthcare,Event,SMS,61983.53,12/1/2024
CUST9582,Jo Bennett,victor14@velazquez.com,817304711,"2746 Webb Island, Lake Shane, DE 57210",12/28/1959,Technician,Retail,Website,SMS,83989.54,9/22/2024
CUST8501,William Galvan,jasonbailey@maxwell.org,286-251-3390x294,Unknown,4/20/2007,Technician,Technology,Email Campaign,Email,25216.9,11/16/2024
CUST3496,Antonio Roberts,robert12@gmail.com,(208)798-9754,"65944 Jordan Corners Apt. 266, Elizabethland, HI 16716",8/12/1958,Engineer,Healthcare,Referral,,20929.81,5/25/2024
CUST4895,Donald Huerta,christine84@yu.com,(200)606-4722,"506 Michael Harbor Suite 767, Joshualand, DC 32798",2/12/1984,Engineer,Manufacturing,Social Media,Phone,71633.59,12/12/2024
CUST3958,Stephen Gross,nicole53@ross.com,001-872-336-8385,"979 Payne Stream, North Alexis, KY 89173",7/27/1971,Director,Finance,N/A,SMS,54534.07,8/16/2024
CUST4848,Anne Boone,grahamandrea@hotmail.com,9723392957,"5877 Charles Springs, Port Sylvia, AR 54497",5/16/2002,Director,Retail,Referral,Phone,118042.29,3/31/2025
CUST6381,Erika Rivera,toddcrane@hotmail.com,001-130-166-5595x36856,"47448 Harris Gardens, Ashleyhaven, CA 54699",5/16/1998,Analyst,Healthcare,Social Media,SMS,71042.22,11/15/2024
CUST9674,Jennifer Moreno,terri51@gmail.com,965-727-8791,"172 Nicole Estates, Lake Ianmouth, WA 87435",2/13/1969,Analyst,Retail,Website,,98437.82,7/29/2024
CUST5202,Patty Thompson,stonedavid@barton.com,(384)184-3173,"54342 Thomas Shoal Apt. 827, North Ronald, VT 53628",1/10/1989,Technician,Manufacturing,Unknown,,46596.71,10/29/2024
CUST2835,Philip Smith,joseph60@howard.com,2550513370,"46424 Dylan Alley Apt. 886, Meganville, MN 74986",8/31/1957,Engineer,Retail,Unknown,Email,116565.74,7/28/2024
CUST2771,Shelly Diaz,savagewanda@yahoo.com,001-565-375-4013x28891,"6059 Elizabeth Vista, Riversville, TN 61257",12/17/1992,Manager,Manufacturing,N/A,SMS,128280.86,1/21/2025
CUST8041,James Perez,steven19@hotmail.com,(554)959-2782x442,"7053 Michael Village Apt. 578, Lake Matthew, IA 45129",5/1/1975,Manager,Manufacturing,Unknown,SMS,66921.98,6/21/2024
CUST8205,Cheryl Lopez,nwatson@hotmail.com,832.621.0589x1421,"Unit 1618 Box 9969, DPO AE 53077",8/23/1973,Technician,Technology,Referral,SMS,48184.79,10/7/2024
CUST5367,Jamie Sheppard,amanda70@jones.com,+1-938-352-2448x78970,"PSC 7066, Box 6331, APO AA 77590",4/12/1989,Analyst,Finance,Referral,Phone,131846.54,1/19/2025
CUST5416,Lorraine Miller,xbullock@yahoo.com,001-174-709-9104x3727,"93520 Ramirez Springs Apt. 462, Port Amytown, NY 26556",5/17/1975,Consultant,Technology,Email Campaign,SMS,79524.96,6/14/2024
CUST8212,Julian Perkins,garciakevin@callahan-nash.com,550.145.3508,"1217 Werner Turnpike Suite 968, Millerport, AR 26491",1/2/2007,Director,Healthcare,Email Campaign,,92907.88,11/8/2024
CUST7719,Tracy Sherman,zmanning@hotmail.com,285-693-9167x888,"5806 Ramsey Pike Suite 230, West Jonathanchester, NC 30527",9/8/1961,Technician,Healthcare,Website,Email,134973.61,5/25/2024
CUST5405,Janet Taylor,scott09@payne.org,001-829-742-6328x63424,"38038 James Manors Suite 990, Nicholasshire, ME 08927",6/16/2002,Director,Finance,Unknown,Email,143082.32,1/4/2025
CUST8291,Michele Chavez,jason22@johnson-cruz.com,082-189-6230x624,"877 Robinson Cliffs Suite 954, New Lawrence, OH 78291",11/12/1971,Analyst,Retail,Email Campaign,Phone,32640.25,5/20/2024
CUST8000,Crystal Ramirez,robert02@stokes.com,583.474.6021,"USS Vazquez, FPO AP 88937",1/5/1968,Manager,Technology,Referral,,116440.04,6/22/2024
CUST5841,Lauren Scott,wacevedo@hendrix.com,+1-873-639-6776x63132,"1655 Smith Glens Apt. 314, Tristanfort, IN 46108",9/20/1976,Engineer,Education,Email Campaign,Email,58671.09,2/4/2025
CUST5599,Adrienne Marshall,andrewschaefer@gmail.com,(498)074-2363x6283,"USNV Lee, FPO AP 37935",9/21/1981,Engineer,Education,Referral,SMS,79400.59,1/16/2025
CUST4784,Victoria Adkins,davidjones@gmail.com,409-552-6272x521,"43364 Rachel Wall, South Marymouth, AR 10016",7/23/1969,Engineer,Technology,N/A,Email,134437.77,8/20/2024
CUST5804,Joshua Howard,brendakent@hotmail.com,001-674-020-9077x2335,"986 Lynch Burgs, South Shaneborough, AL 73270",2/10/1957,Manager,Finance,Website,Email,114225.17,5/30/2024
CUST4264,Elizabeth Gomez,ortizaaron@salazar.net,9171078059,"717 William Keys Suite 096, Christopherton, HI 18776",8/9/1964,Director,Technology,Event,SMS,55108.69,6/20/2024
CUST9196,William Roberts,taylormathew@brewer.com,752.796.2329,"683 Valentine Court Suite 191, Lake Danielleville, MD 49202",11/17/1974,Director,Retail,Website,Phone,48011.82,7/12/2024
CUST9749,Brenda Harris,ianmiller@hotmail.com,001-531-997-0965x2801,"96859 Rios Freeway Suite 251, Suttonborough, IL 92186",9/17/1969,Technician,Retail,Website,Email,84665.05,8/6/2024
CUST4078,Carolyn Jones,laura19@yahoo.com,485-571-4046x686,"524 Lang Throughway Apt. 291, New Kathyville, SD 86247",1/28/1993,Consultant,Healthcare,Website,Email,105359.3,1/3/2025
CUST2115,Sharon Marquez,beanbrian@yahoo.com,577-149-5536x20406,"USS Hawkins, FPO AA 10210",7/16/1959,Technician,Education,N/A,,46350.82,6/27/2024
CUST5729,Janet Harris MD,pdelacruz@hotmail.com,(060)107-8361,Unknown,5/15/1987,Engineer,Technology,Social Media,Phone,50526.41,11/12/2024
CUST4588,Mark Cummings,felicianelson@yahoo.com,001-287-068-7228x16256,"545 Kaiser Junction, Port Robin, NM 72690",3/21/1975,Engineer,Technology,Website,,92662.77,1/13/2025
CUST3064,Anthony Gonzalez,breannamejia@yahoo.com,001-216-613-9518,"15532 Patrick Brooks, Larsonshire, LA 14832",10/22/1969,Consultant,Healthcare,N/A,Email,57247.22,11/2/2024
CUST4181,Carly Howard,angela74@moore.com,928-529-0308x34889,"56270 Samantha Squares, North Jenniferchester, OR 00614",7/30/1994,Director,Education,Email Campaign,,90796.8,4/2/2025
CUST2683,Stacey Brown,monicabaker@sosa-goodman.com,001-087-353-4092x22675,"2641 Flores Freeway Apt. 956, North Michaelmouth, CA 15442",9/5/1988,Technician,Education,N/A,Phone,61692.46,8/8/2024
CUST8336,Paul Roberts,abigailvillanueva@gmail.com,001-464-252-3777x603,"20828 Andrea Prairie Apt. 790, North Nicoletown, UT 84756",6/21/1976,Analyst,Retail,Referral,,68374.29,1/24/2025
CUST2521,Russell Murphy,pclark@dunn.info,001-724-973-9097,"PSC 6020, Box 6911, APO AE 27330",6/2/1957,Analyst,Healthcare,Unknown,,107842.39,1/19/2025
CUST3874,Priscilla Hinton,blankenshipdale@yahoo.com,-5222,"Unit 1371 Box 1301, DPO AP 24296",3/4/1984,Analyst,Retail,Website,SMS,135020.41,12/30/2024
CUST6269,Kevin Olsen,amanda41@mack.net,001-102-050-3703x912,"758 Reynolds Lane Suite 617, Douglasshire, MN 30388",9/14/1985,Analyst,Technology,Email Campaign,,117981.43,6/30/2024
CUST9127,Jennifer Lam,phillipsbrandon@yahoo.com,692.063.5182,"5688 Dunn Mountain Apt. 058, South Jeffreytown, CA 15198",4/1/1984,Manager,Finance,Social Media,Phone,97843.03,12/31/2050
CUST8042,Brian Martin,rpotter@turner-brown.com,(215)345-4590,"188 Long Rue Suite 127, South Lisa, OK 34960",2/23/1982,Technician,Technology,Referral,Phone,147040.16,5/8/2024
CUST4613,Andrea Villa,williamsonkaren@hotmail.com,(988)311-8610x99785,"1454 Little Plains, Brandyburgh, MA 75362",7/27/1980,Technician,Retail,Website,,134493.99,11/15/2024
CUST4634,Erin Burgess,robert95@gmail.com,001-037-568-2481x117,"40638 Barnes Rue Apt. 017, South Brookeside, WV 09992",7/2/1985,Director,Finance,Event,Email,94810.4,4/6/2025
CUST2745,Kevin Hill,deanna67@boyer.com,001-713-917-6546x11672,"3996 Morse Ports, New Reneeberg, MS 98369",11/16/1964,Director,Technology,Referral,Phone,108921.39,7/15/2024
CUST4218,Nicholas Gardner,invalid_email@,+1-384-153-1214x385,"303 Mark Crest, Sandersstad, UT 01611",4/3/1961,Consultant,Finance,Social Media,SMS,91298.59,3/19/2025
CUST5584,Kristen Galvan,scott69@stafford.com,750-109-1757x5555,"367 Jordan Highway Apt. 511, South Lisaview, MO 61192",1/5/1962,Director,Technology,Unknown,,48479.28,6/18/2024
CUST3156,Brian Paul,gutierrezbrandy@love.com,334.548.2294x657,"047 Jeffrey Roads, Brandonmouth, VT 90957",4/30/1967,Technician,Retail,N/A,Email,49355.93,9/8/2024
CUST5071,Melissa Frye,kevin94@fowler-king.net,264-902-4410,"2139 Gill Flat Apt. 469, Carrside, FL 46401",1/19/1995,Consultant,Healthcare,Unknown,Phone,113106.25,3/4/2025
CUST7534,Joel Dillon,carlsanchez@sims-long.com,402.150.3102x4325,"49656 Thomas Expressway Suite 374, East Dennis, RI 94591",3/30/1972,Engineer,Retail,Referral,Email,110341.86,5/17/2024
CUST2489,Jason Hughes,georgefarley@hotmail.com,(086)939-7803x3641,"51921 Dalton Knolls Suite 830, Marktown, IL 76978",2/4/1961,Manager,Retail,Social Media,Phone,90455.69,11/15/2024
CUST4181,Jennifer Smith,jmiller@gmail.com,554.684.3363x23268,"61437 Foster Street Suite 176, New Kellymouth, AK 76581",11/16/1973,Manager,Finance,Website,Email,58451.93,12/21/2024
CUST3650,Tracy Castillo,ana65@yahoo.com,-3464,"807 Cody Village, West Jonathan, KS 06955",7/24/1954,Manager,Technology,Website,Email,52946.41,2/12/2025
CUST9459,William Brown,guy87@williams.org,001-303-714-4535x997,"90297 Teresa Circles Suite 739, East Mary, ND 13863",10/17/1958,Consultant,Education,N/A,,21373.9,4/9/2025
CUST2122,Megan Martinez,jessica05@nelson.com,292-007-0199x3609,"58788 Michael Crest Suite 905, West Yvette, CA 86388",12/27/1964,Analyst,Education,Email Campaign,SMS,47098.29,12/31/2024
CUST6259,Jordan Norman,hooverjames@yahoo.com,561-749-4121x447,"842 Rodriguez Curve Suite 676, North Joshuaton, MO 84298",10/1/1976,Director,Manufacturing,Email Campaign,Email,108285.26,7/6/2024
CUST2655,James Beard,colleenquinn@garza-collins.com,977.867.1792x2665,"5434 Kenneth Expressway Apt. 596, Holmesberg, ND 18248",11/12/1990,Consultant,Education,Social Media,Email,53251.68,4/12/2025
CUST9553,Mr. Patrick Martin PhD,betty13@elliott-castillo.com,5974952742,"175 Rivera Roads Apt. 988, Alexanderfurt, TN 38905",10/14/1956,Consultant,Manufacturing,Unknown,Email,74951.22,6/9/2024
CUST7476,Deborah Hernandez,jwilliams@stewart.com,(756)088-9408x0793,"573 Ibarra Crest Suite 709, Port Sherryland, RI 71219",7/22/1967,Director,Education,N/A,,-2710,3/2/2025
CUST7720,Taylor Castro,heidihernandez@gmail.com,001-180-974-8913,"0076 Stewart Greens, Laurenshire, MD 05503",11/3/1957,Engineer,Retail,Unknown,Email,81733.33,8/7/2024
CUST6488,Michelle Yang,michael28@gmail.com,001-631-208-7468x2588,"12684 Gill Hills, Port Tanya, AZ 61704",1/21/2001,Engineer,Finance,Referral,Email,79109.21,10/12/2024
CUST7421,Kaitlin Moore,hatfielddanny@vaughan-webb.info,(023)008-4997x238,"839 Stephen Inlet Apt. 796, Lake Chrisshire, WI 35346",8/25/1985,Analyst,Healthcare,Event,,24464.48,10/8/2024
CUST3173,Brittany Bell,kerri93@yahoo.com,001-405-354-6687,"17237 Ryan Rapid, South Cynthiaport, AR 75737",6/2/1968,Director,Technology,Unknown,,48152.2,8/8/2024
CUST6422,Daniel Campbell,ashley15@hotmail.com,001-258-847-1184x128,"87262 Salas Plain, Stevensonmouth, VT 84967",12/22/1986,Engineer,Finance,N/A,Phone,97145.78,10/9/2024
CUST3531,Michelle Carpenter,michael80@gmail.com,241-256-4015x54905,"46758 Brown Motorway Apt. 683, North Joseton, AZ 49302",10/4/1959,Engineer,Manufacturing,Email Campaign,Email,85269.44,12/14/2024
CUST7959,Mr. Adam Jackson Jr.,hintonsamantha@fisher-stanley.com,+1-219-292-7434x913,"732 Joseph Island, East Diana, MN 80064",1/4/1984,Analyst,Technology,Event,,124170,1/20/2025
CUST3491,Elizabeth White,craig10@costa-gonzalez.info,+1-339-208-0952x00588,"5345 Janet Village, North Patrickburgh, UT 22725",6/15/1970,Technician,Technology,Website,SMS,96135.94,7/22/2024
CUST5536,Kevin Landry,tiffany65@gibson.com,001-102-414-7505x62914,"USS Ramos, FPO AE 40246",12/24/1998,Director,Retail,Referral,,58140.63,2/18/2025
CUST2241,Matthew Taylor,llittle@williamson.com,+1-370-053-1585x95695,"41732 Thomas Island, South Brandon, AR 79179",10/2/2001,Engineer,Education,Event,SMS,75475.11,3/3/2025
CUST2009,Isabella Booth,mcarey@peterson.net,155.620.6659x4484,"513 Thomas Squares Apt. 448, Port Angelaberg, HI 98132",3/2/1963,Manager,Finance,Referral,,83212.17,8/1/2024
CUST1053,Jamie Hernandez,michelle98@bailey-phillips.org,001-824-789-8510,"12388 Christopher Flat Suite 360, South Jo, WI 24502",6/2/1975,Consultant,Technology,Unknown,Phone,120420.15,11/8/2024
CUST2036,Christopher Smith,nchapman@garcia-day.org,+1-923-412-8451x587,"9697 Martin Lock, Sarahmouth, MD 63143",5/3/1955,Analyst,Healthcare,Referral,SMS,132523.53,7/13/2024
CUST7452,Rachel Weaver PhD,ybaird@hotmail.com,738-006-5776,"77501 Cook Walk Apt. 758, West Rachel, LA 58152",12/31/1962,Consultant,Healthcare,N/A,,125094.41,8/31/2024
CUST7600,Anthony Weaver,michellefischer@taylor.org,+1-788-319-5322x611,"198 Hernandez Mall, South Jason, ME 21804",8/10/1965,Engineer,Healthcare,Referral,Phone,116246.33,9/23/2024
CUST9345###,Daniel Morrison,brianeaton@roberts.info,3943223695,"234 Anthony Flat, Cynthiaview, WI 24268",2/22/1962,Director,Finance,Email Campaign,,67667.83,12/20/2024
CUST9274,Bruce Peterson,harrisonwilliam@garcia-bowman.biz,+1-293-875-8228x06355,"492 Timothy Trail, New Edgar, WA 69958",5/20/1994,Consultant,Finance,N/A,SMS,102528.16,10/18/2024
CUST7792,Diana Bauer,jonathan14@brooks.com,+1-361-517-4034x89090,"959 Miller Ridge Suite 500, South Lisaland, AL 42093",7/27/1991,Consultant,Retail,Website,SMS,76717.85,3/25/2025
CUST8138,David Anderson,zhawkins@simmons.com,001-171-545-0866x6506,"67212 Nguyen Crest Suite 786, Emilymouth, WY 23441",8/9/1957,Consultant,Finance,Website,Email,54160.82,1/14/2025
CUST6057,Jackson Little,njohnson@hotmail.com,001-749-972-8064,"70131 Middleton Trail Apt. 936, East Brittanychester, SC 16653",2/7/1978,Analyst,Retail,Email Campaign,Phone,137860.11,8/13/2024
CUST1604,Joseph Martin,cameron41@gmail.com,-2189,"555 Walters Garden, Lake Christine, KY 06121",7/20/1975,Engineer,Finance,Referral,Email,94154.68,4/18/2025
CUST5851,Stacy Miller,gomezbrian@garcia.com,981.819.6793,"Unit 0837 Box 2899, DPO AP 47606",2/17/1987,Manager,Retail,N/A,SMS,92457.9,9/10/2024
CUST8334,Shawn Scott,ymiller@gmail.com,(993)634-0224,"3037 Brittney Views, East Danielland, AR 01201",9/26/1960,Engineer,Technology,Referral,,35060.48,8/21/2024
CUST6922,Charles Harris,phillipwilson@yahoo.com,727.201.5092x7516,"02462 Ortega Land Apt. 525, Lake Angelahaven, FL 15697",2/4/2004,Manager,Healthcare,Referral,SMS,37317.93,11/8/2024
CUST5410,Troy Bennett,wdiaz@mathews.com,957.195.0896,"9913 Michael Radial, Joseview, DE 02281",2/9/1985,Consultant,Finance,Social Media,Email,86325.48,3/25/2025
CUST9686,Thomas Newman,taylorstone@yahoo.com,344.158.6621x1884,"317 Maria Street, Hernandezchester, MT 49673",10/12/1957,Engineer,Manufacturing,N/A,SMS,96124.47,6/16/2024
CUST9685,Ryan Mcdonald,anthonyclark@gmail.com,-6512,"78645 Garcia Brooks Apt. 072, Nicholastown, FL 54200",2/6/1970,Analyst,Healthcare,Social Media,Phone,131876.14,9/11/2024
CUST8731,Jill Olson,greenelauren@hotmail.com,001-978-357-3943x728,"86417 Kelly Garden, Meltonburgh, NH 00679",7/31/1966,Manager,Technology,Email Campaign,,82235.47,6/30/2024
CUST6637,Rachel West,invalid_email@,(136)455-1356x58132,"91006 Freeman Radial, New Kennethville, NC 03176",7/23/1982,Manager,Retail,Event,Email,38994.61,1/19/2025
CUST1721,Caroline Stone,sherri03@hotmail.com,001-647-221-8854,"4512 Mary Roads Suite 165, East Katherineport, MA 60651",8/27/1962,Director,Healthcare,Unknown,Email,82099.49,10/18/2024
CUST2292,Megan Lewis,owenkristina@lee-flores.com,7946680071,"241 Johnson Lakes, Brentfort, CT 30238",11/19/1957,Director,Healthcare,Referral,,129170.22,1/12/2025
CUST7259,Devin Salas,dustintorres@hotmail.com,(831)846-3266x83779,"1864 Herrera Brooks, Tammyhaven, UT 01835",10/3/1961,Manager,Education,Email Campaign,Email,117808.22,11/2/2024
CUST2285,Sarah Harris,julie52@hotmail.com,313-299-9474x130,"52829 Andrew Views Suite 237, Obrienbury, IN 46059",5/22/1971,Analyst,Retail,Website,Phone,107315.28,6/28/2024
CUST9156,Don Cruz,tonya36@hamilton.biz,(305)189-3064x28957,"491 Robinson Spurs Suite 493, Aaronburgh, MT 14685",8/14/2003,Consultant,Retail,Event,Phone,117319.11,7/8/2024
CUST5303,Jamie Long,rwilliams@jones-lopez.biz,332-758-7983x89228,"892 Tran Cliff, Bellmouth, NE 44278",3/18/1982,Consultant,Manufacturing,Unknown,,103985.32,1/22/2025
CUST5123,William Patel,john20@parsons-friedman.com,296.014.6665x05437,"593 Craig Lakes, Port Johnport, AZ 95185",1/23/1965,Manager,Healthcare,Event,SMS,84627.35,2/21/2025
CUST2683,Claudia Martin,perezsharon@bradshaw.com,+1-466-442-4348x4675,"62892 Margaret Station, East Loretta, TX 31050",6/4/1977,Consultant,Manufacturing,Website,,28623.42,9/17/2024
CUST5645,William Rice,rogersmatthew@hotmail.com,142.661.6093x02830,"95870 Wendy Falls Apt. 764, Gilesmouth, PA 21794",5/1/1997,Technician,Healthcare,Unknown,Email,68037.75,6/1/2024
CUST5892,Sarah Ferguson,bellnichole@gmail.com,001-899-024-6032x10282,"37188 Donald Ports, North Rhonda, MT 49579",8/15/1993,Analyst,Retail,N/A,SMS,59454.6,3/12/2025
CUST2219,Lisa Rush,samuel00@hill.com,(757)106-1058,"2515 Carey Green Suite 959, Jenniferville, AK 95450",9/24/1970,Director,Education,Social Media,,86487.19,1/17/2025
CUST3449,Felicia Richardson,fbarker@gmail.com,(165)222-3758x2606,"868 Bobby Overpass, South Danny, AK 62265",1/1/1987,Technician,Manufacturing,N/A,Phone,81012.65,3/21/2025
CUST2322,Patrick Roberts,mitchellpotts@gmail.com,001-004-585-3892x2797,"047 Virginia Street Apt. 945, Port Kara, WI 58488",1/31/1986,Technician,Retail,Social Media,Email,52707.08,4/22/2025
CUST2709,Colleen Ross,benjaminroberts@cooley.com,752.250.9457x70567,"655 Garcia Brooks, Lorimouth, OH 32929",11/15/1973,Analyst,Education,Event,Phone,60696.71,10/17/2024
CUST9456,Tyler Riley,jyang@landry-mack.com,316.739.0963,"38425 Whitaker Mall Apt. 936, Jonathantown, NE 35737",6/29/1979,Manager,Manufacturing,Referral,SMS,146404.29,11/10/2024
CUST1703,Pamela Lopez,richardbarber@yahoo.com,-3878,"273 Timothy Forks, Port David, HI 40080",8/4/2004,Analyst,Manufacturing,N/A,,56207.88,3/10/2025
CUST3387,Eric Moody,hilljill@wiggins.com,635.462.4639x1973,"873 Smith Tunnel, North Michelle, FL 81236",9/2/1979,Consultant,Technology,N/A,Phone,119880.83,2/3/2025
CUST5641,Monica Rangel,molly47@yahoo.com,235-081-0377,"8867 Eric Road, East Rhonda, IL 46245",6/3/1995,Technician,Education,Referral,SMS,112640.73,5/1/2024
CUST9837,Tiffany Schultz,pwheeler@tucker-sanchez.com,(565)706-5447x1941,"USNV Cunningham, FPO AA 36675",4/27/1972,Analyst,Healthcare,Unknown,,95627.37,12/25/2024
CUST8668,Roger Lopez,bmartinez@baker.net,349.353.7347,"810 Williams Junctions Apt. 260, North Jacobfurt, WV 37777",2/1/1991,Engineer,Technology,N/A,SMS,103017.4,3/9/2025
CUST6126,Michael Clark,rogersalexa@wallace-ellison.org,001-455-582-8301,"37552 Montgomery Rue Suite 606, Christinestad, FL 36409",1/27/1993,Director,Technology,Unknown,SMS,43800.12,1/9/2025
CUST7477,David Huang,jacksonlaura@yahoo.com,-3292,"2637 Bennett Corner, New William, UT 95924",12/30/1983,Consultant,Education,Referral,,82964.63,12/29/2024
CUST8218,Kelli Solomon,makayla44@kent.org,(077)754-2241x737,"2761 Moore Vista Apt. 284, Port Wendychester, SD 40877",12/17/1961,Director,Retail,Event,SMS,39024.19,5/1/2024
CUST8432,Mitchell Kelley,jillmatthews@johnson-parker.net,-2260,"9747 Teresa Loaf, New Vickiefurt, MA 48821",2/17/1982,Engineer,Education,Website,,125704.89,7/19/2024
CUST6305,Richard White,griffinmichele@smith-richardson.com,9641628305,"287 Leon Lock Apt. 615, Lisamouth, DE 68611",9/22/1993,Engineer,Finance,Referral,SMS,140614.74,8/4/2024
CUST1349,Timothy Mckee,baileyjason@hanson.com,001-906-071-0396x87968,"3508 Johnson Plain Suite 428, North Scottville, AZ 20035",12/21/1963,Director,Manufacturing,Unknown,SMS,86445.39,9/8/2024
CUST9368,Karen Martinez,gutierrezjanet@hotmail.com,(520)460-9709x0180,"760 Steele Well, Port Teresa, SD 53981",9/15/1957,Manager,Education,Website,,101654.65,4/14/2025
CUST9801,Taylor Taylor,wrightmichael@lucas-dunn.com,526.588.2245x19951,"783 Hill Mews Suite 095, Schwartzbury, NJ 40620",5/27/1976,Director,Finance,Email Campaign,,70295.01,6/25/2024
CUST8088,Roger Shah,ljohnson@hotmail.com,(175)751-8748,"7709 Ward Street Apt. 963, Port Morgan, ND 10070",7/5/1973,Manager,Healthcare,Website,SMS,118816.17,3/2/2025
CUST9361,Lisa Torres,palmertara@hotmail.com,+1-945-124-6560x2899,"574 Desiree Overpass Apt. 605, Lopezshire, ND 62609",12/29/1977,Engineer,Finance,Social Media,Email,91303.79,11/4/2024
CUST1234,Patrick Hardy,weaverkayla@jacobs-hinton.com,001-720-723-3245,"769 Cook Overpass Suite 730, Perezstad, MN 69280",2/5/1959,Manager,Finance,N/A,,46636.06,7/7/2024
CUST2646,Roger Stanley,deborah55@yahoo.com,163.836.5225,"277 Thomas Creek, Castroshire, RI 43801",2/25/1957,Director,Finance,Website,Email,63888.77,10/20/2024
CUST2491,,gadams@lane.org,170-898-7330,"54855 Mary Square, Craigville, RI 26143",2/26/1985,Technician,Education,Social Media,,51288.44,6/30/2024
CUST1314,Kevin Rhodes,bryanchristopher@hotmail.com,001-093-756-4425,"832 Fleming Corner Apt. 182, Carrollfort, LA 23163",11/8/1966,Director,Manufacturing,Event,SMS,140620.7,5/2/2024
CUST4982,John Choi,danielcarter@torres.info,860.428.9939,"374 Campbell Parks, East Aaron, KS 28864",7/29/1980,Manager,Healthcare,Website,SMS,119105.66,2/3/2025
CUST8374,Justin Johnson,cynthiablack@hartman.com,(358)042-8627,"876 Michael Knolls, Hernandezhaven, ND 47317",1/9/2003,Consultant,Healthcare,Event,Email,144081.53,9/17/2024
CUST7220,Kelly Barry,uramirez@yahoo.com,704.506.4246,"869 Gerald Trace Suite 641, Port Danielfort, WV 91471",6/30/1957,Director,Technology,Unknown,SMS,125241.54,4/8/2025
CUST9685,Kelsey Terrell,itaylor@williams-porter.info,7527286313,"040 Smith Lodge Apt. 546, Ryanchester, GA 52995",8/29/1984,Engineer,Healthcare,Unknown,,48726.55,1/9/2025
CUST2672,Kristen Hayes,gpatton@ruiz.com,+1-374-366-1782x2962,"722 Wanda Stream Apt. 470, Jonathanborough, MD 84034",1/14/1977,Director,Healthcare,Referral,Phone,56331.19,5/15/2024
CUST3643,Nathan Jimenez,john78@kennedy-leach.info,(727)102-8971x380,"095 Harris Fort, Richardsfurt, TX 18617",3/15/1987,Manager,Technology,Social Media,,95352.88,11/12/2024
CUST4800,Sandra Fletcher,zspencer@gmail.com,271-930-8355,"53988 Debra Forges Apt. 316, Villarrealview, UT 98275",12/30/1993,Consultant,Retail,Referral,Phone,33047.66,4/3/2025
CUST8661,Sandra Sampson,jonesstephanie@gmail.com,(941)023-7158,"20376 Adrian Extension Apt. 679, Jonesview, KY 15983",2/1/1964,Consultant,Technology,Email Campaign,,39550.12,10/14/2024
CUST6150,William Sullivan MD,rpatrick@tate.org,(617)152-9813x46768,"USS Gonzalez, FPO AE 32805",7/21/1964,Director,Retail,Website,SMS,46666.74,8/29/2024
CUST3144,Daniel Mayo,martinbrian@short.com,(852)601-1654,"15796 Cox Fork Suite 979, New Richard, MN 26079",12/31/1963,Consultant,Retail,Unknown,SMS,61870.4,3/30/2025
CUST5213,David Wiggins,michael38@dennis.biz,001-581-606-7173x2482,"504 Greene Cliff Apt. 522, Jonathanville, WA 19525",9/7/1969,Director,Manufacturing,Email Campaign,,98852.01,11/13/2024
CUST8031,Michael Romero,wilsontammy@taylor.com,7390663512,"4311 Reed Ports, South Brandi, MI 28741",2/8/2005,Manager,Technology,Website,,41889.61,10/27/2024
CUST7763,Roger Holland,ireeves@smith.com,001-357-673-5390x91460,"82356 Caitlyn Causeway Suite 991, Pittsview, RI 83643",4/18/1968,Manager,Healthcare,Social Media,SMS,72663.3,1/26/2025
CUST9020,Matthew Moore,invalid_email@,999.033.0760x8897,"46020 Karen Prairie Apt. 913, North Megan, SC 10394",12/30/1988,Technician,Education,Referral,,98056.63,3/13/2025
CUST6202,Casey Gross,juandyer@lucas.net,(075)639-9667,"375 John Course, North Cindy, VA 36342",7/7/2006,Engineer,Technology,Event,Phone,103912.04,10/16/2024
CUST4861,Deanna Bell,adamsmichelle@gmail.com,001-262-216-1149,"016 Charles Pines Suite 134, Anthonyberg, SC 38007",9/16/1986,Consultant,Technology,Unknown,Email,70553.08,4/12/2025
CUST6901,Brittney Brown,tiffanypowell@bullock.com,(838)586-4074,"189 Freeman Point Apt. 091, Hernandezfort, OH 18472",10/25/1990,Analyst,Retail,Website,,76717.94,4/6/2025
CUST2188,Steve Davies,christopher47@oliver.com,204-357-3337,"9455 Reyes Harbors, North Christopher, KS 40616",10/17/1966,Consultant,Finance,Email Campaign,SMS,65269.91,2/8/2025
CUST3554,John Parsons,nataliethompson@hill-palmer.biz,(489)271-6354,"9020 Wood Flat Apt. 359, Stevenbury, OH 76882",6/12/1963,Analyst,Education,Email Campaign,Phone,41910.42,2/25/2025
CUST9992,Michelle Hill,sandra78@hotmail.com,(295)225-5577x719,"449 Michael Road Suite 955, Wagnerview, VA 95953",4/24/1990,Technician,Manufacturing,Event,Phone,129967.33,7/13/2024
CUST4408,Jessica Wilson,robertcrane@yahoo.com,598-827-6435x862,"028 Harris Run, Port Carrie, IN 16618",10/7/2003,Analyst,Finance,Unknown,Phone,31696.43,12/4/2024
CUST3011,Paula Smith,marshallgregory@harper.com,158.607.6391x490,"6380 Aaron Plain, Martinton, MT 19002",8/10/1994,Engineer,Manufacturing,N/A,Email,52550.85,12/4/2024
CUST6470,Anthony Hayes,johnsmith@yahoo.com,694-239-0279x56151,"533 Kirsten Ports, Lake Debraville, SC 02816",5/6/1997,Analyst,Retail,Referral,SMS,38412.43,7/15/2024
CUST3793,Deborah Taylor,lovecameron@gmail.com,722.537.9010,"2373 Rodriguez Extension, North Ashley, OR 06679",11/20/1976,Analyst,Healthcare,Referral,,60507.79,8/29/2024
CUST1577,Ashley Moreno,anthony62@deleon.info,866-369-2377x60318,"89582 Robinson Grove Apt. 786, Port Kathy, MS 82627",5/10/1985,Engineer,Healthcare,Unknown,Email,100722.8,2/4/2025
CUST6505,Eric Horton,csmith@gmail.com,+1-528-083-6814x93662,"55303 Sutton Branch, South Stevenmouth, WI 68103",4/7/1974,Technician,Technology,Referral,SMS,91232.01,2/26/2025
CUST8092,Anne Mcdaniel,ubaldwin@simpson.org,195.433.3066,"337 Stacey Fort, North Beverlyhaven, FL 09703",7/6/2000,Manager,Healthcare,Website,Phone,98342.46,10/12/2024
CUST6720,Dennis Stafford,christopherjones@yahoo.com,001-150-980-5094x044,"4823 Adrian Fords Suite 574, Clarkland, AK 69030",7/2/1980,Engineer,Finance,Social Media,Phone,89413.93,8/31/2024
CUST6268,Michael Garza,kevingrant@wells.info,(154)600-2233,"01892 Padilla Lodge Suite 204, West Sylviaton, ME 53428",6/25/1991,Director,Education,N/A,Phone,39853.42,6/9/2024
CUST5536,John Anderson DDS,davidespinoza@gmail.com,+1-519-247-5340x55721,"5220 Richard Shoals Apt. 076, North Douglasland, MI 95082",11/26/1988,Manager,Finance,Social Media,Phone,119625.45,1/18/2025
CUST2470,Amanda Osborne,vbrock@ortiz.com,(459)590-8774x685,"48548 Tara Isle Apt. 242, South Joshua, WI 72576",5/2/1956,Engineer,Manufacturing,Event,Email,71194.74,6/30/2024
CUST9391,Linda Carney,pattonkimberly@yahoo.com,+1-674-191-1909x9312,"07323 Arnold Corners, East Robertmouth, WY 65717",8/25/1976,Engineer,Retail,Referral,Phone,51450.32,10/26/2024
CUST8192,Theresa Morris,uwarren@yahoo.com,001-661-390-7269x814,"759 Atkins Extensions, Elizabethburgh, IL 53562",9/4/1981,Analyst,Manufacturing,Unknown,SMS,80112.68,10/30/2024
CUST2745,Joseph Scott,james24@brown.com,(260)626-3402x2500,"19448 Mcdonald Port, Kellyshire, OK 83477",4/28/1994,Manager,Technology,Website,Phone,41071.3,2/12/2025
CUST8110,Olivia Kelly,ian69@fuller.com,808-186-4504,"5558 Conrad Cape, Williamsland, DE 05429",12/19/1954,Engineer,Finance,Email Campaign,Phone,20074.54,7/8/2024
CUST4529,Johnathan Shaw,brandireed@brown.com,001-890-699-3028x97487,"8799 David Spurs Suite 922, Port Marieview, ME 22492",9/22/1963,Director,Retail,N/A,,91541.05,12/31/2050
CUST8718,Mrs. Shannon Leonard,thomas34@gmail.com,738.260.6939x519,"52616 Sonya Loop, Arnoldport, AZ 88112",3/4/1958,Consultant,Manufacturing,Email Campaign,SMS,122230.01,1/20/2025
CUST5110,Ryan Willis,gregory29@gmail.com,921-820-0967x438,"4785 Jennifer Landing Apt. 575, Berryfurt, DE 88293",6/16/1988,Technician,Technology,Email Campaign,SMS,88051.15,4/26/2024
CUST5024,Patricia Robles,michael29@duncan.info,+1-899-638-1731x056,"56308 Kelly Bypass, North Thomasmouth, CA 71709",8/4/2003,Manager,Manufacturing,Unknown,,36411.18,9/25/2024
CUST2879,Kara Davis,dwhite@gomez-evans.com,(243)039-5973x995,"2832 Megan Meadows Apt. 133, Jeffreyville, OR 75361",4/29/1956,Manager,Finance,Event,SMS,129452.98,4/24/2025
CUST8531,Kevin Fields,riggschristina@clark-smith.com,(684)133-1832x163,"07515 Gordon Junctions, Mcdonaldside, WA 95941",7/5/1992,Director,Retail,Email Campaign,,58937.34,1/29/2025
CUST8710,Sheri Smith,richard54@gmail.com,(292)029-7329,"9106 Powers Mews Suite 127, South Brianchester, SD 06468",1/9/1973,Analyst,Retail,Referral,Email,48024.16,10/27/2024
CUST6864,Donna Hinton,holmesrobert@gonzalez.net,362.728.3753x9606,"604 Mcclure Underpass Apt. 997, Lake Barbara, LA 05696",5/31/1983,Manager,Retail,Unknown,Phone,104379.27,10/31/2024
CUST4734,Zachary Caldwell,kbernard@sweeney.com,031.019.7551,"568 Allison Overpass, East Joshua, AR 33305",5/16/2000,Consultant,Healthcare,Referral,Email,137065.47,12/4/2024
CUST1436,Terry Anderson,jerryhunt@avila.com,870.891.5864,"673 Suarez Cape, New Elizabeth, LA 13174",7/4/1978,Analyst,Retail,Email Campaign,,112675.74,7/23/2024
CUST1080,Tiffany King,walkermichael@christian.com,608.245.6635,"78129 Timothy Street, New Ronald, DC 42522",12/13/1994,Manager,Retail,Referral,,144750.39,11/22/2024
CUST2326,Laura Mckinney,stantongeorge@hayes-hale.net,001-647-674-6363,"63575 Lopez Grove, Gomezburgh, OK 26714",9/26/1958,Manager,Technology,Website,SMS,68624.63,8/3/2024
CUST6381,Katrina Perry,ywilson@hotmail.com,580-635-6233x461,"61974 Pratt Canyon Apt. 551, Donnaville, NJ 08864",1/21/1974,Consultant,Retail,N/A,,30156.05,2/23/2025
CUST2631,Michelle Braun,susanbush@hotmail.com,789.186.4862x69805,"9321 Henry Loop, North Codymouth, GA 75636",7/29/1984,Analyst,Manufacturing,Event,,25268.17,1/11/2025
CUST9030,Christina Chambers,garneramy@yahoo.com,590.707.4567,"Unit 5955 Box 7341, DPO AP 81776",9/18/1976,Engineer,Education,Social Media,Phone,60344.43,3/19/2025
CUST2156,Kelsey Hoffman,stewartgary@yahoo.com,001-063-121-9960x19132,"95199 Edward Rapids Apt. 389, Thomastown, MS 00721",6/3/1955,Manager,Finance,Website,Phone,116763.9,3/28/2025
CUST6600,Mitchell Payne,sheritorres@johnson.com,(105)324-8433,"5474 Wagner Squares, Brownside, NV 01923",8/29/1970,Analyst,Finance,Website,Phone,101987.69,10/1/2024
CUST8303,Bonnie Wright,osbornedavid@yahoo.com,001-201-376-8859x1042,"302 Chad Cliff Apt. 910, Port Michaelfort, TN 89707",11/28/1961,Engineer,Retail,Email Campaign,SMS,123806.45,2/19/2025
CUST8177,Mary Anderson,david92@hotmail.com,7047048224,"272 Thomas Mountain Suite 879, North Michaelview, OR 44310",8/18/1980,Analyst,Manufacturing,Social Media,SMS,67835.78,1/5/2025
CUST6284,Jose Allen,ureynolds@gmail.com,980.448.2854,"08889 Hall Well Suite 042, Lisaside, NC 36029",1/3/1960,Director,Finance,Email Campaign,,76343.06,5/9/2024
CUST1370,Brandon Evans,robert84@hotmail.com,-9359,"33635 Michelle Inlet, Wilsonberg, WA 45600",6/15/1955,Engineer,Technology,Unknown,Email,149823.79,6/3/2024
CUST8139,Kathy Ross,robertsjason@gmail.com,-10504,"5908 Knight Pines, Alexandertown, MA 61810",8/2/2001,Consultant,Education,N/A,,115088.48,8/12/2024
CUST5944,Billy Guzman,curtis70@mullins.com,443.390.0933,"945 Richard Garden, Lake Nicholasport, LA 67504",6/9/1975,Analyst,Healthcare,Referral,Phone,32114.65,6/3/2024
CUST9660,Timothy Thompson,jreynolds@long.com,001-070-775-6795x9296,"700 Shannon Spurs, Port Michaelburgh, DE 81323",7/16/2005,Analyst,Retail,Referral,Email,25721.74,3/6/2025
CUST3410,Steven Brooks,yvelasquez@reeves.com,001-474-354-8953x6082,"5297 Fischer Lodge Apt. 964, North Tamara, ID 63399",9/22/1972,Manager,Healthcare,Email Campaign,Phone,74286.58,4/21/2025
CUST6468,Michelle Jackson,patricia27@hotmail.com,769-835-0509x768,"25439 Michele Union, West Vincent, IA 97930",2/2/1996,Consultant,Manufacturing,Event,SMS,148755.42,11/19/2024
CUST7181,Jose Hawkins,lorivalentine@ramirez-scott.com,489.328.1739x3224,"355 Stephanie Trail Suite 383, Chandlerberg, NJ 00526",2/25/1987,Engineer,Finance,Referral,Email,-2215,8/17/2024
CUST9251,Jeffrey Powell,xhernandez@gmail.com,606-392-6763x10156,"2203 Jones Streets, Port Jessica, MD 12312",11/6/1996,Engineer,Healthcare,Email Campaign,Phone,140226.83,7/29/2024
CUST2542,,jim65@hotmail.com,+1-105-241-9629x1486,"PSC 9415, Box 9707, APO AE 70306",12/22/1975,Engineer,Finance,N/A,,125519.67,11/21/2024
CUST6155,Heather Olson,wadejohn@hotmail.com,5296649008,"992 Paul Manors Suite 038, Moralesport, NJ 86199",9/6/1993,Director,Technology,Social Media,,144236.9,3/20/2025
CUST8909,Timothy Kim,nruiz@gmail.com,+1-096-197-6094x8677,"065 Anthony Mountains Suite 138, Port Jennifer, AL 58899",11/27/1998,Director,Manufacturing,Event,SMS,102098.19,11/4/2024
CUST7141,Jillian Arias,nicholasscott@yahoo.com,001-268-054-8533,"36462 Garcia Spring Suite 217, Thorntonchester, WY 06156",9/23/1999,Director,Healthcare,N/A,SMS,124804.56,6/1/2024
CUST4213,Samuel Williams,alicia71@pena-taylor.com,234-648-0390,"867 Taylor Lakes, North Nicholasland, CT 04395",12/19/1993,Manager,Finance,Email Campaign,,55384.51,10/18/2024
CUST6330###,Barbara Davis,robbinsmark@stout.net,857-516-1589x651,"071 Jacqueline Shoal, Changbury, DC 75032",7/25/1976,Analyst,Retail,N/A,,26667.25,7/2/2024
CUST9362,Dr. Patricia Tran,fowlercarmen@fernandez-williams.com,022-738-5245,"73116 Boone Field, West Manuelbury, NJ 33343",3/25/1999,Analyst,Education,Website,Phone,92151.83,8/24/2024
CUST5441,Phillip Bishop,mhall@willis.com,230-267-8153x9716,"1437 Louis Plaza Apt. 658, East Crystalmouth, DE 78108",7/18/1958,Manager,Retail,Referral,Email,110659.62,11/30/2024
CUST7684,David Jones,carrie45@gmail.com,001-443-229-3322x609,"6144 Michael Trail Apt. 717, East Michelle, OH 41306",10/24/1964,Analyst,Retail,N/A,,74507.9,8/13/2024
CUST8544,Noah Aguilar,mullinsjeffrey@adams.com,-11453,"Unit 5551 Box 3063, DPO AP 84316",2/14/1968,Analyst,Finance,Referral,Phone,100997.56,8/20/2024
CUST4059,Terri Taylor,hwilliams@yahoo.com,652.469.4277,"008 Bridges Harbor Suite 114, Allenmouth, IA 24121",9/23/1963,Engineer,Education,Website,,72770.21,1/25/2025
CUST4247,Grant Odonnell,jamestaylor@long.biz,001-916-476-3494x6866,"2242 Robinson Rapid Apt. 626, Francisstad, IL 52057",1/24/2005,Manager,Retail,Email Campaign,Email,63392.16,11/15/2024
CUST5573,Steven Daniels,wrightkathy@stewart.biz,+1-352-925-1755x357,"494 George Turnpike, Frazierton, MA 39891",2/6/1989,Engineer,Education,Referral,,134283.76,9/16/2024
CUST2627,Keith White,nathanielmora@gmail.com,565-029-0050x34848,"4015 Randall Cape, Lindsayville, AK 83351",8/16/2002,Consultant,Manufacturing,Referral,,75913.73,9/25/2024
CUST8840,Michael Bell,znorton@gmail.com,001-076-829-2652x73856,"8033 Jason Dale, New Randyport, OH 31084",10/10/1958,Analyst,Healthcare,Event,Phone,63694.47,10/23/2024
CUST7313,Kelsey Osborne,njenkins@gmail.com,+1-645-034-7115x19951,"40516 Tanya Isle, Lake Deanna, ME 26796",6/25/2003,Analyst,Manufacturing,Email Campaign,Email,33085.78,2/27/2025
CUST8444,Louis Gomez,mmitchell@watts.com,001-483-480-8429x38040,"833 Phelps Drives Suite 756, East Josephfort, KS 65630",8/6/1997,Technician,Finance,Referral,,84044.3,12/8/2024
CUST1611,Matthew Rivera,mcclurecaroline@hotmail.com,238.780.4945,"3358 Anderson Fork, Port Gailshire, MI 54141",2/12/1990,Technician,Technology,Referral,Email,20271.34,1/15/2025
CUST6867,Jennifer Harper,stephanie21@yahoo.com,566.106.7735x7733,"24246 Coleman Via, Richardside, VA 52116",2/27/1973,Engineer,Healthcare,Social Media,SMS,108236.16,12/27/2024
CUST7772,Christina Holt,smithmichael@yahoo.com,001-516-303-1021x036,"117 Oscar Expressway Suite 358, West Amandaton, ID 84927",1/10/1966,Analyst,Technology,Event,Email,25255.88,3/27/2025
CUST6918,Jessica Copeland,dicksonsarah@gmail.com,016-188-8894,"7823 Kyle Extensions Suite 036, West Amy, MD 79534",7/27/1981,Analyst,Finance,Website,Email,148464.01,11/6/2024
CUST4812,Joshua Thomas,williammiller@miller.com,001-478-457-6666x0545,"0406 May Mountains Suite 260, Lake Brian, AL 42164",1/3/1993,Engineer,Healthcare,Unknown,Phone,136617.3,10/26/2024
CUST8733,Samantha Murphy,dhurst@yahoo.com,837.164.5718,"30369 Nicholas Drives, South Dennis, GA 91479",7/11/1966,Engineer,Education,Event,SMS,100006.56,11/24/2024
CUST9981,Erika Moyer,sfuller@yahoo.com,001-710-917-7162x833,"0760 Garcia Roads, Mooreshire, VT 63740",4/23/2003,Engineer,Manufacturing,Social Media,Phone,28442.53,11/26/2024
CUST2157,Nathan Martinez,wboyd@salazar.biz,297.379.0123,"090 Alexis Freeway, North Annberg, SC 70677",5/6/2003,Analyst,Healthcare,N/A,Email,84534.02,8/10/2024
CUST8870,Laura Cox,urichardson@nguyen-mendoza.com,555.877.9974,"9022 Franco Plains Suite 278, West Erichaven, AL 34596",5/19/1975,Technician,Education,Website,,130780.34,12/1/2024
CUST7618,Bryan Khan,eddiebrown@gmail.com,943.369.5086x790,"6389 Michael Island Suite 304, Port Thomas, MS 18328",10/21/1998,Manager,Technology,Email Campaign,,66637.75,12/30/2024
CUST4026,Cheryl James,joshua40@jones-esparza.com,279-761-9677x2607,"886 Thomas Throughway Suite 082, Trujilloville, KS 66415",12/24/1985,Analyst,Education,N/A,,74336.05,5/6/2024
CUST2899,Ronald Harrison,wjordan@west.info,451.945.0270,"5843 Santiago Creek Suite 109, Pageport, MT 34792",7/21/1975,Analyst,Technology,Social Media,Phone,51288.57,5/13/2024
CUST9615,Evelyn Blackwell,rogertaylor@wilson-ryan.com,154.206.5023x99920,"73176 Andrew Streets, Jamesbury, MI 23922",10/17/1991,Technician,Healthcare,Website,Email,27637.25,8/21/2024
CUST5887,Stephanie Ross,matthew75@bullock.info,906-830-7948x2998,"98333 Bryant Mall Apt. 132, North Shanetown, RI 08304",3/27/1977,Manager,Finance,Email Campaign,Phone,-3262,3/19/2025
CUST8492,Lauren Collins,gcasey@roberts.com,-4226,"45445 Cheryl Alley, Deborahville, AL 92241",2/15/1998,Analyst,Education,N/A,SMS,95305.14,7/16/2024
CUST2553,Jonathan Travis,gwatts@wilson-davis.com,248.956.9238,"62698 Reid Burgs, New Felicia, NH 24929",10/18/1987,Consultant,Retail,Email Campaign,Email,140883.53,4/28/2024
CUST5190,David Le,fieldsdaniel@flores.com,001-720-881-7814x37516,"829 Ethan Extensions Suite 376, Stonetown, GA 05057",3/8/1995,Technician,Manufacturing,N/A,SMS,141866.71,3/17/2025
CUST9278,Christopher Perry,perezvincent@yahoo.com,-5495,"205 Jennifer Stravenue, Millerville, ME 78444",3/8/1966,Consultant,Technology,Website,SMS,40349.02,2/7/2025
CUST6607,Joseph Landry,karenwillis@morris.com,756.709.5848,"8950 Carroll Station, South Michael, MI 09650",7/27/1984,Analyst,Finance,Website,Email,129345.78,3/21/2025
CUST6468,Cindy Johnson,zorr@hotmail.com,(920)996-6528,"48071 Becker Ports, Bethanyshire, ID 45285",8/19/1963,Consultant,Healthcare,Unknown,,80255.51,9/15/2024
CUST6825,Tyler Snyder,lewisjoseph@duncan-nelson.com,001-408-904-1162x289,"254 Jessica Avenue, Dennistown, WA 52093",7/5/2006,Technician,Education,Email Campaign,Phone,126051.56,2/12/2025
CUST4686,Jeremy Nolan,davidsonjimmy@yahoo.com,571-356-9055,"927 James Roads, New Gina, AZ 15182",5/30/1996,Technician,Retail,N/A,SMS,144548.46,12/24/2024
CUST5718,Alyssa Ross,graypatricia@gmail.com,(455)031-4224x8167,"8582 Robinson Rue, Port Ashleyhaven, KY 98832",1/19/1998,Director,Technology,Referral,Email,132992.64,4/26/2024
CUST9992,Crystal Lane,michelle81@yahoo.com,797-143-5319x0667,"3851 Dean Meadows, Jefferymouth, OH 99270",11/20/2004,Analyst,Retail,Website,,133817.72,9/20/2024
CUST5187,James Gallagher,thomaswolfe@barnes-baird.com,001-142-547-9000x7154,"38493 Nguyen Turnpike Suite 484, New Susan, MI 91056",5/30/1983,Manager,Finance,Referral,Phone,86661.97,1/9/2025
CUST9393,Lisa Jones,devinhunt@mann.com,970.369.9142x8633,"257 Wright Fort Suite 573, North Erikport, AK 68992",9/3/1986,Analyst,Healthcare,N/A,Phone,74323.13,12/2/2024
CUST9166,Jose Mathews,jamiewilson@hotmail.com,001-610-085-9721x7141,"77307 Ford Drives Apt. 728, Rebeccaberg, SD 60488",4/19/1985,Technician,Education,N/A,SMS,124027.12,11/27/2024
CUST6413,Thomas Nelson,rsnyder@hotmail.com,001-847-428-4563x8233,"19527 Williams Lake, Cunninghamton, AR 02426",4/30/2000,Analyst,Finance,Website,,120303.84,2/24/2025
CUST9728,Jose Boyd,lopezjustin@moore.com,-3599,"6488 Smith Groves Apt. 968, North David, MN 10653",9/1/1978,Manager,Healthcare,Referral,SMS,108446.24,12/18/2024
CUST9592,Samantha Owens,marybailey@gmail.com,190.123.4553,"348 Rodriguez Freeway, South Cody, WV 90726",6/6/1969,Technician,Manufacturing,Social Media,,135646.23,3/23/2025
CUST1636,Robin Watson,john89@yahoo.com,960-632-4397,"0062 James Vista Suite 709, Mckenziefurt, UT 92989",2/23/1971,Director,Manufacturing,Referral,,120062.54,7/4/2024
CUST2823###,David Perry,adrian54@shaw-cox.org,(948)753-7670x45527,"Unit 5618 Box 9248, DPO AE 27828",12/25/1990,Engineer,Retail,N/A,SMS,90042.99,7/15/2024
CUST3153,Andrew Pollard,kenneth33@yahoo.com,650.463.4133x6813,"01517 Page Fall, Gravesmouth, MT 75915",2026-15-45,Engineer,Education,Social Media,Email,72953.72,2/5/2025
CUST3228,Samantha Harris,lonnie46@french-wolfe.info,281.355.0840x049,"201 Owen Vista Suite 099, Diazstad, WY 14616",7/31/1966,Engineer,Retail,Unknown,,140776.29,10/22/2024
CUST3929,Paula Chase,deannastone@yahoo.com,+1-656-285-8408x44539,"6757 Watson Summit Apt. 440, Scottshire, UT 65092",6/30/1969,Director,Healthcare,Social Media,Phone,78405.27,5/22/2024
CUST1182,Jeffrey Nelson,ksmith@yahoo.com,4907591795,"411 Harris Mountain Apt. 794, East Tiffany, SD 35175",11/19/1998,Technician,Finance,Unknown,Phone,106896.19,4/19/2025
CUST2865,April Henderson,henry95@hotmail.com,845.087.7706x31026,"PSC 3686, Box 7799, APO AP 44405",7/17/2004,Analyst,Retail,Social Media,Email,88996.57,7/22/2024
CUST2327,Jack Rios,barrymaxwell@willis.com,001-875-581-0518x56996,"88814 Ford Underpass, Jamesville, OR 03942",12/9/2001,Manager,Retail,Referral,,20292.55,1/26/2025
CUST5289,Luis Cohen,michaelbeck@gutierrez.info,732.561.1966,"7881 Eric Keys Suite 649, Lake Kennethfurt, LA 59569",9/4/1997,Engineer,Education,Event,,22124.64,11/23/2024
CUST8211,Jorge Vega,qgross@gmail.com,861.983.5891x087,"379 Snyder Mall Suite 750, Steventown, NM 75472",9/19/1957,Technician,Education,Unknown,Email,84562.63,5/14/2024
CUST4167,Robert Thompson,lprice@powell.com,(897)806-3111x106,"USCGC Wheeler, FPO AP 05721",4/17/1984,Manager,Manufacturing,N/A,SMS,121357.72,6/3/2024
CUST8271,Christine Martin,wilsondavid@gmail.com,640-142-6166,"955 Crystal Branch, Nicholasville, ME 59056",5/8/1993,Consultant,Manufacturing,N/A,SMS,43040.77,2/5/2025
CUST5300,Emily Clarke,patrick64@king.com,(733)356-3525,"2218 Benson Center, Lake Carolynshire, MD 69781",7/9/1963,Manager,Finance,N/A,,30358,5/4/2024
CUST7628,Trevor Jacobs,andersonjeremiah@cisneros-gilbert.org,885-761-4929x704,"2779 Smith Meadows Apt. 464, Longbury, NH 95414",10/29/1991,Manager,Retail,Website,Email,36884.07,2/28/2025
CUST8432,Marcia Cunningham,david47@hotmail.com,591.380.8811x335,"7788 Williams Prairie, North Sara, SC 20836",2/27/1988,Technician,Education,Referral,SMS,107335.41,4/15/2025
CUST7891,Richard Moore,catherine95@yahoo.com,(958)365-1065,"078 Courtney Stravenue Suite 169, Nicolefurt, AR 76390",6/29/1990,Manager,Retail,Referral,Phone,66985.85,10/1/2024
CUST9323,Tiffany Smith,angela06@gmail.com,667-527-5277x215,"537 Harvey Hills Apt. 454, South Loganburgh, IN 50602",8/23/1979,Analyst,Manufacturing,N/A,Email,29909.35,7/5/2024
CUST4404,Justin Parks,joel35@gmail.com,001-462-411-5183x9932,"57915 Clark Drives Apt. 130, Wilsonbury, WY 21659",8/8/1970,Engineer,Finance,Referral,Email,121226.43,7/28/2024
CUST1596,Dalton Allen,evanshunter@yahoo.com,001-474-658-2787x905,"4341 Troy Route Suite 284, East Brianville, OH 03142",8/17/1986,Manager,Finance,Unknown,,63878.88,8/25/2024
CUST9962,Jasmin Ward MD,hickmanmary@morris.com,(804)444-9447x3029,"60520 Daniel Neck, Lake Phillip, NJ 29735",7/11/1989,Director,Retail,Event,Email,82561.44,3/23/2025
CUST9845,Tara Hansen,jessica27@rodriguez.com,8582849466,"5362 Baxter Via Apt. 126, New Tony, KY 50334",4/30/2004,Analyst,Finance,Social Media,Email,65921.22,3/14/2025
CUST6005,Tanya Miller,joshuamartin@cox-hall.com,001-832-376-4351x3496,"0041 Brett Glens, Kennethport, NY 09720",1/6/1965,Manager,Manufacturing,Social Media,Email,138419.59,4/14/2025
CUST2642,Kathleen Evans,joeljackson@walker.net,(290)616-9679,"81648 Erica Burgs, South Ashley, WY 14166",2/1/1986,Engineer,Finance,Referral,Phone,-1496,11/30/2024
CUST2668,Pamela Wright,jeffrey93@aguirre.com,001-914-237-3015,"0502 Dougherty Ridge Apt. 801, New Shannon, IL 34618",4/30/1996,Technician,Manufacturing,Referral,,148844.76,9/8/2024
CUST5459,Steven Medina,jfisher@mcguire.com,001-272-385-9254,"20299 Kelly Point, Kaufmanmouth, RI 87342",5/28/1959,Analyst,Finance,Social Media,,123046.49,12/4/2024
CUST9613,Jeremiah Torres,flemingbryan@hotmail.com,2204070782,"403 Merritt Plaza Suite 569, Matthewbury, OH 62367",2/27/1979,Engineer,Manufacturing,Unknown,,47606.8,9/9/2024
CUST4209,Jacob Humphrey,hhernandez@hotmail.com,163-528-4177,"0917 Griffith Cape, Lake Rebecca, NC 11114",9/28/1969,Director,Technology,Email Campaign,Email,146897.84,6/8/2024
CUST1348,Charles Jones,kathysmith@hotmail.com,(089)917-3019x58179,"1139 Matthew Shore Suite 392, Leslieside, CA 71248",11/19/1979,Manager,Technology,Unknown,,92469.51,3/11/2025
CUST1021,Amanda Harris,jamie76@boyd-duke.info,478.810.3084x54161,"658 Nicole Dale, Lake Brianside, ND 71256",11/5/1961,Consultant,Education,N/A,SMS,45884.7,2/1/2025
CUST4411,Katrina Barrett,jenkinschad@wagner-mann.com,6133046902,"20319 Johnson Coves Suite 206, Port Krystalshire, OR 08635",7/21/1993,Engineer,Retail,Unknown,Email,94222.11,11/17/2024
CUST1058,Benjamin Mcpherson,ycrane@smith.com,587-220-9298x23098,"8770 Olsen Expressway Suite 978, North Mary, NV 86000",9/19/1989,Technician,Education,N/A,SMS,74019.38,7/21/2024
CUST2724,James Hernandez,tthompson@gmail.com,692.206.3277x8680,"45322 Jackson Branch, Lewiston, VA 28984",3/2/1957,Analyst,Retail,Website,Phone,129592.91,5/26/2024
CUST1701,John Kelly,shawmichelle@scott-robinson.com,261.572.0512,"76622 Stephanie Estate, Anthonyland, OH 52728",1/14/2002,Director,Manufacturing,Unknown,Email,97075.12,3/21/2025
CUST4186,Natalie Keller,marissa68@yahoo.com,001-137-084-0138x781,"2244 Ortiz Locks Suite 722, Garciaview, MO 67364",3/17/1962,Consultant,Manufacturing,Event,SMS,35567.9,4/27/2024
CUST4440,Patrick Grimes,ihoward@yahoo.com,7674595998,"301 Ricky Lake, New Patrickhaven, MO 93267",11/27/1954,Technician,Education,Referral,SMS,89820.6,11/26/2024
CUST5660,Jenna Carpenter,moodysara@taylor-grant.com,142-089-4310,"524 William Gardens Apt. 114, North Jerry, KY 25451",7/31/1971,Analyst,Finance,Unknown,Email,27138.69,8/31/2024
CUST4891,Cameron Morgan,george40@yahoo.com,656.224.4916,"8882 Scott Circles, Ashleyland, AK 09677",4/22/1999,Technician,Healthcare,N/A,SMS,126040.14,11/9/2024
CUST7693,Christopher Garrett,bryantjesus@bryant.net,010-550-3162x849,"0606 Jose Mount, Lake Timothy, MD 58235",4/18/1964,Analyst,Education,Unknown,,147570.33,3/7/2025
CUST7208,Tyler Smith,gutierrezmarcus@nguyen-howard.com,590.178.1220,"USNS Price, FPO AA 51366",2/4/1969,Analyst,Finance,Email Campaign,SMS,116021.69,12/4/2024
CUST8710,Ashley Craig,arthur13@yahoo.com,(924)616-6624x2323,"1611 Kyle Vista, Port Kevin, KS 22212",12/4/2006,Engineer,Finance,Social Media,SMS,44020.9,7/21/2024
CUST6271,Henry Davidson,christinelutz@yahoo.com,+1-264-160-9246x911,"0070 Russell Glens Suite 351, Lopezmouth, OH 34914",1/5/1977,Manager,Manufacturing,Event,Email,67129.18,7/17/2024
CUST8684,Brianna Stanley,xwilliams@gmail.com,001-637-872-8969x4618,"2148 Gavin Estates, New Anna, TN 74375",5/26/1989,Analyst,Education,Social Media,Email,43740.46,12/30/2024
CUST9288,Alan Wolfe,fbaker@cooper.com,977-417-8083x44134,Unknown,10/12/1980,Director,Finance,Referral,Email,55946.94,4/20/2025
CUST4008,Kyle Kirby,emilyaguirre@hotmail.com,+1-846-624-4432x996,"107 Tyler Motorway, Jaredland, MI 94550",6/22/1977,Director,Finance,Unknown,SMS,137821.52,3/29/2025
CUST6035,Audrey Phillips,jessicafuller@williams.com,566.566.4580,"192 Lopez Orchard, Heidiville, MD 58880",11/29/2001,Analyst,Finance,Email Campaign,Email,60545.99,9/18/2024
CUST8819,Mary Simpson,zmitchell@martinez.org,001-590-849-6385x057,"4743 Amanda Lodge Apt. 141, Joneschester, VT 95761",3/25/1976,Engineer,Technology,Social Media,SMS,116342.26,7/20/2024
CUST1674,Anthony Howard,anthonypeterson@black.com,596.580.0594,"843 Ruiz Wells, New Emily, IN 60654",10/9/1954,Engineer,Finance,Event,Email,33887.73,9/30/2024
CUST7344,Brandon Collins,alisha79@hotmail.com,(967)846-2952,"483 Smith Expressway, Castillobury, TN 19806",2/18/1997,Engineer,Retail,Unknown,SMS,72778.53,11/5/2024
CUST4001,Jeffrey Ortega,kingjames@gmail.com,001-200-880-7616x16069,"26330 Gerald Trace Apt. 233, Sawyershire, NM 75418",3/30/1974,Analyst,Healthcare,Event,Phone,30661.15,1/19/2025
CUST6902,Alisha Fowler,traceypittman@gmail.com,605-593-2953,"74498 Lane Plains, Lake Dana, NC 90384",11/15/1986,Manager,Technology,Event,Email,102009.05,2/1/2025
CUST8081,Julia Young,lynn04@nash.net,096-094-6581x178,"6033 Peter Fields Suite 954, Dianaview, NH 46827",4/3/1984,Consultant,Healthcare,N/A,Phone,42018.05,9/15/2024
CUST4130,Tyler Bryan,smiller@kennedy.net,(233)333-4167x159,"4324 Newman Ports Apt. 184, Coreyville, DC 88198",2/17/1967,Director,Healthcare,Email Campaign,Email,108583.46,12/17/2024
CUST7801,Ann Jefferson,gary11@hotmail.com,391-233-9314x340,"804 Michael Plaza, Sandersberg, KY 78955",12/21/1956,Director,Technology,Unknown,Phone,84044.87,10/19/2024
CUST5101,Stacy Moore,johnsonjennifer@stephens-best.com,728.412.6398,"6518 Watts Fort Suite 268, Port Jessicamouth, MN 33698",12/7/1968,Engineer,Retail,Referral,,45021.33,2/15/2025
CUST5635,Tonya Miller,ramseymichael@hotmail.com,(560)320-7204x44953,"7052 Schwartz Throughway Suite 541, Port Tyler, NM 65639",3/28/1966,Analyst,Education,Referral,,146583.79,5/6/2024
CUST5874,Michael Baker,flynncharles@yahoo.com,(896)567-8793,"1458 Murray Extension, Port Susanchester, WI 20855",10/2/1959,Director,Education,Social Media,Phone,100130.03,10/30/2024
CUST2795,David Barnett,kimberly26@yahoo.com,(494)322-3322x75064,"0911 Valerie Cliffs, Alexanderport, MA 53411",10/9/1983,Technician,Retail,Social Media,,20188.84,7/7/2024
CUST9429,James Young,kathleenhancock@gmail.com,641.985.9309,"2249 Douglas Garden Suite 783, Kristiebury, ND 34478",5/22/1993,Consultant,Manufacturing,Referral,SMS,109868.99,8/8/2024
CUST7991,Alexis Smith,lynchdennis@yahoo.com,105.648.5472,"01769 Johnson Falls Suite 700, East Albertborough, VA 79726",1/12/1971,Manager,Technology,Event,Email,145732.67,11/11/2024
CUST3508,Kelly Padilla,edward32@boyd.com,650.678.5390,"71383 White Way Apt. 193, West Lisa, CO 41972",1/19/1999,Manager,Technology,Website,Phone,149758.85,10/1/2024
CUST6523,Dawn Smith,mccormickeric@yahoo.com,433.931.3579x5503,"822 Michaela Loaf Apt. 679, East Michael, NC 95917",9/23/1993,Engineer,Technology,Website,,37285.07,9/16/2024
CUST7322,Derek Thomas,destinywilliams@beard.com,854-151-1222,"02558 Thompson Groves Suite 872, Johnport, DC 95823",11/15/1973,Analyst,Finance,Event,Email,104740.89,8/7/2024
CUST7108,Monica Miller,kylemiller@hotmail.com,6409827100,"0602 Dawson Fort, South Timothybury, ME 37826",2/10/1987,Engineer,Technology,Website,,33903.97,10/16/2024
CUST1399,Marilyn Bell,jeffreydavis@hotmail.com,400-864-7805,"886 Ortiz Summit Suite 220, South Courtneymouth, TN 75602",6/1/1983,Consultant,Healthcare,Referral,Email,132944.15,7/29/2024
CUST1168,George Barr,lrogers@gmail.com,304.398.5836x998,"20453 Brian Hill, West Anitaside, NJ 56557",10/29/1974,Consultant,Retail,N/A,SMS,77643.53,6/17/2024
CUST3959,Cindy King,sharonhood@gmail.com,478.570.6446x9464,"60533 Luke Lakes, Juantown, LA 92176",5/26/1968,Technician,Healthcare,Referral,,65913.16,4/8/2025
CUST4383,Sarah Ramirez,mcclaincheryl@yahoo.com,269-432-6737x6778,"000 April Trace, South Debraberg, CT 51812",5/18/1964,Technician,Healthcare,Email Campaign,,143388.59,11/24/2024
CUST8090,Jake Ross,garnerbrandon@yahoo.com,266-274-6231x56649,"174 Davidson Freeway Suite 179, Jacobburgh, IN 94922",7/18/1957,Engineer,Education,Website,,80265.73,11/9/2024
CUST2939,Dennis Alexander,anna97@gmail.com,996-759-9683x3185,"0570 Cory Heights, Lake Christina, AK 47018",11/16/1966,Engineer,Technology,Email Campaign,SMS,46499.18,11/9/2024
CUST4148,Corey Miles,victor83@jenkins-garcia.com,4990989833,"810 Martin Island, Port Michael, VA 32959",4/28/1969,Analyst,Healthcare,Social Media,SMS,43017.81,2/20/2025
CUST1635,Barbara Stewart,michaelking@stanley-flores.biz,(094)923-1994x753,"9233 Schultz Lodge, West Shanetown, NV 64379",4/16/1982,Consultant,Manufacturing,Website,,65219.59,5/13/2024
CUST5696,Natalie Hartman,richlawrence@yahoo.com,072-554-2134x4228,"64940 Stephanie Court, New Eddieport, CA 31813",11/22/1966,Manager,Retail,Referral,SMS,129130.84,3/9/2025
CUST1336,David Brown,phelpsrichard@gmail.com,275.473.6507x1443,"60651 Diane Ford Suite 178, Micheleshire, RI 17227",6/24/1971,Analyst,Healthcare,Email Campaign,Phone,76956.81,7/22/2024
CUST7425,Angelica Cunningham,nbeard@davenport-erickson.com,651.551.2558,"53143 Kevin Bypass Suite 719, East Veronicabury, WY 37761",11/27/2001,Engineer,Healthcare,N/A,,69995.61,10/24/2024
CUST1771,Christopher Gordon,elizabethmartin@gmail.com,001-782-442-1783,Unknown,3/15/1986,Director,Technology,Referral,Email,54797.85,3/26/2025
CUST9632,Bethany Fletcher,hgarcia@norton-davenport.info,269-720-1494x07030,"91890 Michael Hills, Jacquelinechester, AR 12532",8/14/2000,Director,Education,N/A,Email,55335.57,4/18/2025
CUST6392,Mrs. Stephanie Jones,pettybrittany@yahoo.com,990-549-0089x90371,"8828 Madison Ramp Apt. 541, North James, NM 24328",1/6/1998,Director,Education,N/A,,22638.94,2/13/2025
CUST6730,Willie Walls,michael53@daniel-knox.com,8141736446,"22588 Nicholas Springs Apt. 712, Lake Tammy, CO 11506",2/23/1986,Engineer,Healthcare,Social Media,SMS,125262.32,6/15/2024
CUST9166,David Zuniga,loweanthony@hernandez-thornton.org,966.052.5722,"8974 Dennis Falls, South Joyce, OH 13127",5/10/1977,Director,Manufacturing,Event,Phone,101577.51,7/1/2024
CUST4059,Lori Sanchez,ethanpoole@hotmail.com,181-946-7079x3352,"57428 Allison Estates Suite 773, Shermanfurt, CO 28956",4/20/1995,Engineer,Healthcare,Website,SMS,119904.11,5/3/2024
CUST4001,Richard Robinson,fitzpatrickjohn@davis.biz,017.603.9196,"13817 Horn Street, Brendafort, AZ 36876",2/9/1988,Consultant,Manufacturing,Social Media,Email,82532.5,9/15/2024
CUST5303,Adam Murphy,karen34@brown-russell.net,901-598-1429x98400,"8500 Lee Canyon, South Jasonstad, MD 41983",11/20/2006,Engineer,Technology,Social Media,,52651.8,5/28/2024
CUST8731,Jeffery Evans,treed@hotmail.com,+1-581-585-4164x76166,"143 Taylor Views Apt. 480, South Lisastad, IA 16466",5/15/1972,Director,Healthcare,N/A,,107078.72,1/25/2025
CUST5718,Mary Dickerson,dennis45@love.org,(653)534-9583,"248 Dixon Views, Erinstad, CA 97068",8/23/1984,Director,Manufacturing,Social Media,Email,69389.8,2/18/2025
CUST2939,Donald Alvarez,wheelerjacob@lane.biz,-1514,"37596 Nolan Trail, Lake Jill, GA 89572",2/10/1972,Manager,Healthcare,Social Media,Email,131513.54,10/12/2024
CUST8138,Dana Cole,anna04@wiggins.com,-9146,"PSC 5087, Box 6197, APO AP 13016",5/9/1963,Consultant,Healthcare,Event,SMS,84109.57,12/5/2024
CUST9274,Victor Dunn MD,hernandezangela@prince.org,(232)173-0167,"5543 Kyle Mission Suite 663, East Barbaraview, OR 47964",9/5/2001,Director,Finance,N/A,Email,33415.01,1/21/2025
CUST1348,Paul Gray,harrisdaniel@hotmail.com,(093)442-2540x824,"USCGC Williams, FPO AA 87648",11/8/1975,Manager,Retail,Unknown,Email,46644.72,11/15/2024
CUST9660,Stefanie Zuniga,dananewton@orozco-holland.com,989.667.1375x8239,"545 Nelson Land, Forbesborough, CA 33216",11/25/1991,Director,Technology,Website,Email,108524.9,1/28/2025
CUST4026,Daniel Wheeler II,melanietrevino@hotmail.com,6485750684,"691 Ronald Point, Lake Michael, ME 91003",1/10/1960,Consultant,Technology,Referral,Phone,115943.18,12/29/2024
CUST3793,Kelsey Wilson,ianblack@yahoo.com,(515)235-5653x6393,"13438 Tyrone Island, West Amanda, UT 68272",4/23/2003,Analyst,Finance,Website,SMS,21520.72,5/17/2024
CUST9391,Michaela Martin,jesse08@schroeder.com,019.167.5337,"PSC 9898, Box 6969, APO AA 43160",5/6/1987,Consultant,Finance,Social Media,,136103.36,5/24/2024
CUST7991,Mary Williams,berrykimberly@sosa.com,(904)388-2357x0983,"225 Brooks Grove, New Jenniferfurt, NV 35497",12/14/1971,Analyst,Healthcare,Event,Email,32156.32,2/7/2025
CUST6607,Gina Brooks,riverajanice@johnson.info,461.645.1661x32117,"663 Carr Inlet, East Michaelmouth, GA 08130",5/11/2002,Director,Manufacturing,N/A,Phone,25742.17,9/27/2024
CUST4411,John Kennedy,rodrigueztamara@peterson-underwood.com,+1-139-597-8856x135,"7040 Flores Street, Saraville, KY 97726",5/16/1973,Analyst,Manufacturing,Referral,Email,140409.67,8/14/2024
CUST8492,Maria Mckee,scottjermaine@franklin-davis.com,470-672-8358x364,"022 Martin Flat, New Joseph, AZ 68452",11/12/1983,Manager,Retail,Social Media,Email,31532.32,9/24/2024
CUST1058,Jose York,charlessanders@roberts.net,738.486.0536x153,"673 Corey Ranch Suite 746, North Cynthia, KS 68883",7/22/2001,Manager,Manufacturing,Social Media,Email,75523.74,11/28/2024
CUST4861,Carol May,brownchristopher@robinson.com,001-878-168-6707x185,"44791 Jamie Ridges, West Kirk, NJ 89576",11/26/1968,Analyst,Retail,Event,Phone,23496.92,10/11/2024
CUST2393,Veronica Cordova,gonzalezashley@gmail.com,796-642-6822x034,"3807 Davis Curve, Rebeccaside, NY 27959",9/3/1974,Technician,Manufacturing,Website,SMS,45030.8,1/13/2025
CUST2589,Shaun Long,cassandramontgomery@hernandez.info,119.097.9022,"4262 Bennett Lakes, Mossside, NV 84065",1/6/1986,Manager,Technology,Website,Phone,45461.29,6/27/2024
CUST7814,Richard Simon,sydney84@gmail.com,+1-708-345-6667x183,"289 Nancy Grove, Clarkshire, WA 40950",4/22/1983,Manager,Healthcare,Social Media,,27965.77,6/20/2024
CUST8129,Janet Lewis,williamssarah@caldwell.com,-3106,"33401 Justin Cove, Jonathanberg, IL 23186",3/27/1961,Manager,Manufacturing,Referral,Email,35323.91,9/8/2024
CUST1761,Ricky Washington,cookmiguel@booth.info,(096)008-0073x879,"7124 Gonzalez Plains Suite 041, West Michael, NC 85374",4/12/2002,Manager,Education,N/A,SMS,128517.03,1/11/2025
CUST2621,Valerie Garcia,swoods@yahoo.com,001-221-096-6611x81444,"45746 Alexander Gardens Apt. 531, West Jessicaland, CA 32355",4/12/1994,Manager,Technology,Website,Phone,81584.91,5/11/2024
CUST1049,Rebecca Jackson,danafleming@farrell.com,175.719.6653x510,"348 Benjamin Trail, South Cathyshire, CA 88934",1/28/2001,Manager,Education,Website,Phone,108977.15,7/23/2024
CUST4579,Krista Lawrence,charles17@gmail.com,+1-403-259-7371x8263,"0835 Taylor Wall, Lake Rachelstad, WI 27026",7/15/2006,Engineer,Finance,Unknown,Phone,47532.07,3/9/2025
CUST7742,Daniel Aguilar,hjohnson@flynn.info,+1-656-668-8628x9479,"53472 Wright Roads Apt. 026, Mcdanieltown, CA 87031",7/28/2003,Consultant,Finance,Email Campaign,Phone,110959.38,4/26/2024
CUST7604,Paula Massey,rschmidt@smith.com,385-234-3718x38295,"7873 Larry Turnpike Apt. 451, Derekmouth, NE 69341",8/4/1972,Analyst,Technology,Event,SMS,135230.47,3/13/2025
CUST3707,Lisa Herrera,vgonzalez@hotmail.com,328.218.4787,"72485 Brian Drive Apt. 836, Lake Miguel, MD 19018",10/26/1955,Director,Manufacturing,N/A,Phone,143970.35,11/10/2024
CUST6165,Carrie Mitchell,victoria78@acevedo-harper.info,221.192.0015x76691,"51642 Phillip Stravenue, Grossmouth, DE 91041",2026-15-45,Manager,Manufacturing,Unknown,,56292.8,1/27/2025
CUST8966,Joseph Torres,nlee@yahoo.com,393-176-1451,Unknown,8/2/1974,Director,Healthcare,N/A,Email,45515.05,3/18/2025
CUST7782,Jacqueline Richardson,shelley67@hotmail.com,833.391.2301,"33817 Freeman Turnpike Apt. 207, Smithberg, MA 32205",10/24/1994,Consultant,Manufacturing,Email Campaign,Email,133714.22,10/28/2024
CUST9063,Lisa Torres,campbellerin@hotmail.com,-6359,"019 Johnson Shores, Port Seth, AR 12925",2/17/1967,Technician,Healthcare,Website,Phone,115810.47,7/22/2024
CUST9623,Sherry Martinez,wcherry@petersen.com,446-200-7472x4054,"8850 Rebecca Mill Suite 364, Lake Carolinemouth, RI 67964",6/17/1975,Engineer,Manufacturing,Email Campaign,,138213.29,4/2/2025
CUST8527,Diane Boyd,dana35@gmail.com,261-842-1495,"94804 Garcia Loaf, Valenciastad, MD 74144",3/31/1971,Technician,Technology,Unknown,Phone,26868.12,10/9/2024
CUST8050,Amanda Brady,zross@walls-diaz.com,+1-704-080-6934x2643,"7043 Moreno Hill, East Raymond, GA 17457",1/30/1992,Director,Healthcare,Unknown,Phone,51262.78,7/22/2024
CUST1237,Roberta Salazar,larry49@sherman-mendez.net,378-747-8325x20739,"256 Gray Locks, Garrettstad, HI 06406",6/19/1995,Director,Manufacturing,Event,Email,51394.32,4/19/2025
CUST2849,Donald Diaz,mauricepaul@yahoo.com,896.624.7061,"2653 Richardson Ports, West Melissa, VA 10876",3/30/1997,Engineer,Education,Event,Email,53755.57,9/17/2024
CUST2262,Rachel Ramirez,matthewmorgan@hotmail.com,+1-637-922-5037x27381,"49551 Cunningham Villages Apt. 664, Stevenland, MI 42372",11/30/1966,Director,Healthcare,Unknown,Phone,25722.41,3/15/2025
CUST1924,Mr. Austin Richards MD,michelle65@gmail.com,(786)739-2355,"17160 Morales Village, Leeville, MO 43021",4/5/1992,Manager,Healthcare,Unknown,Phone,110840.82,5/21/2024
CUST8600,Mr. Anthony Kennedy,keith43@clark-garcia.com,001-974-527-0686x4079,"53172 Laura Plains, South Bonnieborough, OH 57239",7/1/1974,Director,Healthcare,Event,,29286.58,12/1/2024
CUST6029,George Combs,sarawatson@hotmail.com,(598)643-0785,"Unit 0959 Box 0858, DPO AP 50239",9/26/1975,Technician,Manufacturing,Website,SMS,79916.9,8/21/2024
CUST9590,Paul Stone,bairdrussell@yahoo.com,797.122.4407x265,"98201 Jones Loaf, Hernandezburgh, MT 46719",1/5/2000,Analyst,Education,Website,Email,119512.33,10/9/2024
CUST7636,Michael Black,efoster@yahoo.com,855.103.7355,Unknown,2/24/1982,Technician,Technology,Website,Email,30872.39,4/2/2025
CUST6626,Jennifer Preston,williamscharles@rios.com,(644)454-8223x81269,"301 Maria Walk Apt. 329, Danielland, KS 40717",8/5/1955,Technician,Technology,Event,Email,30742.24,3/2/2025
CUST1406,Brandon Sandoval,jeanette19@hotmail.com,001-104-987-5666x64386,"51215 James Roads, East Thomastown, MT 36502",3/29/1966,Consultant,Finance,Email Campaign,SMS,27442.19,6/23/2024
CUST9934,Marc Stevens,reeseanita@perez.com,229.453.8782,"USS Clayton, FPO AA 57650",11/19/1993,Technician,Manufacturing,Website,Phone,148492.38,10/19/2024
CUST7514,Aaron Ortiz,susan32@hotmail.com,361-792-7314x40240,"615 White Burg Apt. 052, Williamsborough, UT 35896",1/15/1961,Consultant,Technology,Website,SMS,117828.81,1/1/2025
CUST6047,Nathan Carter,richard01@gmail.com,878.150.8517x18206,"2254 Mcbride Walks Apt. 755, Shermanville, WY 43435",12/16/1968,Manager,Finance,Event,Phone,98045.28,8/28/2024
CUST8046,Juan Ramirez,garciaalexandra@freeman.com,(445)367-9354x8035,"717 April Ports Suite 104, Tiffanyfurt, SD 41162",2/20/1997,Director,Retail,Social Media,,87888.88,7/6/2024
CUST6888,Kathryn Tucker,huffdavid@hotmail.com,851.590.9151x0158,"65286 Smith Estate Suite 154, Lake Stephanie, MN 26232",8/19/1996,Manager,Healthcare,Unknown,SMS,85184,9/16/2024
CUST5307,Robert Smith,nicholasyoung@cunningham.com,(075)214-9478x76780,"3084 May Lakes, Port Denisemouth, MD 82374",10/15/1995,Analyst,Retail,Email Campaign,Email,85928.68,8/14/2024
CUST1703,Cynthia Garner,acostakatherine@small.com,063-671-4892x1051,"255 Michael Heights, Trevorchester, AZ 03673",6/4/1997,Engineer,Finance,Event,Email,20363.43,6/30/2024
CUST7296,Jacqueline Marks,simmonsmichael@stanton.com,(892)538-8750x2404,"83615 Walker Crossroad Apt. 585, Steeleborough, DE 60665",10/13/1965,Manager,Retail,Social Media,SMS,31529.51,4/8/2025
CUST7061,Lauren Evans,katie71@hotmail.com,(398)767-9999x856,"USNV Brown, FPO AE 74405",3/25/1981,Director,Education,Event,Phone,72673.84,1/6/2025
CUST3315,Eric Schultz,erik38@gmail.com,693.041.0691x19742,"74308 Hernandez Shore, Mcintyreview, OH 39609",3/29/1958,Engineer,Healthcare,Email Campaign,Phone,123701.02,5/17/2024
CUST5882,Kristy Watson,barbaramorrison@gmail.com,(366)107-0816x044,"529 Zachary Hills, West Erin, RI 62930",1/31/1965,Manager,Education,Social Media,Email,67607.38,10/11/2024
CUST1531,Geoffrey Burton,julian27@hotmail.com,1399439202,"070 Giles Garden Suite 595, Chelseamouth, PA 19174",4/30/1996,Director,Retail,N/A,Email,91830.63,7/29/2024
CUST8574,Karen Chen,april74@hotmail.com,673.356.2473x598,"490 Hall Orchard Apt. 113, East Elizabeth, AR 77221",9/20/1970,Technician,Retail,Website,,47029.15,1/3/2025
CUST6286,Craig Moreno,arnoldtimothy@yahoo.com,(852)616-5841,"29124 Felicia Estates, Lake Julie, WV 94696",5/24/1961,Director,Manufacturing,Event,,100351.84,5/23/2024
CUST9180,Mr. Randall Brown,invalid_email@,036-289-8129x91015,"8748 Flowers Walks Suite 034, North April, OK 99823",2/6/2003,Director,Technology,Unknown,Phone,36349.67,2/9/2025
CUST5241,Patrick Boyd,rpeterson@flowers.com,(211)842-3866x4037,"94819 Brandon Freeway Apt. 485, Skinnerland, RI 64350",1/29/1967,Analyst,Finance,Website,,52865.97,4/10/2025
CUST8830,Susan Miller,shawn43@hotmail.com,483.182.5852x071,"799 Linda Radial, Angelachester, ID 78400",12/28/2006,Engineer,Manufacturing,Event,Email,54009.02,12/21/2024
CUST9679,Kelly Mcpherson,leejillian@bruce.biz,###-###-####,"660 Brian Tunnel Apt. 191, Lake Patriciaside, WV 30053",11/26/2006,Analyst,Technology,Referral,,84798.14,11/7/2024
CUST1897,Brandy Goodman,ywillis@hotmail.com,246.149.8608x2802,"41457 Nicole Land Suite 859, Rebeccaport, MS 88968",2/3/2007,Director,Healthcare,Email Campaign,Phone,88681.77,5/31/2024
CUST5521,Terry Griffin,martinjennifer@hall.com,(615)100-6460x093,"46562 Michael Squares, Robinsonshire, MN 24557",8/27/1988,Consultant,Education,Referral,Phone,107489.97,1/14/2025
CUST9023,Christopher Farrell,williamsamanda@hotmail.com,9694968476,"Unit 2510 Box 4009, DPO AE 34217",3/9/2000,Technician,Retail,Event,SMS,114378.65,4/26/2024
CUST9436,Dennis Moore,ewilliams@hotmail.com,004-769-5577x457,"377 Bradley Expressway, Klinehaven, OR 51495",12/14/2006,Director,Technology,N/A,SMS,72993.36,3/30/2025
CUST9517,Marcus Riddle,martinpatrick@smith.com,001-793-994-8789x5312,"153 Jane Port, Johnsonview, OR 22962",9/26/2003,Engineer,Healthcare,Email Campaign,Phone,67873.35,8/4/2024
CUST8954,Colton Smith,millerjeremy@robertson.com,322-502-8692x4501,"USNS Kennedy, FPO AE 29925",7/19/1995,Director,Retail,Referral,Email,60246.05,2/14/2025
CUST8908,Benjamin Bridges,robertbrown@yahoo.com,199.912.4228,"3640 Sherry Bypass, Annstad, MI 33789",10/5/2006,Engineer,Retail,Unknown,Email,126864.8,5/14/2024
CUST5144,Sylvia Berger,raychristopher@yahoo.com,001-737-799-1100x524,"356 Smith Courts Suite 533, Grimesshire, MN 69726",5/20/1996,Technician,Retail,Referral,SMS,142998.42,1/22/2025
CUST1956,Linda Mendoza,jamesmichelle@hotmail.com,555.255.3113,"680 Mendoza Fields Apt. 579, North Joseview, GA 30522",11/29/1969,Analyst,Finance,Referral,,122525.67,4/25/2024
CUST6818,Amanda Burton,nealjoseph@russell.net,538.932.2158x8914,"93756 Destiny Harbor Suite 585, Port Michael, MN 06970",2/26/1961,Technician,Education,Social Media,Phone,58198.3,7/30/2024
CUST4360,Angela Cummings,mcgrathdavid@hotmail.com,861-572-4648x863,"129 Christensen Via, West Michael, LA 80187",1/1/2005,Engineer,Technology,Website,,69045.25,4/10/2025
CUST4052,Kevin Cervantes,lisajohnson@yahoo.com,974.444.4579x1166,"536 Ellis Key Apt. 194, South Elizabethville, DC 81367",4/12/1963,Analyst,Education,Event,Email,120364.8,10/10/2024
CUST7940,Frank Gonzalez,cunninghambryan@gmail.com,905.952.1923,"USCGC Cross, FPO AP 76182",2/20/1959,Engineer,Education,Referral,Phone,127954.03,2/25/2025
CUST8301,Kevin Fisher,invalid_email@,93104011,"7414 Tara Roads Suite 134, Port Rick, MN 04684",2/28/2002,Analyst,Technology,Referral,,99312.38,8/14/2024
CUST5106,Michael Martin,nicolewright@gmail.com,001-142-627-8583x2200,"64616 Ryan Circle Suite 217, West Oscarville, ND 47679",12/28/1971,Engineer,Technology,N/A,SMS,24880.33,12/23/2024
CUST9496,Thomas Smith,matadavid@farrell.biz,728.553.5045x14963,"124 Sanders Flat Apt. 773, Simsfurt, KY 30801",6/13/1968,Technician,Finance,Unknown,SMS,51046.22,3/9/2025
CUST1177,Dana Murillo,tammyrios@hotmail.com,(372)900-4244x693,"18874 Kevin Haven Suite 981, Blanchardside, NH 34517",9/28/1989,Manager,Education,Referral,SMS,96325.8,12/9/2024
CUST2093,Brianna Alexander,benjaminramirez@yahoo.com,349.043.4341x96148,"457 Mcgrath Knolls, New Josephmouth, MO 74056",10/2/1973,Engineer,Retail,N/A,Phone,124871.65,12/20/2024
CUST9223,Anthony Anderson,hmason@gmail.com,001-690-081-4525,"99657 Joshua Square Suite 207, Alanside, NC 24582",10/28/1962,Engineer,Finance,N/A,,88407.48,10/11/2024
CUST8234,Krista Sanchez,johnhall@jackson.org,001-378-347-7912x953,"63513 Keith Ville, Beasleyhaven, CT 40502",11/30/1981,Engineer,Manufacturing,Website,Phone,51342.52,2/25/2025
CUST7346,Chelsey Mclaughlin,xbrown@bender-rodriguez.info,606.761.1968,"Unit 3445 Box 4422, DPO AP 30825",12/17/1985,Technician,Technology,Referral,,48181.69,8/9/2024
CUST8957,Courtney Johnson,omar91@horton-hunt.com,450-871-6606x883,"629 Nichols Common Suite 686, Shannonstad, HI 42913",8/21/1976,Technician,Education,Referral,Email,134709.76,7/5/2024
CUST6276,Dana White,joshuacamacho@thornton-hernandez.info,+1-243-579-7557x43252,"62860 Frey Plains Apt. 461, West Danielmouth, FL 28436",1/6/1981,Technician,Finance,Website,,118591.79,2/1/2025
CUST9420,Matthew Robinson,fbrown@gmail.com,774986173,"8504 Kathleen Forge, East Jesse, IN 81007",10/29/1986,Consultant,Finance,Email Campaign,,121258.73,1/11/2025
CUST9368,Patrick Holmes,erikamckinney@walter.com,9306504543,"5091 Hodges Park Apt. 653, Davidfort, CO 43472",3/20/1992,Director,Finance,Website,Phone,-6261,4/17/2025
CUST2355,Rebecca Ellis,iwebb@park-griffin.com,(515)853-7082x07389,"26847 Campos Branch, Port Rebeccaton, MN 05183",10/1/1999,Engineer,Manufacturing,Website,SMS,121222.29,10/3/2024
CUST5001###,Michael Reeves,lisagibbs@holland-esparza.net,001-158-038-6575x4226,"USNV Harrison, FPO AA 44381",4/4/1969,Director,Healthcare,Unknown,Email,51770.16,12/5/2024
CUST6331,Kimberly Hughes,ryan95@gmail.com,367.988.9164x421,"32725 Morgan Union, North Erin, DC 10979",4/27/2005,Analyst,Retail,N/A,,54305.33,6/13/2024
CUST1472,Jasmine Martinez,harveyjill@armstrong.biz,001-482-501-7193x09687,"0053 Cox Lodge, South Amybury, MN 66618",2/16/1972,Director,Finance,N/A,,139167.38,12/11/2024
CUST4255,Sean Hunter,joel74@robinson.com,318-273-4635x6274,"223 James Shore Apt. 597, Ericview, KS 83511",7/26/1968,Technician,Healthcare,Email Campaign,SMS,99266.54,9/13/2024
CUST5346,Mr. Joshua Cunningham MD,taylor40@valdez-hernandez.com,001-542-148-8434x0962,"13670 Steven Points Suite 707, East Caleb, WV 45547",10/29/1989,Manager,Finance,Website,SMS,98479.88,10/27/2024
CUST2754,Joseph Ellison,eporter@barrett.com,001-918-453-4536x95091,"7878 Jennifer Run Suite 320, Adamberg, HI 23886",11/13/1963,Director,Technology,Unknown,SMS,34151.3,9/8/2024
CUST1859,Victoria Merritt,mendozadevin@vasquez.net,(592)334-4137x261,"8203 Destiny Cliff Suite 545, Johnmouth, WY 44131",4/11/1983,Manager,Healthcare,Email Campaign,,64583.54,2/27/2025
CUST7583,Charles Williams,wilsonjames@knight-davis.net,259.648.5226,"949 Thompson Trail, Port Christophertown, TN 10124",2026-15-45,Director,Healthcare,Unknown,,45311.77,6/26/2024
CUST5805,Vanessa Scott,sandra36@hotmail.com,(841)017-0064,"18629 Eaton Knolls, East Brettborough, OR 38228",10/6/1998,Manager,Healthcare,Event,Phone,29555.2,11/25/2024
CUST1622,Richard Valdez,nicolas94@yahoo.com,(889)825-9660,"27466 Michael Loaf Apt. 110, Robinsonland, AR 90099",12/11/1963,Analyst,Education,Social Media,,29976.8,12/24/2024
CUST2728,William Rose,robert37@hotmail.com,136-178-6712x25626,"03041 Santana Glens Suite 692, Robertberg, SC 91407",6/23/1976,Engineer,Technology,N/A,SMS,36906.82,1/18/2025
CUST5905,Debra Lee,jacob21@miller.info,3856401175,"666 Miller Bypass, New Christopher, CT 88940",3/9/1996,Consultant,Technology,Website,SMS,101962.13,11/25/2024
CUST6957,Jacob Garcia DDS,droberts@yahoo.com,940.457.8412x957,"44059 Conner Field Suite 310, Lake Erica, IL 15463",3/27/1994,Manager,Retail,Email Campaign,,76598.26,3/5/2025
CUST8794,Aaron Mooney,wellsrachel@gmail.com,745.239.1021x3186,"15677 Michael Pines Apt. 924, South Carla, OH 33187",9/22/1957,Engineer,Manufacturing,N/A,Email,35146.64,12/11/2024
CUST5209,Patrick Oneill,mary57@gmail.com,983.152.5401x3589,"31684 Foley Centers, Rachelmouth, NH 88298",9/8/2006,Consultant,Finance,Website,Phone,133727.78,2/25/2025
CUST3124,Amy Parks,pperez@houston-rodriguez.net,939-455-0327x8704,"637 Blake Lodge Apt. 034, West Cameronborough, SD 30360",12/2/2003,Director,Healthcare,Social Media,,71717.94,2/5/2025
CUST4327,Kim Schroeder,buchanananthony@wolfe.com,(880)101-6240x66421,"Unit 9874 Box 9773, DPO AE 64823",7/6/1975,Engineer,Finance,Email Campaign,Phone,109038.05,3/10/2025
CUST2839,Victor Fuentes,margaretwilliams@tanner.com,130-909-7505,"083 Wood Isle Suite 428, Port Brent, RI 42785",10/12/1969,Analyst,Technology,Referral,Email,143862.27,1/11/2025
CUST2749,Steven Sanders,davisdavid@middleton-byrd.com,056-261-2187x559,"138 Christopher Ford Suite 402, Blakeport, OK 72493",3/28/1989,Analyst,Education,Social Media,Email,126261.7,2/2/2025
CUST4376,Dana Young,stoutdonald@hotmail.com,(863)226-9916x932,"18678 Richardson Crossing Suite 935, New Justinside, MT 97092",3/15/1993,Director,Healthcare,Email Campaign,Email,83100.2,11/8/2024
CUST9377,Carolyn Garcia,wesleywilkins@hotmail.com,5293459938,"USCGC Walker, FPO AA 65393",2/20/2007,Consultant,Manufacturing,N/A,Phone,100753.23,10/13/2024
CUST3415,Vanessa Ortiz MD,tjennings@smith.net,419.883.5406x535,"0184 Sosa Trail Suite 474, Bowmanshire, OR 29784",3/3/1985,Analyst,Education,N/A,Email,35057.71,11/27/2024
CUST5516,Kevin Wilson,fduncan@evans.info,9877155263,"90970 Rebecca Mountains, Connerburgh, TN 66820",7/22/1974,Director,Finance,Unknown,,121431.62,2/22/2025
CUST4483,Denise Miller,jacksonveronica@reed.com,352.016.5876,"7791 Smith Common Suite 129, Fieldsview, NM 30307",12/30/1965,Analyst,Healthcare,Email Campaign,Phone,72969.44,2/13/2025
CUST2638,Marcus Aguirre,cwhite@gmail.com,-2900,"48044 Patrick Underpass Apt. 153, Bakermouth, VT 64334",1/21/1987,Manager,Technology,Social Media,Email,26942.04,8/14/2024
CUST9900,Katie Newton,clewis@ramirez.net,-8958,"049 Ryan Turnpike Suite 502, South Danielport, NC 06783",6/5/1997,Analyst,Retail,N/A,Email,98738.67,5/1/2024
CUST8248,Stephanie Bowen,uliu@williams-shea.com,182-943-2375,Unknown,12/10/1960,Director,Education,Event,Email,124427.25,2/6/2025
CUST9187,David Cooper,christopherfranco@hunt.com,(539)408-5371x844,"186 Brandon Light Apt. 667, Port Peggy, CO 07542",10/7/1967,Director,Healthcare,Website,,148946.23,6/13/2024
CUST5442,Michelle Jones,salazarchris@yahoo.com,+1-729-416-1839x2948,"386 Nelson Mission Suite 859, Lake Ernestbury, OH 75358",8/22/1990,Manager,Retail,Unknown,,119661.7,2/25/2025
CUST6080,Scott Smith,mckenzie43@brown.com,087.755.2338x202,"913 Thomas Highway Suite 823, Liville, NE 01577",11/25/1968,Consultant,Technology,Social Media,,31655.11,3/1/2025
CUST8658,Danielle Murillo,mgilbert@yahoo.com,290.032.8754,"07485 Rebecca Neck, Gallagherberg, IL 67133",2/25/1994,Analyst,Healthcare,Event,SMS,95306.35,12/2/2024
CUST4688,Jacqueline Hernandez,veronica72@yahoo.com,001-677-264-4543x25549,"USNS Shaw, FPO AE 52723",12/28/1980,Director,Healthcare,Referral,SMS,93494.18,5/26/2024
CUST5626,Gregory Anderson,hawkinsdebra@yahoo.com,(649)965-0332,"31101 Laura Fords, Tylerchester, VA 53753",9/3/2000,Engineer,Manufacturing,Social Media,Phone,143927.5,5/29/2024
CUST2364,Mark Garrett,lellis@yahoo.com,001-035-473-9015,"594 Peggy Underpass, Ramirezmouth, AR 43881",1/3/1994,Engineer,Healthcare,Unknown,Phone,58276.12,1/9/2025
CUST4727,Mr. Steven Hernandez MD,ymiller@yahoo.com,521.766.9536x960,"466 Chambers Park Apt. 706, New Kathrynberg, NM 03156",4/28/2005,Consultant,Retail,Event,Email,73016.48,3/14/2025
CUST9966,James Steele,eguzman@ramirez-ali.info,8751333624,"26601 Hall Ramp, Jamesbury, MO 82410",3/23/2003,Engineer,Manufacturing,Email Campaign,Phone,71739.19,9/24/2024
CUST5280,Carla Johnson,nmartinez@merritt.com,(346)345-4583x543,"49302 Wu Forge Apt. 075, West Michael, CO 01259",11/3/1976,Consultant,Retail,Website,,42608.9,1/20/2025
CUST8124,Deborah Hayden,lwoods@snow-roberts.com,001-321-543-8015x102,"26966 Antonio River, South Shelleybury, DC 61420",10/14/1958,Analyst,Manufacturing,N/A,Phone,87599.19,10/21/2024
CUST7539,Ariana Vega,rponce@hudson.net,001-130-540-1443,"56354 Pearson River Apt. 701, Pattersonchester, NE 28844",8/16/1998,Analyst,Technology,N/A,SMS,104524.65,10/7/2024
CUST1699,Tanya Davis,jprice@gmail.com,(058)903-8835x9628,"PSC 0855, Box 3323, APO AP 28992",9/14/1981,Manager,Technology,Event,Email,128676.26,10/25/2024
CUST1477,Nicole Bell,jasonarmstrong@clarke-baldwin.info,+1-000-784-5486x704,"6597 Robert Trace, Port Susan, VT 76085",10/5/1991,Engineer,Education,Email Campaign,Email,147607.75,5/17/2024
CUST1182,Vanessa Jefferson,wilsonjennifer@brown.com,+1-788-813-7964x340,"281 Monica Groves, Lake Brentchester, ME 62405",12/21/1955,Director,Manufacturing,Email Campaign,SMS,23892.19,10/7/2024
CUST5661,Jessica Lee,christinehines@flores.com,131-984-2869,"325 Price Courts Apt. 370, Stephensonhaven, OH 80951",12/30/1996,Consultant,Manufacturing,Unknown,SMS,90785.05,6/22/2024
CUST7506,Rebecca Weaver,camposandrea@gmail.com,001-348-791-1390x20988,"PSC 1045, Box 4420, APO AE 02633",4/30/1995,Consultant,Technology,Social Media,Email,121868.11,11/30/2024
CUST6549,Curtis Sexton,myersangela@serrano.com,(004)014-4540x27093,"USCGC Oliver, FPO AP 02662",5/26/1988,Director,Retail,Social Media,,101945.87,2/13/2025
CUST5610,David Eaton,isaac70@yahoo.com,(960)252-3692x31301,"978 Xavier Loop, Port David, CT 79274",9/12/1984,Engineer,Manufacturing,Email Campaign,,32772.86,5/23/2024
CUST6992,Chad Garcia,david65@haney-chavez.net,001-375-296-9244x4090,"3217 James Ford Apt. 861, Port Angelashire, SC 32801",8/25/1958,Manager,Healthcare,Unknown,SMS,94295.91,9/9/2024
CUST7219,Lisa Richard,brenda52@gmail.com,(599)395-1973,"0164 Samuel Glens Apt. 810, West Amanda, IL 01302",10/15/1959,Engineer,Education,Unknown,Phone,121038.42,1/27/2025
CUST9423,Joshua Miller,jenna74@simmons.com,(155)206-6693,"934 Victoria Canyon Apt. 664, Jenkinsside, CT 81568",6/1/1995,Director,Healthcare,Referral,SMS,130469.26,8/16/2024
CUST4380,Scott Greer,kwilliams@mcgee.com,-6551,"70232 Diane Park Apt. 004, East Nicholas, UT 64667",4/6/1984,Technician,Finance,Unknown,Email,128228.9,4/24/2025
CUST2480,Lauren Hoffman,annamcneil@gmail.com,(871)213-2859,"217 Peter Cliffs, Jamesmouth, CO 40281",4/6/1980,Consultant,Healthcare,Website,Email,106803.12,5/3/2024
CUST1801,Sean Edwards DDS,shawtim@hotmail.com,001-084-521-1603x6423,"069 Brandon Light, Robertastad, NJ 57316",1/16/1964,Consultant,Manufacturing,Email Campaign,,28138.65,4/28/2024
CUST5605,Jessica Santos,aaronandersen@gmail.com,669-381-5211,"Unit 4921 Box 5904, DPO AA 80830",2/24/2003,Engineer,Retail,Event,Phone,29757.38,11/7/2024
CUST5465,Gary Thomas,judy86@yahoo.com,270.422.3840,"4163 Adrian Station, Chambersfort, FL 80195",6/29/1959,Manager,Manufacturing,Social Media,Email,26229.1,10/19/2024
CUST3844,Stephen Barron,walkerandrew@hotmail.com,8718186984,"73232 Hammond Rapids, East Ashley, MI 75177",4/27/1988,Consultant,Manufacturing,Website,SMS,30413.58,8/15/2024
CUST9738,Emily Wilson,henrytorres@morton-combs.com,1507639435,"00421 Morris Knolls, Jennifermouth, VA 56491",3/13/1998,Director,Finance,Unknown,SMS,27062.06,4/5/2025
CUST5604,Amanda Stewart,walkerkyle@gmail.com,-8054,"1848 Anthony Stravenue, New Vincent, AK 97989",5/30/2005,Manager,Technology,Event,Phone,133339.28,12/30/2024
CUST3186,Jordan Mathews PhD,fellis@hotmail.com,+1-631-774-4734x92598,"043 Donna Mill Apt. 547, Hunterbury, CT 39764",8/28/2001,Technician,Retail,N/A,Phone,26538.89,9/19/2024
CUST3900,Amanda Chen,scannon@church-watts.info,3810225781,"7356 Gina Path Apt. 737, North Michelleshire, GA 30123",12/22/2005,Manager,Technology,Social Media,SMS,22186.33,3/23/2025
CUST6990,Michelle Ali,qdouglas@yahoo.com,766.685.5138x615,"225 Robert Motorway, New Waynefort, MD 45711",4/23/1961,Consultant,Retail,Event,SMS,70795.94,2/14/2025
CUST9409,Laura Tran,carl15@yahoo.com,(516)619-1648,"363 Garcia Flat Suite 314, Chungport, UT 74632",6/8/1986,Technician,Retail,Referral,,119185.63,1/26/2025
CUST1718,Justin Holder,reyeskyle@gillespie-black.info,(568)328-2175,"744 Nicholas Knoll Apt. 561, Zimmermanside, PA 68401",9/19/1985,Technician,Healthcare,Event,Phone,64791.56,6/9/2024
CUST3914,Erin Mendoza,patricksharp@cooper.org,001-781-344-6769x09038,"570 Kenneth Isle Suite 800, Summerburgh, CT 32354",11/9/1964,Engineer,Technology,Unknown,,114248.46,8/30/2024
CUST3153,John Mccarty,leeroger@moody.com,5610829761,"PSC 2704, Box 0017, APO AE 68125",11/24/1982,Consultant,Finance,Referral,Email,119984.71,1/2/2025
CUST2460,Donna Barr,ftaylor@gmail.com,511-513-5127x95929,"Unit 9405 Box 7753, DPO AE 91678",3/16/1995,Engineer,Retail,Event,SMS,28730.55,12/3/2024
CUST7240,David Smith,xscott@hotmail.com,544.473.7805x432,"574 Daniel Street, Davidberg, NY 55602",6/18/1987,Manager,Healthcare,Email Campaign,Phone,31594.29,11/3/2024
CUST6133,Robert Cummings,daniel96@gmail.com,###-###-####,"PSC 9209, Box 7482, APO AP 54976",12/6/1963,Analyst,Education,N/A,Phone,46340.41,9/4/2024
CUST1090,Gabriel Peterson,nicolegarrett@gmail.com,020-955-3770,"08730 Hall Isle Apt. 028, Johnsonview, MT 06269",8/27/1987,Engineer,Retail,Event,Email,80353.15,1/1/2025
CUST8971,Thomas Haynes,meyerwilliam@gmail.com,843.072.9548x94042,"7545 Justin Mills, South Lauren, RI 24411",2/20/1957,Manager,Technology,Website,Email,98380.53,8/21/2024
CUST3852,Angela Bailey,wholder@dodson-montgomery.com,638.138.8600x739,"4147 Evans Green, South Nicholasborough, ME 02199",12/4/1961,Consultant,Finance,Referral,,50936.49,7/31/2024
CUST2320,Erica Dudley,sharon49@hotmail.com,206.413.2702,"156 Navarro Plain, Lake Mark, MA 54005",8/23/1967,Technician,Education,Referral,,84447.25,7/29/2024
CUST9368,Michelle Evans,michaelford@yahoo.com,(446)279-0406x2794,"3474 Underwood Drives Apt. 440, West Kimberly, NM 67123",6/21/1955,Analyst,Retail,Website,Phone,48372.98,2/26/2025
CUST2842,Robert Scott,brooke78@yahoo.com,239-463-3138x3202,"2641 Jeffery Tunnel, Lake Jeremy, KY 76295",5/18/1995,Technician,Manufacturing,Social Media,SMS,54397.83,1/31/2025
CUST6451,Jacqueline Sanford,uwilliams@gmail.com,+1-519-467-9333x709,"418 Ashley Trafficway Suite 684, Alyssafort, MN 03594",1/29/1971,Technician,Healthcare,Unknown,SMS,26212.13,1/28/2025
CUST9453,Faith Reyes,qfields@gmail.com,(424)700-0960x3530,"528 David Plaza, Lake Jacksonburgh, NH 22058",3/2/1976,Analyst,Manufacturing,Website,Email,76050.77,2/23/2025
CUST2438,Brian Bryan,wschroeder@klein-duncan.net,(611)527-5616,"USNV Logan, FPO AE 52506",10/29/1973,Engineer,Healthcare,Email Campaign,Phone,108666.34,9/29/2024
CUST6934,Andrea White,invalid_email@,+1-542-288-1164x896,"1985 Barrera Terrace Suite 990, Austinview, NM 68590",7/22/2001,Consultant,Retail,Event,Email,140598.91,11/11/2024
CUST8846,Angela Smith,jeremybender@yahoo.com,613.327.3047x227,"614 Wang Neck Suite 044, Smithmouth, MI 35383",1/9/1976,Technician,Retail,N/A,Phone,138972.17,6/14/2024
CUST1631,John Powell,tmanning@pena.net,378-617-1693x399,"PSC 5221, Box 7682, APO AA 74700",1/25/1975,Engineer,Healthcare,N/A,Email,134163.59,7/10/2024
CUST4351,Caleb Price,brownmary@weaver.net,(969)507-1959x5995,"09321 Amber Shoals, Maldonadoville, HI 00628",1/16/2001,Director,Healthcare,Website,Phone,53942.79,4/25/2024
CUST9131,Justin Santana,csalazar@bailey-zimmerman.net,058-477-0036x11234,"66696 Andrew Viaduct, Frankport, NM 83658",7/27/1974,Manager,Manufacturing,Event,SMS,115491.24,12/12/2024
CUST5426,Larry Bentley,elopez@gray-leon.com,883-640-3111x08820,"504 Wilson Road Apt. 692, East Sherri, NV 47467",4/26/1974,Technician,Technology,Event,,50402.39,7/4/2024
CUST1846,Jorge Quinn,clinton35@perez.com,395.762.6601x8670,"PSC 8620, Box 6972, APO AA 02302",10/10/1998,Manager,Manufacturing,Referral,Email,130249.89,9/19/2024
CUST3555,Kristie Miller,john31@lopez.com,586.293.9523x8131,"455 Amy Turnpike, Velezberg, VT 51881",2/8/1968,Director,Technology,Social Media,,23790.4,2/22/2025
CUST2394,Richard Alvarez,davidbeard@gmail.com,+1-899-225-9095x6490,"2309 Bowman Islands Apt. 312, Amyport, LA 85417",8/4/1994,Director,Retail,N/A,Email,84067.39,11/29/2024
CUST5657,John Fitzgerald,mariacalderon@yahoo.com,261.435.8091x81207,"98458 Michelle Expressway, Jameshaven, IA 20609",2/25/1973,Director,Manufacturing,N/A,,72361.58,12/9/2024
CUST2800,Mary Gomez,mckaypaul@davis.com,580.932.8041x459,"2430 Casey Lodge, South Luis, IN 84817",10/28/2006,Consultant,Retail,N/A,Email,72345.71,12/26/2024
CUST7019,Robert Lopez,alanwilkerson@hotmail.com,181.945.5203,"07734 Jennifer Canyon Apt. 990, Kurtshire, ID 04046",11/7/1957,Manager,Retail,Event,Phone,131813.14,9/1/2024
CUST9830,Emma Nash,derrickknapp@rogers.com,(186)946-7041,"Unit 8090 Box 9385, DPO AE 78846",3/30/1965,Analyst,Finance,Email Campaign,Phone,30965.83,3/22/2025
CUST3320,Melanie Bell,hickstyler@yahoo.com,709-238-0245,"628 Michael Track, New Mary, IL 92062",2/14/1976,Manager,Healthcare,N/A,SMS,62625.78,4/7/2025
CUST5768,Jamie Meyer,anthony05@miller.com,206-915-9632x544,"858 Tucker Mills Suite 052, Branchburgh, NE 62673",8/8/1972,Engineer,Retail,N/A,SMS,21928.18,10/17/2024
CUST6275,Jasmine Chambers,gallowaygary@yahoo.com,(244)260-7359x91623,"PSC 9166, Box 7922, APO AE 56252",12/24/1970,Director,Retail,Website,SMS,72641.51,2/16/2025
CUST5287,Anthony Trevino,troy06@hotmail.com,-2783,"46496 Morris Gardens, East Micheleburgh, GA 43581",7/4/1999,Technician,Finance,Event,Phone,29457.93,1/27/2025
CUST5224,Casey Morris,urios@cole-lee.org,+1-490-568-9743x3730,"PSC 0546, Box 2269, APO AA 69950",4/9/1958,Manager,Education,Event,,145959.15,12/19/2024
CUST5133,Brian Riley,currycharles@guerrero.info,884.801.2645x77618,"88763 Coleman Canyon Suite 364, Porterburgh, DC 87793",3/11/1982,Director,Finance,Event,SMS,50578.49,3/31/2025
CUST6937,Carol Farrell,arnoldadriana@hotmail.com,427-521-9116,"16029 Anna Fields, Robertfurt, NE 60300",11/24/1969,Director,Manufacturing,Social Media,Email,143901.3,6/27/2024
CUST4648,Victor Hardin,edavis@hotmail.com,076-655-6701x50946,"4162 Smith Ford, East Sean, RI 91537",8/19/1964,Engineer,Education,Unknown,Email,143682,10/5/2024
CUST8231,Sean Huerta,lisaorozco@hotmail.com,+1-264-258-8982x75255,"36008 Jose Row, New Evan, AR 58676",9/5/1995,Technician,Healthcare,N/A,,146751.21,6/3/2024
CUST6577,Dustin Carpenter,betty79@hotmail.com,449.475.0815x5701,"728 Jason Ford Apt. 549, New Riley, OK 68295",7/5/1970,Technician,Technology,Social Media,SMS,104288.19,10/24/2024
CUST1616,Lori Huber,mdavidson@robinson.com,7737146168,"32251 Kemp Inlet, Wilsonton, FL 71474",11/5/1962,Director,Education,Unknown,Email,104145.2,9/27/2024
CUST1059,Jeremy Andrews,daniel17@gmail.com,955.405.6689,"497 Williams Drive Apt. 915, East Jonathanshire, NE 22005",4/4/1973,Analyst,Retail,N/A,,145115.9,1/31/2025
CUST7868,Amy Bryant,zharrell@jones.com,001-232-486-5874x4960,"23048 Foster Isle Apt. 523, Kyletown, IL 58791",7/26/1959,Engineer,Technology,N/A,,31916.54,12/14/2024
CUST9177,Gary Johnston,ethanmiller@hotmail.com,974-745-5768x09247,"USNS Collier, FPO AE 05681",6/2/1958,Manager,Manufacturing,Email Campaign,,70764.5,6/2/2024
CUST3524,Veronica Morgan,larry74@hotmail.com,+1-880-262-4115x35840,"59046 Melissa Drive, Gabrielleside, DE 09874",3/29/1976,Director,Technology,Referral,Email,141407.57,7/30/2024
CUST3764,Stephanie Anderson,joshuawilcox@walker.com,882-085-6758x8840,"8081 Mason River Suite 654, North Anthonyville, ND 04715",6/4/1997,Analyst,Retail,Unknown,Email,145258.07,5/26/2024
CUST3460,Alejandra Keller,carrie65@gmail.com,644.719.4540x57004,"619 Wheeler Dam Suite 160, Brewershire, LA 62946",6/14/1965,Technician,Technology,N/A,,84336.77,11/15/2024
CUST2262,Janet Vaughan MD,gabrielle83@hotmail.com,001-885-565-1064x744,"327 Hernandez Divide Suite 299, East Corey, MN 72506",4/22/1989,Consultant,Retail,Event,Phone,131413.09,11/14/2024
CUST7781,Jody Whitehead,emiller@gmail.com,(960)688-8612x55817,"0314 Williams Spur, Port Daniel, IL 12298",4/25/1965,Consultant,Manufacturing,Email Campaign,Phone,128815.85,2/4/2025
CUST9084,Barbara Hicks,rachelcox@gmail.com,+1-826-492-0374x962,"011 Kyle Views Apt. 675, East Kaylaland, NH 37044",11/5/1989,Analyst,Manufacturing,Event,Phone,84207.93,9/8/2024
CUST8840,Earl Kent,ccarter@melendez.com,(873)278-8969,"97517 Flowers Court, Williamsside, MO 38879",1/21/1988,Engineer,Technology,Event,SMS,108603.16,4/15/2025
CUST3685,Martin Sanders,ywhite@liu.biz,1216661161,"41351 Harris Parkways, Justinbury, ID 88020",6/23/1970,Consultant,Technology,Referral,Phone,67928.52,12/31/2050
CUST5973,Leonard Wood PhD,invalid_email@,(754)016-5975,"0732 Brandt Corners, Allenport, MD 97512",3/22/1976,Analyst,Finance,N/A,SMS,118223.73,3/14/2025
CUST3308,David Banks,sanchezkimberly@yahoo.com,528.861.7932x9665,"05220 Kelly Mill Apt. 903, North Lindabury, UT 12507",1/3/1978,Consultant,Technology,Event,SMS,109129.61,11/28/2024
CUST6071,Abigail Holloway,onealchristopher@shannon.com,630.517.1003x44999,"5291 Morgan Vista Apt. 844, Lauraton, MS 39476",11/25/1988,Engineer,Finance,N/A,Email,41829.56,7/5/2024
CUST1565,Tyler Hernandez,psexton@washington-hogan.com,(847)879-3321,"808 Karen Estates, Ricardomouth, ND 81429",4/24/1964,Manager,Technology,Social Media,SMS,54881.92,9/8/2024
CUST9001,Brittany Smith,alexandrajones@hotmail.com,899-170-7517,"715 Samantha River Suite 233, Ashleyview, DE 09525",10/8/1957,Director,Retail,Email Campaign,,45493.94,5/6/2024
CUST5521,David Hill,sheila70@gmail.com,###-###-####,"280 Lester Crossing, Leslieberg, MD 85909",4/19/1998,Director,Education,Referral,Phone,102413.37,11/7/2024
CUST2107,Elizabeth Waller,aaronmartinez@hotmail.com,564.070.4192x425,"4353 Luna Plains, East Rachaeltown, MI 53940",3/16/1993,Technician,Manufacturing,N/A,SMS,122639.56,11/3/2024
CUST1689,Victoria Mendez,cisnerosjonathan@patel-gibson.net,(402)813-4817,"05864 Jose Rapid, South Randall, NE 28909",12/24/1976,Manager,Manufacturing,Event,Email,64224.19,8/28/2024
CUST4228,Tara Hill,judith24@andrews.com,(015)316-6247x23254,"2228 Melanie Shoal Apt. 802, Port Levi, MD 63664",10/10/1972,Analyst,Finance,N/A,SMS,44258.23,11/6/2024
CUST4512,Robert Santos,margaretjohnson@hotmail.com,001-315-105-6963x125,"PSC 6428, Box 5466, APO AP 79129",9/3/1993,Technician,Retail,Referral,SMS,70579.95,5/17/2024
CUST4862,Karl Martin,vluna@gmail.com,(260)397-5006x09970,"1770 Phillip Trail Apt. 232, Jenniferton, WV 05299",7/24/1959,Manager,Retail,Event,Phone,132883.46,10/5/2024
CUST5041,Shelby Cox DDS,hmartinez@johnson.biz,8372116482,"60810 Campbell Rue, West Alyssa, CT 27186",7/3/1966,Analyst,Manufacturing,Event,SMS,33288.69,11/13/2024
CUST9631,Samantha Schultz,phillipsstacy@hotmail.com,(631)628-7778x48913,"52544 William Loaf, Lake Ronald, NE 11886",9/2/1959,Engineer,Manufacturing,N/A,,68000.09,12/12/2024
CUST4121,Charlene Griffith,robertharris@ramirez.com,001-599-604-3506x4407,"4091 Hale Green, Jonesfurt, IL 09147",7/7/1960,Technician,Retail,Event,SMS,144313.67,1/3/2025
CUST4398,Ashley Terrell,christian98@smith.com,552.090.0818x7791,"12894 Smith Curve Apt. 234, South Robertton, NV 16551",6/29/1981,Analyst,Finance,Event,SMS,118278.43,9/12/2024
CUST3118,Steven Mays Jr.,gonzaleschad@mccall-lozano.info,7432133774,"3700 Hill Flat Apt. 234, Edwardschester, MA 20685",4/14/1975,Analyst,Education,Referral,Email,45240.74,8/25/2024
CUST7764,Debra Cochran,meyerlaura@yahoo.com,001-958-920-8045x98175,"71821 Joe Estates Apt. 448, Allenmouth, UT 25552",4/3/1981,Director,Finance,N/A,Email,140421.42,4/14/2025
CUST2113,Julie Rodriguez,hayleyrodriguez@collins-lewis.net,001-030-893-8406x4491,"88619 Jefferson Views Suite 652, Quinnmouth, AK 44050",6/28/1970,Consultant,Manufacturing,Email Campaign,Phone,26095.68,11/16/2024
CUST4528,Robert Jones,lorijohnson@krueger.biz,001-519-891-2545x458,"310 Duran Lakes Apt. 412, Timothyview, WI 48341",4/19/1964,Technician,Education,Event,Phone,54987.39,10/7/2024
CUST6808,Jeffery Rose,renee75@clark-robinson.com,237-702-1929x6355,"Unit 5532 Box 4940, DPO AE 71544",10/26/1988,Engineer,Education,Referral,,59985.46,4/3/2025
CUST2179,Shirley Reynolds,wbarnes@moss-vasquez.info,011.907.2400,"679 David Fords Suite 476, Snydermouth, AL 64949",2/27/1998,Analyst,Retail,Website,SMS,127587.91,7/10/2024
CUST5147,Christopher Parker,pserrano@gmail.com,(653)965-2134x1122,"0328 Kara Plains, New Dennis, WV 82486",10/19/2006,Engineer,Healthcare,N/A,Phone,67594.32,1/15/2025
CUST3262,Mandy Taylor,danielle78@hotmail.com,946-582-3087x58898,"008 Pollard Lodge Suite 722, New Kelly, NE 31695",6/7/1990,Consultant,Retail,N/A,Email,50959.35,8/24/2024
CUST6038,David Fernandez,jhaas@yahoo.com,001-348-968-2721x40647,"8227 Tracy Points, Port Lindsayborough, GA 63477",10/9/1966,Consultant,Education,Website,Email,144774.03,5/5/2024
CUST8725,William Juarez,willie25@gmail.com,9137617723,"30925 Lisa Stream, Port Christinastad, NJ 46915",4/14/1958,Manager,Technology,Unknown,Email,56852.24,1/8/2025
CUST7068,Christopher Baker,quinnwilliam@neal.biz,+1-184-831-1430x4237,"USS Lynch, FPO AA 32594",1/25/1984,Engineer,Education,Referral,,69781.21,11/13/2024
CUST5336,Jessica Bennett,cunninghamjill@mcclure-valenzuela.com,642.173.1199x7298,"77802 Stephanie Falls, New Kelly, RI 65161",12/1/2004,Engineer,Technology,Event,,92993.13,10/15/2024
CUST5668,Andrew Miller,brandy48@gmail.com,(973)524-4947,"3907 Alicia Shoals Suite 372, Padillahaven, WV 15346",1/20/1968,Technician,Healthcare,Unknown,,20874.45,5/11/2024
CUST9162,Alexander Johnson,mdunn@hotmail.com,062.240.8191x273,"735 Banks Plaza, South Jason, AR 62143",2/6/2003,Manager,Healthcare,Unknown,SMS,72285.17,4/26/2024
CUST1654,Phyllis Li,griffithraymond@gmail.com,294-338-0902x0535,"4712 Ethan Glens Suite 876, Markside, NC 56860",12/22/1989,Analyst,Manufacturing,Unknown,,74090.8,5/27/2024
CUST7022,Ryan Pineda,youngderrick@hotmail.com,984.797.5483x944,"9204 Troy Trail, Mistymouth, OH 13701",1/13/1995,Director,Manufacturing,Email Campaign,,90058.94,10/12/2024
CUST5522,Mark Rivera,samantha84@russo.com,001-683-632-0926x0930,"07004 Hernandez Ferry Apt. 887, Susanborough, NY 63306",8/31/1993,Analyst,Healthcare,Referral,,111793.21,10/3/2024
CUST6843,David Butler,shelbydavidson@yahoo.com,+1-210-394-9323x5418,"99086 Barnett Green, Mackborough, MN 54453",1/18/1995,Analyst,Technology,N/A,SMS,90375.43,6/27/2024
CUST5428,Christine Gross,bburns@evans.com,(065)340-6120x9263,"182 Cooper Oval Suite 136, Mccarthychester, NH 08835",1/7/1994,Technician,Manufacturing,Email Campaign,SMS,123558.32,10/30/2024
CUST2443,Philip Kline,lewisrobert@gmail.com,8715854341,"55200 Heather Brooks Suite 774, Sandrastad, KY 97413",7/13/1962,Technician,Manufacturing,Social Media,Phone,85264.05,11/10/2024
CUST9494,Matthew Webb,deleonsusan@moreno.com,792.123.9232,"43492 Elizabeth Estates Suite 263, Thomasbury, TN 43626",6/9/1980,Director,Finance,Website,,148100.19,8/7/2024
CUST3749,Rebecca Evans,williamsstephanie@smith.com,501-517-8890x02797,"9766 Troy Square, North Heidi, RI 70374",12/27/2005,Manager,Finance,Website,Email,40272.61,7/6/2024
CUST4847,Ryan Allen,sean33@hotmail.com,013-847-5837x6801,"39564 Christensen Spring, Port Donna, DE 05770",1/8/1961,Analyst,Technology,Referral,Phone,29457.26,6/19/2024
CUST7561,Christopher Weaver,linda93@yahoo.com,+1-548-251-7176x221,"212 Melissa Forks Suite 742, Port Miguel, MN 20233",4/3/2006,Manager,Technology,Unknown,Email,123910.57,7/1/2024
CUST5618,Richard Santana,fosterraymond@hotmail.com,(913)861-7141,"62118 Delgado Roads Apt. 672, Lopezfort, PA 58824",7/19/1984,Engineer,Healthcare,Website,SMS,64190.87,1/14/2025
CUST5337,Leslie Lynch,rebeccamartin@leonard-mcdonald.net,858-834-0630,"309 Young Mall Suite 451, Georgeside, VT 89951",5/2/2004,Director,Healthcare,N/A,,92220.99,5/11/2024
CUST1100,John Acevedo,georgekevin@reeves.com,474-000-7251,"853 Johnson Springs, Lake Mark, OK 56354",8/5/1972,Technician,Finance,Social Media,SMS,56967.19,11/19/2024
CUST1852,Jason Sutton,delacruzjessica@lewis.net,280-984-9081,"82865 Stevenson Lakes Apt. 154, New Maria, UT 82079",8/25/1970,Director,Manufacturing,Email Campaign,,96236.36,12/14/2024
CUST3338,Ms. Angelica Barnes MD,rayjonathan@ward.org,001-986-283-2448x753,"USNV Jensen, FPO AA 22894",10/30/1955,Consultant,Healthcare,Email Campaign,Phone,74999.4,2/2/2025
CUST1735,Jennifer Conway,rdelacruz@schneider-phillips.biz,620.531.4086,"0489 Robert Harbors, West Matthew, FL 85124",9/9/1987,Consultant,Technology,Social Media,,39461.61,12/18/2024
CUST8734,Mrs. Carly Simon,qhines@hotmail.com,###-###-####,"USS Cervantes, FPO AA 38597",11/20/2000,Manager,Education,Unknown,Phone,139501.34,10/24/2024
CUST7269,Lauren Hernandez,alvaradosarah@fletcher.com,8466697410,Unknown,3/28/1987,Manager,Finance,Event,Phone,124700.02,5/4/2024
CUST2458,Andrew Wallace,hopkinsseth@pace.net,918-233-2932,"727 George Cove, South Kimberly, CT 71214",7/20/1969,Technician,Manufacturing,Unknown,Email,115816,5/5/2024
CUST6778,Cathy Graham,lori94@yahoo.com,834-259-4139x8496,"USS Green, FPO AP 64370",1/13/1986,Engineer,Healthcare,Referral,Phone,134226.32,10/15/2024
CUST3909,Luis Smith,nancy42@gmail.com,001-850-759-3171,"4893 Joseph Square Apt. 684, Monroehaven, NH 83684",2/9/2003,Engineer,Technology,Social Media,Email,27667.98,10/19/2024
CUST1978,Laurie Reid,rosalesivan@johnson.info,697.031.4383x4963,"Unit 2164 Box 0628, DPO AP 00973",10/29/1984,Engineer,Finance,Event,Phone,73997.84,3/6/2025
CUST3384,Bonnie Ortega,turnerdavid@hotmail.com,001-456-197-6600x66040,"5432 Jasmine Valleys, Conleyside, NE 51032",4/19/1992,Manager,Healthcare,N/A,,64850.92,12/16/2024
CUST7737,Nicole Young,douglas62@thompson.org,683-069-6543x39087,"Unit 7086 Box 1032, DPO AP 74217",8/28/1957,Manager,Retail,Email Campaign,Email,106470.45,7/26/2024
CUST9958,Eric Moyer,campbellpeter@roach-robinson.com,767-483-8884,"272 Timothy Mission, Port Marybury, TX 23644",9/6/1995,Manager,Education,Email Campaign,,61710.35,9/16/2024
CUST9202,Robin Holmes,reyessamantha@gmail.com,736.137.4328,"8092 Nixon Square, Clarkburgh, WV 23997",11/18/1970,Analyst,Manufacturing,N/A,SMS,82898.34,10/24/2024
CUST6248,Patricia Meza,anita51@flores.net,843-685-5997,"273 Vazquez Flat Suite 644, Sarahtown, LA 07759",1/1/2001,Manager,Manufacturing,Website,SMS,38517.95,1/4/2025
CUST9708,Charles Stone,farnold@hotmail.com,001-652-194-2235x25126,"11876 Joshua Parks, East Michaelfort, MS 25961",2/8/1962,Director,Technology,N/A,,69713.66,12/10/2024
CUST3689,Amanda Franco,dana28@fuentes-thomas.com,(691)814-4570x30078,"5321 Jacob Forks Apt. 878, Port Adrianview, RI 97153",12/21/1965,Director,Healthcare,N/A,Email,71024.42,8/12/2024
CUST7540,Vicki Jimenez,hayley55@ross.com,999.134.9742x07351,"557 Leon Locks, Maryview, VT 09907",11/27/1966,Manager,Technology,Email Campaign,Email,103904.64,1/5/2025
CUST5167,Charles Moreno,jday@salas.com,+1-163-722-8396x26757,"4906 Sharon Well Suite 895, Brianborough, TX 01937",12/9/1961,Engineer,Retail,N/A,Phone,45781.75,7/20/2024
CUST5954,Katherine Newman MD,oliviacarlson@rodriguez.com,659.072.6403x715,"56507 Timothy Neck, East Victoria, IA 84446",10/15/1954,Technician,Healthcare,Event,Phone,144369.83,8/30/2024
CUST8920,Brian Bowen,amber59@yahoo.com,001-164-657-6058,"51896 Taylor Knoll, Johnsonburgh, NV 41047",7/20/1974,Analyst,Healthcare,Referral,Phone,94964.25,9/16/2024
CUST1748,John King,allisonhill@rodriguez.com,(047)570-1818x956,"USCGC Parks, FPO AE 38633",1/20/2000,Director,Healthcare,N/A,,134602.63,2/24/2025
CUST7598,Catherine Shepherd,adkinsrachel@gmail.com,(546)690-8363,"368 Alexander Skyway Suite 003, Lake Javier, LA 61618",12/6/1991,Technician,Retail,Unknown,SMS,105442.12,3/15/2025
CUST6400,Ashley Long,oburns@gmail.com,(647)683-0737,"59822 Thomas Highway, North Mary, NJ 66744",3/19/1972,Engineer,Technology,Social Media,Phone,91907.73,5/14/2024
CUST1877,Donald Mitchell,andrewolson@adams.com,001-253-235-1869x3759,"71264 Dustin Mission Suite 054, Lake Mariaton, ID 61102",8/19/1995,Manager,Healthcare,Social Media,SMS,111321.13,7/3/2024
CUST6904,Adam Andrews,aschmitt@hotmail.com,436.559.7244,"185 Martin Port, Letown, CO 77036",12/7/1972,Director,Manufacturing,Referral,SMS,92272.74,7/23/2024
CUST8923,,christina89@gmail.com,-5461,"893 Edwin Lake Apt. 770, New Nicholas, OH 63117",10/19/1972,Analyst,Retail,Website,,114222.19,4/29/2024
CUST4241,Paula Edwards,ljohnson@gmail.com,+1-219-886-1265x549,"3793 George Alley Apt. 175, Leslieborough, GA 14135",7/9/1983,Technician,Technology,Email Campaign,Phone,41003.02,10/11/2024
CUST1546,Keith Allen,petermathis@hotmail.com,211.858.2112,"4810 Jody Union, Gregmouth, MN 68707",11/7/1998,Analyst,Healthcare,Website,SMS,-9228,8/20/2024
CUST3973,Darryl Spencer,nmoreno@cole-smith.info,001-141-542-9815x3886,"9420 Miller Trafficway, Lake Jermaineport, VA 75846",4/23/1963,Director,Retail,Event,Email,43459.86,2/15/2025
CUST6818,Jessica Price,hannahfisher@odonnell.com,121-467-0325x071,"862 Hunt Spur Apt. 796, Lake Brenda, PA 47717",8/15/1959,Director,Manufacturing,Email Campaign,Email,44283.31,5/8/2024
CUST2355,Philip Whitaker,qdonaldson@hotmail.com,###-###-####,"6519 Hernandez Locks Apt. 955, Jaredmouth, NY 51902",1/31/2003,Consultant,Finance,Referral,Email,63044.26,3/30/2025
CUST7022,Sophia Garner,anthonywright@white-jones.com,###-###-####,"28701 Dawn Rapid Suite 975, Macktown, FL 74781",3/31/1977,Director,Retail,Unknown,,113439.4,9/27/2024
CUST4398,Melissa Mccarthy,james17@bennett-taylor.com,401-943-4019x798,"23074 Wells Skyway, Lake Daniel, WA 85502",4/22/2007,Consultant,Technology,Unknown,SMS,37975.8,6/12/2024
CUST9679,Terrance Bailey,hadams@mcclure-brown.net,(782)821-7746x607,"136 Robert Isle Suite 204, North Tommyborough, IA 35527",6/17/1969,Director,Healthcare,Referral,Phone,23650.19,5/28/2024
CUST8920,Christian Moss,sherrygonzalez@yahoo.com,820-546-2641x742,"9091 Sarah Circle Suite 899, Wilsonmouth, NM 00878",11/20/1958,Engineer,Healthcare,Unknown,SMS,71627.12,2/27/2025
CUST8840,Jeremy Taylor DDS,michael10@collins-snyder.biz,001-990-129-5209x709,"84577 Michael Causeway Suite 735, Port Caleb, DE 26779",12/5/1981,Engineer,Manufacturing,Referral,Phone,24895.42,3/29/2025
CUST7019,Joseph Bradley,zhudson@downs-medina.info,+1-163-367-8347x670,"49632 Anthony Center Suite 514, Priceborough, PA 59114",1/13/1955,Analyst,Manufacturing,Email Campaign,,87421.12,7/4/2024
CUST6071,Victor Martinez,johnsonsarah@gmail.com,500-139-8356x4082,"220 Sydney Mount Suite 675, Lake Faith, OR 23037",3/4/1976,Director,Retail,Social Media,Phone,110131.55,4/20/2025
CUST3308###,Luke Perez,sarahburton@fowler-davis.net,001-165-554-6286x302,"802 Evelyn Centers, Port Rachelhaven, SC 83712",9/22/1969,Technician,Education,N/A,SMS,44005.31,5/1/2024
CUST8301,Jody Evans,ehoffman@yahoo.com,001-025-931-7432x9343,"504 Anderson Fords Apt. 497, Jennifermouth, TN 06033",1/5/1987,Director,Retail,Website,Email,46259.38,12/29/2024
CUST9423,Michael Moss,bowersbrooke@holmes-flynn.org,868.286.8363x11712,"274 Lyons Keys Apt. 938, Bobbyburgh, GA 19402",11/24/1988,Analyst,Healthcare,Email Campaign,Email,125907.45,11/20/2024
CUST8124,Chelsea Williams,amy46@delacruz.org,001-270-167-3702x55104,"5295 Chen Rest Apt. 904, Amandaland, DE 53106",12/26/2002,Analyst,Finance,Email Campaign,Email,65095.37,10/1/2024
CUST7539,Calvin Hess,morrismitchell@gmail.com,2865627879,"2893 Patricia Circles Suite 459, Lake Daniel, HI 49682",10/13/1968,Manager,Technology,Event,Email,22969.28,11/25/2024
CUST7781,Robert Baldwin,spacheco@gmail.com,(790)170-5232x67606,"25471 Mark Ramp, East Joanna, AR 75212",12/22/1971,Technician,Manufacturing,Referral,SMS,106321.09,8/8/2024
CUST1929,Anita Austin,xpatterson@white.biz,045.847.2060,"1095 James Creek, North Shannonmouth, TN 42080",10/29/1985,Analyst,Healthcare,Email Campaign,SMS,104988.11,3/2/2025
CUST1217,Martha Burgess,irobinson@daniels.org,(730)667-4501x62271,"53610 Bailey Mountain Apt. 717, East Jessica, MA 63417",12/9/1960,Director,Healthcare,Website,Phone,138515.08,2/7/2025
CUST8797,Jillian Lewis,janelawson@holmes.com,471.950.6884,"7966 Walker Ridge Suite 361, New Ashleyfort, ND 04928",8/20/1987,Consultant,Retail,Website,Phone,109280.56,11/1/2024
CUST4163,Mary Gonzales,julie38@wood-morris.com,503-982-2169,"628 Miller Viaduct Suite 164, Shawnton, NJ 74465",4/25/1967,Engineer,Manufacturing,Website,Phone,71716.54,7/25/2024
CUST6247,Daniel Lowe,lsims@saunders-waller.com,627.895.7847,"6357 Morales Dale, Bishopmouth, AL 93537",7/15/1993,Manager,Technology,Referral,Email,46941.93,8/17/2024
CUST8755,Terry Nelson,otorres@jones.info,+1-376-465-0604x4994,"9738 Andre Crossing Suite 397, Simonstad, WI 09411",2026-15-45,Technician,Technology,Email Campaign,,80651.87,9/30/2024
CUST1897,Robert Miles,zhill@yahoo.com,650-460-6429x2859,"317 Poole Freeway Apt. 781, Pamelachester, MT 25953",4/13/1993,Manager,Finance,Website,Email,35071.41,7/20/2024
CUST4739,Yolanda Davis,mcampbell@gmail.com,(137)335-6045,"0405 Ashley Stravenue Apt. 040, Rogersmouth, VA 54613",4/23/1977,Consultant,Finance,Referral,Phone,25440.65,6/24/2024
CUST8997,Gregory Fischer,christina60@yahoo.com,(247)495-9776x5094,"57054 Ford Loaf, Lake Andrewville, KS 56195",1/6/1972,Technician,Finance,Email Campaign,Phone,113989.92,12/2/2024
CUST3482,Patricia Phillips,robertbrennan@hotmail.com,001-492-273-6942x96784,"57704 Scott Tunnel Apt. 303, South Jonathon, OH 53905",3/7/1991,Technician,Manufacturing,Unknown,,141212.31,7/21/2024
CUST1943,Brad Huang,kirbyshannon@gmail.com,352-653-3831x067,"1730 Tina Stravenue, Port Jonathanbury, CO 81861",10/9/1957,Director,Technology,N/A,Phone,24812.99,2/27/2025
CUST8667,Paul Marquez,preid@jimenez.com,420.457.9623,"9123 Savage Village Suite 187, West Jessicamouth, MN 13710",12/1/1996,Manager,Retail,Email Campaign,SMS,47092.25,9/2/2024
CUST8087,Jennifer Hawkins,hendersonjenna@yahoo.com,001-668-888-7379x870,"561 Lewis Village, Jesusshire, LA 48886",4/11/1982,Technician,Healthcare,Email Campaign,SMS,120964.34,4/21/2025
CUST1353,Brian Richardson,gonzalezchristine@yahoo.com,(175)153-2647x83423,"8951 Jones Loaf Apt. 591, Priscillaside, MS 36751",11/5/1993,Manager,Education,Referral,Email,31713.06,5/24/2024
CUST4469,Jack Edwards,lrivera@hotmail.com,678-391-1884x24765,"821 Justin Garden, Davidville, OH 33106",6/15/1958,Director,Technology,Email Campaign,Phone,139850.77,10/2/2024
CUST1033,Jacob Watts,samuel52@miller.com,036.788.5727x767,"165 Kenneth Land, North Sherry, MS 06201",1/26/1980,Director,Technology,Social Media,Phone,39516.65,4/15/2025
CUST6077,Nathan Hill,millerstephanie@gmail.com,001-789-957-2664x5610,"Unit 5425 Box 9021, DPO AA 52044",2/3/1971,Consultant,Healthcare,Website,Phone,111081.34,3/31/2025
CUST9182,Charles Day,kathleenmcgee@hotmail.com,(866)445-0135,"USS Wilson, FPO AA 26048",9/26/2000,Analyst,Technology,Email Campaign,Email,125360.4,5/23/2024
CUST8192,Derek Whitaker,james23@huff.com,880-036-5757x7480,"9567 Cooper Row, East Tyler, HI 25080",9/24/1966,Technician,Finance,Unknown,Phone,113037.53,7/2/2024
CUST5793,Daniel Alexander,amylewis@yahoo.com,361-886-1092x173,"72908 Jason Points Suite 584, North Paulhaven, NV 35694",10/15/1983,Director,Education,Referral,,127054.17,6/9/2024
CUST4872,Yesenia Johnston,morganmarshall@hotmail.com,566-008-7667,"80643 Lawrence Valleys, Port Gregory, DC 20189",11/12/1979,Manager,Retail,Website,Phone,55810.05,3/30/2025
CUST5220,Autumn Mendoza,snydersharon@yahoo.com,-3984,"4184 Adrian Courts, Port Donald, MD 70432",4/22/1967,Analyst,Manufacturing,Social Media,SMS,70357.94,5/4/2024
CUST6794,Holly Cox,vsimpson@hotmail.com,001-015-142-2401x234,"9744 Rhodes Stream Apt. 700, Jamesmouth, NM 41041",12/12/1969,Manager,Finance,Social Media,Email,135453.3,1/26/2025
CUST1006,Mario Sanchez,pvasquez@gmail.com,+1-026-458-2881x8316,"638 Cheryl Fort Apt. 023, North Kelly, IA 44386",8/14/1961,Engineer,Healthcare,Email Campaign,Email,74919.77,2/27/2025
CUST8112,Laura Phillips,joseph14@gmail.com,(220)914-8735x3485,"318 Smith Mount, Tinaberg, DC 60804",1/16/1973,Director,Healthcare,Email Campaign,Phone,92478.69,11/14/2024
CUST9973,Katherine Mccullough,ginasanchez@gmail.com,815-089-7100x267,"544 Courtney Knoll Suite 841, Aprilfurt, ME 04537",12/29/1995,Engineer,Healthcare,Event,Email,77604.89,12/7/2024
CUST3153,Albert Lambert,michael57@yahoo.com,(131)494-4093x109,"78681 Cody Groves Apt. 936, West Debraland, OH 80172",12/16/1980,Engineer,Retail,Email Campaign,Email,73604.35,11/14/2024
CUST1044,Stephen Mcknight,gomezlucas@hotmail.com,(219)683-3947x390,"514 Jared Heights Apt. 045, Johnsonberg, VA 55347",12/20/1964,Manager,Education,Event,Email,64510.74,9/25/2024
CUST6566,Matthew Howard,codyromero@johnson.com,001-331-683-4207x683,"Unit 2454 Box 1505, DPO AA 70200",8/17/1972,Manager,Technology,N/A,Email,48838.8,9/7/2024
CUST9750,Timothy Bartlett,davidscott@roberson.biz,001-795-218-9857x6897,"6565 Paige Loaf Apt. 459, New Antoniochester, MA 32672",6/7/1983,Analyst,Finance,Referral,Email,-4944,1/22/2025
CUST7148,Russell Lopez,rzimmerman@diaz.biz,(875)556-0920,"6160 Jones Mountain Apt. 957, Staceymouth, WA 19759",4/9/1988,Analyst,Retail,Email Campaign,,67913.59,3/10/2025
CUST1108,Michael Mcclure II,connie10@hotmail.com,6072805243,"23721 Jerry Garden, Andrewhaven, VA 34785",12/6/1956,Director,Finance,Social Media,,96715.98,6/23/2024
CUST5602,Jacqueline Woodard,joseph52@cohen.biz,214.270.0048x1413,"40954 Young Garden Apt. 101, Brianport, RI 09468",8/23/1960,Analyst,Education,Email Campaign,Phone,142950.12,1/15/2025
CUST8307,Molly Hernandez,nicholasnguyen@yahoo.com,001-750-615-7994x59730,"134 Robert Station Suite 896, Adrianaton, ID 53513",10/29/1992,Consultant,Finance,Referral,SMS,80026.96,11/26/2024
CUST5815,Garrett Dean II,curtissmith@jones.com,7402241730,"2513 Moss Key Suite 656, Sarahland, AZ 98178",4/22/1997,Engineer,Finance,Event,Email,119990.39,5/8/2024
CUST5929,Michele Lucas DVM,robert08@yahoo.com,(285)212-2128x4041,"82716 Tracey Glen Apt. 355, Markchester, NJ 54905",11/26/2006,Engineer,Finance,Referral,Email,124792.58,1/24/2025
CUST6090,Joseph Hatfield,katie92@figueroa.info,001-275-493-6151x6055,"980 Santana Extensions Apt. 933, Mcdonaldchester, DC 68985",12/18/1959,Consultant,Manufacturing,Referral,Email,78412.35,7/14/2024
CUST9790,Thomas Murray,vcampbell@singh-west.com,001-883-388-4425,"5873 Hatfield Points Apt. 745, Knightport, WY 05364",1/18/1999,Engineer,Retail,Referral,,87116.39,8/25/2024
CUST6422,Stacy Riley,katherineklein@lawrence.com,(971)041-4896,"43462 Lucas Pike Suite 840, Michelleberg, GA 67289",11/15/1985,Engineer,Manufacturing,Website,SMS,78208.96,12/12/2024
CUST4480,Stephanie Davis,xwright@wallace.com,001-971-399-8886x83467,"37140 Kaiser Drives Suite 277, New Meghan, VA 53168",8/16/2002,Director,Finance,Unknown,Email,146646.15,2/24/2025
CUST9569,Justin Robinson,xruiz@hotmail.com,(374)607-8810x1715,"21831 Christopher Unions Apt. 611, East Latoya, MI 15645",9/15/1959,Engineer,Retail,Website,Phone,86087.2,11/28/2024
CUST5838,Carolyn Santana DVM,mooreashley@gmail.com,(177)581-0765x69601,"9934 Crawford Vista, Weaverton, MI 03996",3/13/1994,Consultant,Finance,Referral,Email,80053,5/28/2024
CUST6816,Nicole Graves,barbara67@yahoo.com,260.188.4300,"6599 Sullivan Extension, Medinaton, WA 35220",3/12/1991,Analyst,Finance,Website,SMS,66945.75,10/18/2024
CUST3970,Kimberly Parker,gpowell@hotmail.com,+1-131-801-2041x86434,"057 Ray River Suite 063, New James, ND 36864",1/26/1961,Analyst,Retail,Social Media,Phone,124133.46,5/6/2024
CUST2014,Travis Cain,kimberly41@yahoo.com,+1-218-771-3419x38428,"0824 Vargas Gateway, New Carol, NC 54905",11/28/1986,Engineer,Technology,Referral,Email,22265.85,12/1/2024
CUST5447,Melanie Rivera,tracy00@yahoo.com,+1-916-835-8114x75332,"930 Johnson Valleys, Port William, LA 69522",7/13/1988,Manager,Education,Event,SMS,78086.58,7/1/2024
CUST8678,Paul Green,renee69@gmail.com,2880221280,"PSC 3324, Box 4980, APO AE 40689",3/19/1969,Consultant,Manufacturing,Social Media,,23858.93,6/4/2024
CUST3427,Lisa Simon,russopamela@fletcher-rose.biz,151-788-2064x930,"9410 Kirsten Fort, Belindaberg, LA 12571",12/31/1998,Director,Finance,Social Media,Phone,149968.64,8/20/2024
CUST6654,Cheryl Turner,wschultz@owens.biz,001-038-185-4165x975,"6541 Fred Club, South Joshua, IL 93634",4/26/1970,Director,Retail,Referral,,139856,8/21/2024
CUST9737,David Hoover,berganthony@tanner.com,801-222-8734x89374,"PSC 3095, Box 7052, APO AA 37880",5/25/1963,Consultant,Retail,Unknown,Phone,30261.34,4/15/2025
CUST7249,Nicole Meyer,kristentaylor@hotmail.com,(216)995-6582x32295,"60190 Cheryl Common Suite 325, North Brandon, UT 74854",3/20/1977,Engineer,Manufacturing,Referral,Phone,110932.04,3/30/2025
CUST7122,Rachel Willis MD,kimberlysmith@yahoo.com,273-555-4168x7131,"084 Lisa Circles Apt. 746, Martinport, CO 02123",1/10/2002,Engineer,Finance,Website,SMS,72387.96,2/13/2025
CUST8849,Cesar Hall,jared07@gmail.com,001-098-109-8183x717,"6604 Brown River Apt. 758, Alishire, NH 54286",3/30/1971,Engineer,Education,Social Media,Email,118162.49,12/27/2024
CUST1508,Virginia Robertson,mariamoody@gmail.com,(466)840-6332x1075,"6138 Alisha Ferry Apt. 392, South Michael, IA 70855",9/11/1995,Engineer,Retail,Event,,106649.75,2/1/2025
CUST6800,Paul Fields,jacqueline99@hotmail.com,672-590-7457x558,"4418 Molina Light, Sotobury, MD 61605",9/27/1978,Analyst,Finance,Website,SMS,96123.4,5/11/2024
CUST6168,Angela Carter,angelica10@williams.com,001-658-998-8565x990,"596 Richard Manors Suite 867, Jonesport, VT 21803",9/12/2003,Director,Finance,Unknown,SMS,94641.95,10/1/2024
CUST8412,Kenneth Chen,uphillips@yahoo.com,147-146-8734,"0284 Anna Groves, Markport, NM 59841",6/30/1964,Manager,Technology,N/A,Email,61166.57,11/24/2024
CUST6540,Corey Williams,angela82@gmail.com,293.424.5953,"067 Mccarthy Course, South Peter, MA 74623",1/5/1976,Engineer,Education,Event,Email,125018.15,8/23/2024
CUST2046,Ronald Carson,cynthiasmith@yahoo.com,658-168-5126x3988,"52900 Kimberly Lodge Apt. 885, South Regina, IL 95058",10/4/1956,Technician,Manufacturing,Unknown,,140803.93,2/28/2025
CUST7179,Gabrielle Porter MD,hoffmanjack@ramirez.com,+1-760-047-4862x2353,"4903 Katrina Junction, Lake Lawrence, NV 98319",4/18/1983,Director,Manufacturing,Email Campaign,Phone,104243.5,5/10/2024
CUST7706,Rhonda Norman,djohnson@hotmail.com,814.163.3908,"Unit 5491 Box 4289, DPO AA 50690",5/12/1967,Consultant,Manufacturing,Email Campaign,Email,125776.49,5/5/2024
CUST6815,Carrie Freeman,ablack@gonzalez.com,001-658-555-8159x57920,"104 Sheila Roads Apt. 734, Brownview, MD 77249",6/29/1987,Director,Manufacturing,N/A,SMS,33267.2,12/18/2024
CUST3230,Frank Castaneda,john81@wilson.net,316.287.2256x09041,"2898 Henderson Forges, Edwardview, NY 90899",1/21/1988,Engineer,Healthcare,Referral,,57265.15,2/13/2025
CUST1453,Jose Williams,gillespiebailey@martinez.com,373-342-3376,"6728 Cline Union Suite 849, Lake Jason, IN 86935",12/13/2001,Consultant,Retail,Event,SMS,52271.43,9/11/2024
CUST3995,Tammy Austin,staciemorales@hines-lawrence.org,926.649.4756x990,"1444 Joanne Rest, South Andreafort, TX 97761",1/8/1962,Analyst,Retail,Referral,Phone,115805.84,10/9/2024
CUST5247,Mindy Baker,ucline@arnold-dickerson.org,1447728193,"6803 Ortiz Street, South Kristina, ME 81726",4/15/1958,Technician,Manufacturing,Event,SMS,95772.31,5/5/2024
CUST9645,Susan Chapman,villayvonne@roberts.biz,001-099-154-9564x699,"10580 Erin Lakes, Lake Kathrynview, KS 91980",1/14/1964,Director,Retail,Unknown,Email,28709.43,9/16/2024
CUST8094,Kimberly Moore,robin27@gmail.com,(503)659-3475x65858,"131 Jacqueline Stream, Lindsayton, WI 76509",1/31/1956,Manager,Retail,Unknown,Phone,23419.9,12/31/2050
CUST4005,Megan Martinez,twoodward@yahoo.com,+1-042-730-4845x886,"3890 Tammy Glens, Amystad, HI 10022",2/12/1956,Engineer,Manufacturing,Email Campaign,Phone,33739.85,3/30/2025
CUST9974,Matthew Schmidt,tortiz@moore.com,141.392.5963x688,"8887 Dustin Spurs, Bowmanburgh, WI 72793",1/6/1967,Engineer,Healthcare,N/A,Email,102007.2,1/3/2025
CUST7000,Michael Moore,bbauer@smith-clements.biz,001-199-691-9094x270,"6559 Kristen Heights Suite 108, Annetteville, GA 24063",10/12/1995,Technician,Education,Website,Email,50577.4,5/26/2024
CUST9489,Bobby Berger,elizabethwilson@hamilton-cardenas.info,001-687-035-4864x52524,"76413 Hale Streets, Benjaminton, NC 80710",1/10/2004,Technician,Manufacturing,Event,,137108.22,4/15/2025
CUST9555,Juan Howard,jsanchez@hotmail.com,(180)820-1149x15157,"414 Burke Trafficway, Erikshire, PA 55130",9/12/1990,Engineer,Retail,Website,SMS,140614.44,12/13/2024
CUST8848,Mark Smith,gary02@alvarez.com,929.588.9169x99964,"88290 Dakota Centers, Curtisborough, VT 61660",7/6/1963,Engineer,Finance,Event,,136241.27,7/17/2024
CUST8093,Jennifer Cole,william35@gmail.com,001-567-556-0827x85900,"408 Adams Road Apt. 379, Lake Daniel, TX 32414",7/26/1983,Director,Healthcare,Referral,Email,78667.87,1/5/2025
CUST3722,Karen Becker,jennifermiller@stevens-molina.biz,(907)161-3767,"Unit 6659 Box 3396, DPO AA 95233",1/5/1979,Director,Manufacturing,N/A,Phone,94241.39,7/30/2024
CUST7668,Bruce Cortez,wallen@hotmail.com,950.005.3278x1540,"00457 Daniel Squares Suite 303, Jonesmouth, PA 13667",9/24/1980,Director,Education,Email Campaign,Email,90082.97,3/19/2025
CUST1394,Daniel Daniel,nathaniel53@gmail.com,001-485-159-2381,"702 Kennedy Harbor, Amberville, TN 20403",3/16/1979,Engineer,Education,Event,Email,74442.39,6/19/2024
CUST4235,Randall Martin,markdennis@estrada.com,+1-942-603-4408x1220,"44534 Cheyenne Loop, Dunnmouth, WY 05286",2/2/1999,Consultant,Technology,Website,Phone,129475.44,12/31/2024
CUST2762,Hannah Velez,poolematthew@hotmail.com,(834)749-0730x126,"3530 Little Harbor Apt. 012, North Margaretstad, MN 63233",2/23/1993,Director,Finance,Social Media,,31895.48,5/8/2024
CUST9136,Eric Frederick,wabbott@gmail.com,(147)974-5265x63322,"647 Kimberly Prairie Apt. 773, North Kristin, UT 51033",3/19/1982,Technician,Finance,Referral,,107664.26,8/25/2024
CUST3913,Daniel Barber,gadams@klein.com,001-235-689-2733,"319 Andre Gateway Suite 711, North Anthonystad, MS 76747",10/18/1975,Analyst,Healthcare,Event,,92759.56,8/29/2024
CUST8814,Patrick Ortiz,colemandaniel@hotmail.com,-10932,"6909 Tristan Alley Apt. 375, New Tommy, IA 05244",7/4/1985,Manager,Retail,N/A,,95217.48,9/10/2024
CUST6098,Joe Lane PhD,summersbetty@singh.info,005.976.7327,"684 Wilkerson Corner, Lake Danielland, MO 03355",1/28/1970,Consultant,Technology,N/A,Email,54727.48,11/8/2024
CUST1170,Michael Davis,hatfieldsandra@hotmail.com,+1-593-890-3362x967,"4077 Nash Summit Apt. 893, Tiffanybury, DE 85169",12/15/1993,Analyst,Healthcare,N/A,Email,53624.69,3/4/2025
CUST8754,Debbie Burton,dawnvelasquez@walter.com,(313)953-5036,"802 Danielle Spring, Lake Justinfurt, OK 08321",1/16/1982,Director,Retail,Website,SMS,75529.45,8/28/2024
CUST6815,Dr. Karen Little,james69@hotmail.com,(107)792-3132x93354,"81997 Marshall Courts, Lake Christina, NM 71103",12/14/1989,Director,Technology,Referral,Phone,83375.88,5/15/2024
CUST3027,Christopher Ochoa,qmendez@yahoo.com,175.635.3740x2528,"758 Elizabeth Spurs Apt. 744, Port Christopher, AZ 22642",7/20/1989,Technician,Manufacturing,Event,Phone,63329.9,10/21/2024
CUST2207,Erin Davis,austincardenas@gmail.com,901-884-1930,"88539 Justin Mission Apt. 135, Keithfort, MA 98079",8/10/1968,Analyst,Finance,Unknown,,95534.39,7/26/2024
CUST7603,Alexis White,weaverronnie@yahoo.com,001-889-366-7964,"16541 Miller Plains, Michaelstad, AK 65768",11/11/1966,Technician,Technology,Email Campaign,Phone,58070.48,10/6/2024
CUST5543,Nicholas Hughes,erinwatts@hull.com,###-###-####,"7703 Hartman Circles, Donnaberg, OH 01340",4/10/1964,Director,Retail,N/A,SMS,128561.26,2/4/2025
CUST4081,Michelle Mcbride,kvelasquez@davis.com,001-814-983-3882x30408,"560 Munoz Mountains, Christinaborough, NY 28735",9/4/1983,Consultant,Manufacturing,Referral,SMS,141622.35,12/31/2024
CUST4049,Elizabeth Small,aaron82@smith.com,253-899-5790,"600 Mccullough Camp, Coltonberg, WY 04623",11/8/1972,Engineer,Education,Email Campaign,SMS,39719.62,12/15/2024
CUST4181,Nathan Williams,paulcontreras@garcia.com,253-456-7825x393,"84257 Farmer Locks Suite 611, West Markberg, AL 35309",3/7/2004,Engineer,Healthcare,Event,SMS,33287.26,3/2/2025
CUST5052,Joseph Lambert,kevin13@hotmail.com,382812074,"13220 Loretta Light Apt. 943, East Rachelchester, DE 86235",11/26/1974,Manager,Education,Event,Phone,127317.57,2/14/2025
CUST8457,Thomas Roberts,martin18@gmail.com,799.744.7398x37566,"8817 Aaron Common, Patrickborough, TN 91872",2/6/1973,Analyst,Manufacturing,Event,Phone,20044.63,9/26/2024
CUST9680,Sandra Fleming,nbush@gmail.com,347-525-7523x4848,"861 Jenkins Mountains Suite 535, Masontown, IL 76567",4/16/1969,Manager,Education,Event,,89251.45,6/25/2024
CUST8879,Lisa Jones,matthewkim@gmail.com,041.826.7181,"3162 Harris Path, Farmerchester, ID 85268",10/13/1988,Manager,Manufacturing,Website,,37869.72,7/6/2024
CUST9437,Alexis Rojas,szuniga@gmail.com,6260607628,"0442 Andrew Rue, Lauraport, HI 39261",6/22/2005,Consultant,Retail,Referral,,98252.52,8/22/2024
CUST4552,Kevin Munoz,pamelahughes@gmail.com,(011)109-7407x749,"158 Taylor Orchard, Cynthiabury, DE 90858",5/6/1959,Consultant,Finance,Event,Email,31593.64,1/19/2025
CUST6813,Melinda Crawford,richardclark@castaneda-wolfe.biz,(644)464-9415,"142 Cowan Run Apt. 946, South Wendy, ND 27147",1/11/1975,Manager,Finance,Event,Phone,66507.12,6/18/2024
CUST3357,Laurie Dennis,hammondtaylor@yahoo.com,249.890.4876,"17904 Nicholson Coves, East Jenna, GA 44188",5/8/1962,Technician,Healthcare,Unknown,Phone,112915.52,6/20/2024
CUST5661,Brandon Hammond,jenniferlopez@munoz.com,684-241-5830x316,"726 Kristen Turnpike Suite 679, Morganstad, VA 02409",5/5/2005,Manager,Healthcare,Email Campaign,,136277.52,11/20/2024
CUST8098,Alexander Maynard,brayadrienne@clark-roberts.org,4356655085,"016 Michael Shoal, Parrishburgh, MO 12884",7/2/1986,Manager,Healthcare,Website,SMS,61758.28,2/20/2025
CUST6060,Timothy Jordan,scottjones@berry.com,+1-174-549-8626x043,"50164 Michael Flat, Caseton, FL 95299",9/17/2000,Engineer,Retail,Social Media,Email,138301.27,4/11/2025
CUST8710,Michele Myers,nicholasbrown@hotmail.com,(029)661-3876,"75553 Darius Meadow Suite 162, Karafurt, NM 13996",4/3/2001,Analyst,Education,Email Campaign,Phone,54083.76,1/14/2025
CUST2312,Tonya Gardner,williamsnicholas@hotmail.com,054.291.6295x37064,"0393 Janet Summit Apt. 713, Brownport, AR 68948",2/16/1993,Engineer,Retail,Social Media,Email,133495.45,12/15/2024
CUST4490,Diane Wright,eric10@yahoo.com,402-784-3490,"PSC 1636, Box 7169, APO AP 73213",12/13/1965,Analyst,Education,Website,,72268.42,10/30/2024
CUST3162,Julia Duncan,michaeldalton@hardy-smith.biz,041.110.5574x4144,"Unit 8047 Box 9942, DPO AE 33645",10/22/1990,Consultant,Technology,Email Campaign,Email,120411.98,1/14/2025
CUST4671,Timothy West,ohiggins@gmail.com,874-701-9703,"54346 Floyd Plains Suite 297, Port Daniel, OR 31162",11/19/1995,Technician,Education,Event,Email,91071.57,3/19/2025
CUST4522,Jake Fox,amanda16@yahoo.com,081.483.7895x93779,"38731 Gerald Keys, South Kimberly, HI 09926",7/15/1960,Engineer,Retail,Email Campaign,Phone,32596.75,8/10/2024
CUST2141,Gene Winters,mgarcia@gmail.com,479.340.1522x8039,"321 Linda Isle, Jessicaton, WI 23390",11/19/1978,Consultant,Education,Email Campaign,Email,122345.99,3/8/2025
CUST8763,Jill Spencer,gonzalezian@yahoo.com,830.666.6963x833,"411 Lynch Landing, North Jason, IA 61605",8/26/1965,Director,Healthcare,Email Campaign,,143134.04,12/27/2024
CUST6706,Crystal Camacho,michaelmurray@hotmail.com,901.240.1101x65470,"USNV Clark, FPO AE 42301",1/2/1984,Consultant,Manufacturing,N/A,Phone,110854.5,7/23/2024
CUST9957,Gina Monroe,rogermartinez@rhodes.com,+1-315-245-1917x3281,"004 Walker Harbor, Smithfort, ND 79855",1/23/1955,Consultant,Technology,Event,,60510.05,3/7/2025
CUST3031,Matthew Vega,amanda55@maynard-bass.com,6146633307,"39546 Linda Neck, Ellisonton, GA 51317",12/20/1963,Consultant,Manufacturing,Social Media,Email,62552.46,7/7/2024
CUST7043,Jesus Buchanan,lindadaniels@medina-medina.org,(823)352-4915x04783,"024 Gonzalez Lake, Brandyberg, NH 96343",8/29/1989,Analyst,Education,Unknown,Email,34383.98,7/20/2024
CUST5231,Kayla Collins,adamsjohn@gmail.com,649.232.3193x979,"8142 Pamela Ports Suite 918, Cameronchester, MT 38173",3/21/1985,Manager,Technology,Event,Phone,27616.45,10/8/2024
CUST1534,Jeffrey Kerr,robertsjessica@king-cunningham.com,-627,"6777 Timothy Ford Suite 557, East Kathyshire, AK 89383",8/25/1971,Consultant,Education,Referral,,135590,5/3/2024
CUST2075,Robert Cook,matthew85@howard.com,066-794-4281x643,"3188 Michelle Point, Jackport, NV 22256",12/2/2001,Analyst,Finance,Website,,30218.82,3/27/2025
CUST9747,Sharon Khan,nortonbrian@brown.biz,001-066-716-6883x45860,"61004 Matthew Hill, West Bethmouth, OH 57324",9/10/1994,Technician,Finance,Referral,,46928.4,9/4/2024
CUST5310,Holly Petty,justinsantiago@hotmail.com,001-800-826-0405x6810,"761 Vasquez Plains, Flynnside, CO 17112",2/14/1998,Manager,Retail,N/A,Phone,33001.08,3/15/2025
CUST9116,Edward Richards,bookerchristopher@roberts.net,3319878192,"6704 Yvonne Mission, North Blakestad, ID 51457",10/8/1989,Analyst,Education,Social Media,Email,69267.78,2/24/2025
CUST6267,Ryan Hall,longmelissa@yahoo.com,(883)430-1516x005,"49699 Gardner Landing, East James, IA 84599",8/31/1967,Engineer,Finance,Event,SMS,124909.16,6/9/2024
CUST9225,Nathaniel Smith,douglas03@whitaker.com,+1-885-898-4509x3922,"36225 Bell Bridge Suite 846, Goodwinberg, NE 91257",6/25/1961,Director,Manufacturing,Social Media,Phone,26104.58,7/21/2024
CUST4107,Dana Lee,victoria21@turner.org,+1-354-546-3286x15816,Unknown,9/21/1974,Consultant,Technology,Unknown,SMS,122117.23,8/18/2024
CUST1390,Richard Barrett,ocarr@palmer.com,001-510-499-3808x7842,"4316 Robert Route Apt. 663, Scottberg, DC 89837",7/28/1986,Director,Manufacturing,Email Campaign,,84675.45,1/29/2025
CUST4197,Robert Stark,xgarcia@cook-alvarez.com,052.669.8974x273,"7673 Clark Rue Apt. 617, Harringtonbury, CO 33736",4/30/1990,Analyst,Retail,Social Media,Phone,21866.16,8/6/2024
CUST4587,Juan Flores,robertsjeremy@abbott-martinez.com,3299935362,"13918 Shannon Station, South William, ME 68292",6/26/1966,Analyst,Retail,Unknown,SMS,83703.81,10/24/2024
CUST5423,Jessica Ortiz,woodswilliam@vasquez.com,-3397,"1945 Mark Bridge, Riosmouth, SC 78198",3/20/1964,Analyst,Manufacturing,Website,,121727.19,6/20/2024
CUST6955,Logan Gaines,gonzalezchristine@hurley-moore.com,6101609882,"990 Foley Square, South James, RI 46029",2/28/1969,Analyst,Healthcare,Referral,Email,75269.69,8/21/2024
CUST5426,Michael Gardner,sampsonchase@ward.net,2487488353,"268 John Manors, New Kathy, AL 95282",3/11/1975,Analyst,Education,Unknown,,133865.13,6/12/2024
CUST6018,Mindy Reynolds,andersonjennifer@yahoo.com,001-670-832-6497x33837,"06231 Black Terrace, Kimberlyburgh, CO 86073",12/1/1967,Technician,Healthcare,Unknown,,63745.95,1/8/2025
CUST1748,Jack Martin DDS,oscarallen@hotmail.com,448-245-8121,"476 Schmidt Park Suite 259, South Jane, RI 10316",4/11/1978,Engineer,Finance,Email Campaign,SMS,98474.56,9/26/2024
CUST3438,Angela Franco,emily28@yahoo.com,-4049,"8467 Wyatt Lock, East Jacquelineton, NV 37450",12/7/1994,Manager,Finance,Website,,40834.34,2/21/2025
CUST2650,Brian Giles,fisherjulia@gonzalez-lopez.com,(723)247-4393x4395,"1028 Frye Ville Suite 541, Walterstad, OR 66880",3/29/1969,Engineer,Healthcare,Referral,SMS,43535.71,7/3/2024
CUST8743,Vanessa Mooney,ericboyd@patton-wells.com,(292)540-5873x7393,"6582 Duncan Mountains Apt. 086, Lake Ericberg, ME 52648",12/30/1963,Consultant,Retail,N/A,,60380.11,11/5/2024
CUST6548,Jason Lee,roberthinton@hall-shannon.com,(196)205-9733,"452 Parker Islands, East Robertmouth, ND 03241",6/1/1971,Analyst,Manufacturing,Website,,23607.36,9/27/2024
CUST3276,John Diaz,vasquezmorgan@yahoo.com,(678)830-2701,"8154 Michele Union, North Annaport, NY 01633",11/10/1959,Manager,Education,N/A,Email,31999.02,7/31/2024
CUST6155,Kristina Padilla,boydcody@ingram.biz,428-141-9910x210,"3034 Timothy Garden Apt. 384, Josemouth, ND 07408",1/25/2006,Analyst,Manufacturing,Unknown,,149138.56,7/31/2024
CUST8346,Jason Peck,ygomez@gmail.com,(893)573-4744x068,"507 Craig Springs Apt. 526, East Rachelshire, NY 47446",12/18/1987,Director,Finance,Website,,96545.29,3/24/2025
CUST8401,William Miller,normanadam@white.com,782.127.4766x646,"54796 Jeffrey Roads, New Lisaside, RI 20349",11/15/1985,Consultant,Technology,Email Campaign,Phone,45464.9,6/2/2024
CUST9834,Keith Gallagher,darrylhorn@hotmail.com,001-906-987-6717x7677,"Unit 0434 Box 2321, DPO AA 49454",5/30/1963,Manager,Manufacturing,Event,SMS,77731.48,8/21/2024
CUST6997,John Lamb,samuel49@davis-freeman.com,584.801.0821,"89251 Christopher Springs Suite 351, Catherinechester, NC 05795",4/3/1961,Analyst,Retail,Referral,,123028.68,5/3/2024
CUST3282,Tina Cain,vcunningham@yahoo.com,234.267.3290,"24726 Andrews Shoals Suite 949, Gomezmouth, NE 98188",1/18/1971,Technician,Retail,Website,Phone,114958.09,7/21/2024
CUST1513,Mark Pratt,alee@meyer-ruiz.com,7096047371,"856 Zachary Spur Apt. 425, Erinborough, WA 36444",2026-15-45,Engineer,Healthcare,Event,SMS,49744.98,3/17/2025
CUST9367,Melissa Franklin,jesse85@gmail.com,007-710-4238x92517,"808 Samantha Bridge, Tracyburgh, NE 19024",1/10/2003,Analyst,Healthcare,Email Campaign,SMS,110536.46,9/22/2024
CUST6346,Cindy Brown,alanjames@gmail.com,+1-325-971-2011x9230,"022 Reed Ports Apt. 787, Gwendolynfurt, NJ 96737",4/8/2004,Consultant,Manufacturing,Website,,92033.99,4/19/2025
CUST6352,David Jensen,dominguezcarla@hotmail.com,761-320-3516,"6180 Berry Mill, Lake Stephaniestad, RI 73348",7/7/1991,Manager,Education,Social Media,Phone,60269.18,10/7/2024
CUST8283,Elizabeth Rhodes,john90@frey-austin.com,(918)054-7639,"4022 Andrew Vista, East Desiree, OK 07147",2026-15-45,Technician,Manufacturing,N/A,Phone,85450.15,1/18/2025
CUST7583,Pamela Burnett,cpena@sparks.com,+1-817-496-9472x399,"4348 Smith Plaza Suite 469, Pinedafurt, PA 70545",4/26/1985,Analyst,Education,Website,Email,107856.68,5/29/2024
CUST4971,Pamela Lewis,ysmith@yahoo.com,(229)689-7519x9639,"432 Thompson Ville Apt. 206, Holmesmouth, OK 34873",4/9/2005,Analyst,Education,N/A,SMS,57076.9,3/27/2025
CUST5105,David Johnson,zdavis@gmail.com,860.333.3478x219,"865 Sherman Wall, West Anthonyville, CO 79741",7/11/1979,Analyst,Technology,Referral,Phone,129916.29,5/23/2024
CUST7703,Jennifer Avila,dpatel@hotmail.com,4747287734,"458 Michelle Circle, Fowlerport, MD 29435",3/24/1967,Engineer,Healthcare,Referral,Phone,141505.12,10/4/2024
CUST6285,John Bauer,reeseandrea@hotmail.com,123.337.0083x2237,"3119 White Corners, Wrightshire, TN 26016",6/23/1968,Analyst,Manufacturing,Event,,108682.37,3/16/2025
CUST8718,Emily Reese,lisaanderson@howell.biz,001-319-583-5526x92206,"53862 Jessica Spurs Apt. 271, Port Joseberg, MI 96621",8/13/1968,Technician,Finance,Email Campaign,,137152.15,4/25/2025
CUST2794,James Hall,sbutler@reyes.biz,4236096556,"64348 Hicks Pass Apt. 538, Hutchinsonberg, VT 36366",4/12/1964,Manager,Healthcare,Unknown,SMS,103858.44,7/13/2024
CUST9223,Phillip Sims,howelldaniel@butler-torres.net,(157)647-0537,"Unit 7438 Box 2586, DPO AE 24463",6/15/1958,Technician,Healthcare,Email Campaign,Phone,23991.66,9/10/2024
CUST3889,Rachel Nunez,joseph01@yahoo.com,507.095.9384,"4314 Joseph Points Suite 036, North Andreaside, CA 69315",1/19/1964,Director,Retail,N/A,Phone,126554.21,9/20/2024
CUST3408,Rebecca Logan,richardking@collins.net,168.504.1700x4240,"878 Timothy Landing, West Sara, WV 71467",2/11/2005,Analyst,Technology,Website,Email,124155.5,12/17/2024
CUST2112,Gary Wood,mcdonaldanthony@gmail.com,303-989-9576x06879,"USCGC Johnson, FPO AA 77746",3/19/1971,Director,Retail,Referral,Email,53140.89,4/1/2025
CUST8317,Melissa Bennett,nancy23@yahoo.com,262.500.8163x0351,"PSC 3297, Box 4278, APO AA 89267",7/3/1983,Technician,Healthcare,Website,,99154.5,10/28/2024
CUST8810,Kathy Brown,joshua92@hotmail.com,647.390.0358x092,"479 Knox Path, Dyerberg, AL 08700",11/14/1972,Analyst,Technology,Event,Phone,54679.49,12/4/2024
CUST7704,Jennifer Diaz,stephanie04@hotmail.com,-5557,"314 Barnes Bypass Suite 178, Cherylfurt, MA 30739",5/14/2004,Analyst,Healthcare,Social Media,Email,24649.31,7/1/2024
CUST4387,John Moody,williamhammond@miller.com,+1-001-434-2771x656,"816 Evans Inlet, Hallhaven, MI 41519",7/12/1993,Technician,Technology,Website,Email,112970.2,11/21/2024
CUST5205,John Douglas,monica14@ortega-cannon.com,605-699-4627x38647,"720 Sutton Shoal, Garyborough, NE 42647",12/17/1966,Consultant,Retail,Event,SMS,86844.52,2/1/2025
CUST3746,Jillian White,marie48@yahoo.com,218-908-7639x37636,"560 Heather Fords Apt. 896, West Larry, WA 02031",1/24/1956,Consultant,Education,Referral,SMS,53033.34,12/8/2024
CUST2882,Stephen Kelley,alexawilliams@yahoo.com,011-023-3790,"142 Judy Junction, Matthewtown, DC 59328",10/19/1955,Analyst,Education,Social Media,,26953.34,4/3/2025
CUST7987,Jon Wang,nancy85@gmail.com,886-393-5057,"4063 Garcia Meadows, Jeremiahchester, SD 63516",9/8/1992,Manager,Manufacturing,Social Media,Email,81764.49,12/18/2024
CUST7875,Charles Livingston,jessicajohnson@small-humphrey.com,+1-886-031-8550x484,"217 Rodgers Course Suite 140, Scottview, IL 79898",7/24/2002,Manager,Retail,N/A,Email,22024.05,4/7/2025
CUST1101,Timothy Glover Jr.,elizabeth26@torres.biz,(888)163-0877x8095,"Unit 7554 Box 9446, DPO AA 44178",2/3/1989,Technician,Technology,N/A,SMS,51320.06,2/7/2025
CUST9402,Paul Brock,smithkatherine@munoz.info,001-229-118-3615x653,"047 Daniels Turnpike Suite 234, Thomasfurt, NM 01681",9/7/1994,Engineer,Healthcare,Event,,144844.85,9/1/2024
CUST4993,Darryl Lopez,cwallace@sanders.com,334-273-6036,"5375 Sherry Inlet, South Lawrencemouth, VA 04743",11/18/1954,Technician,Education,Unknown,,124507.67,11/6/2024
CUST8402,Patricia Adams,amy04@valdez.info,(723)076-4258,"589 Courtney Extension Apt. 953, Sandovalberg, NJ 15029",7/28/1955,Director,Retail,Event,Phone,135023.9,8/14/2024
CUST5229,Joseph Mcdonald,marie32@hotmail.com,(925)146-7076,"38697 Barron Drive Suite 142, Connietown, NC 89867",3/30/1957,Director,Finance,Social Media,SMS,82561.31,9/25/2024
CUST4218,Katherine Turner,banksjoy@gmail.com,001-868-043-1274x197,"27973 Alex Well, Andersonborough, DE 45791",11/4/1988,Manager,Retail,Website,SMS,129166.94,8/22/2024
CUST7687,Erika Davila,pfowler@yahoo.com,460-972-7268,"6528 Koch Cove Suite 580, Christinehaven, NM 31356",8/7/1959,Manager,Education,Email Campaign,Phone,24735.79,2/10/2025
CUST1728,,marshallmegan@holloway.net,(447)840-4834x861,"4345 Gavin Square, West Clifford, WI 21192",3/28/1999,Technician,Manufacturing,Event,,112361.44,2/22/2025
CUST8660,Robert Keller,gerald18@hotmail.com,001-419-037-5639,"83621 Harmon Run Suite 165, Staceyland, RI 23199",11/30/1987,Analyst,Healthcare,Referral,Phone,97011.08,7/13/2024
CUST4180,Andrew Phelps,ojackson@yahoo.com,469.270.2231x65130,"1852 Williams Mill Apt. 887, East Derrickberg, KY 58204",1/20/2003,Director,Healthcare,Referral,Email,39623.22,1/3/2025
CUST1538,Sheila Thompson,patriciaanderson@hotmail.com,775.430.0691x410,"3157 Miller Lodge Suite 542, Acostaside, MN 92400",8/5/1965,Technician,Technology,Event,,23910.86,3/31/2025
CUST2988,Jessica Martin,montoyanatalie@hahn-gallagher.com,1269250720,"752 Aaron Ports, West Brett, NV 40945",6/11/1975,Director,Healthcare,Referral,Email,112519.79,4/21/2025
CUST5059,Blake Norman,russelldaniel@hotmail.com,+1-496-786-0900x9845,"086 Jimenez Course, Shannonchester, ND 23780",12/20/1966,Manager,Healthcare,Referral,Email,25821.67,3/8/2025
CUST7791,Jessica Allen,jill88@gmail.com,(546)259-4275,"811 John Trace Apt. 690, Schroederstad, MD 53344",4/30/2000,Engineer,Healthcare,Referral,Phone,135565.28,9/5/2024
CUST6570,Jasmine Edwards,wardjudy@hill.info,+1-131-576-8590x7651,"03561 Lisa Underpass Apt. 028, Jamesfort, KS 35524",5/15/1967,Engineer,Technology,Event,,79970.19,12/20/2024
CUST3954,Erin Brown,lematthew@yahoo.com,001-926-300-1738x2424,"389 Sherman Loaf Apt. 047, Lake Monicaside, CT 83287",5/29/1981,Engineer,Finance,Website,,112932.57,4/29/2024
CUST2457,Christopher Ruiz,williamslindsey@yahoo.com,969-224-9649x78577,"5980 Richard Loaf Apt. 240, Holtside, NM 88283",8/6/1972,Engineer,Manufacturing,Website,SMS,44615.61,9/19/2024
CUST5852,Charles Brown,haley07@hotmail.com,334-280-3041x29701,"740 Hunter Ports, Rogersburgh, HI 79095",1/27/1993,Engineer,Education,Website,Phone,136706.34,8/29/2024
CUST3544,Brian Graves,knguyen@gmail.com,001-491-720-8655x313,"189 Gutierrez Course, Brooksside, AZ 95851",9/22/1992,Analyst,Technology,Referral,Email,96652.24,1/31/2025
CUST3307,George White,ihernandez@hotmail.com,+1-987-447-5398x1767,"54402 Johnson Union Suite 933, Joshuaborough, SD 70350",2/7/1974,Engineer,Retail,Social Media,,121794.99,4/1/2025
CUST9947,Grant Graham,morenomary@jones-vazquez.com,+1-231-192-1005x3645,"3719 Jose Hollow, New Elizabethview, WA 16393",5/12/1961,Technician,Healthcare,Referral,SMS,60212.9,6/25/2024
CUST5094,Albert Navarro,stephenwilliams@jimenez.com,(931)645-6501,"692 Kimberly Mission, Jenkinsberg, IL 19221",11/6/1982,Analyst,Technology,Unknown,Email,24533,4/20/2025
CUST7616,Emily Clark,mendozabrenda@austin.biz,+1-786-659-2697x1611,"85699 Perez Wall, Johnton, CT 21424",8/14/1989,Technician,Finance,Email Campaign,,139079.91,1/23/2025
CUST7450,Catherine Russell,norriscrystal@gmail.com,001-602-613-6638x4822,"81830 Foster Lane, South Richardport, RI 07667",10/15/2006,Analyst,Education,Social Media,,76879.53,5/1/2024
CUST5070,Danielle Johnson,millerabigail@fry.net,(765)816-7092x699,"84633 Ball Ways, Sullivanfurt, VT 84887",1/11/1956,Analyst,Finance,N/A,Email,76668.52,3/28/2025
CUST8467,James Nunez,francojennifer@yahoo.com,001-829-345-9195x198,"28199 Berg Point, Evansburgh, NH 04647",5/27/1991,Consultant,Retail,Social Media,Email,29597.35,11/22/2024
CUST3756,Bobby Reynolds,procha@bell-melendez.com,7514362152,"89250 Jessica Overpass Suite 134, Hudsonville, ME 97780",8/31/1966,Consultant,Education,Social Media,Email,112164.64,7/20/2024
CUST3021,Steven Kennedy,shelley36@gmail.com,2926524480,"5115 Durham Viaduct, Michellefurt, MA 47213",9/10/1959,Manager,Education,Website,,90415,3/20/2025
CUST9008,Frank Barnes,kristine96@romero.com,001-344-282-0407x824,"60192 Samantha Ville, Andrewfurt, WY 97832",9/18/1977,Consultant,Manufacturing,Unknown,SMS,120415.37,6/5/2024
CUST5215,Leah Ball,nicole68@yahoo.com,9025842314,"USNV Huang, FPO AE 37797",11/28/1957,Engineer,Manufacturing,Event,Email,67746.95,3/31/2025
CUST6737,Jason Carter,vincent30@hotmail.com,+1-134-774-3375x05937,"85046 Todd Prairie Suite 734, North Amymouth, WI 78187",5/29/1979,Manager,Retail,Email Campaign,Phone,58246.14,12/12/2024
CUST2522,Jonathan Faulkner,martinbrianna@yahoo.com,245-002-5725x515,"019 Kevin Trafficway, Fosterland, ND 40175",6/27/2002,Consultant,Manufacturing,N/A,,40709.73,4/26/2024
CUST4586,Katherine Chambers,kevin78@hill-perez.com,368.233.1621x7394,"7196 Robert Walks, Rodriguezfurt, AL 24174",11/30/1993,Consultant,Finance,Event,Phone,90191.63,12/25/2024
CUST7377,Emily Mitchell,crawfordcharles@howard-alvarez.info,001-724-970-1835x20430,"539 Griffith Trail Apt. 106, Lake Barbarahaven, AL 83986",11/2/1956,Director,Manufacturing,N/A,Email,81422.2,5/17/2024
CUST9341,Megan Mcmahon,lynn89@hotmail.com,(148)996-7393x43212,"1656 Amanda Lock, Lake Luisport, WI 06878",4/13/1984,Technician,Technology,Email Campaign,Email,67330.97,2/3/2025
CUST6212,Jennifer Burke,dwaynewalker@hotmail.com,647-595-1892x166,"664 Amy Hills, Port Richardbury, FL 52929",2/7/1966,Director,Retail,Referral,SMS,78959.46,5/5/2024
CUST4684,Guy Gibbs,martinjeffrey@gmail.com,(131)902-2279x132,"74512 David Brook Suite 396, North Brucebury, IA 54485",5/31/1961,Director,Retail,Email Campaign,Email,110117.75,11/11/2024
CUST6782,Francisco Baker,patrickjenkins@hotmail.com,001-676-171-5986,"878 Laura Lake Apt. 131, New Andrewfurt, WA 38565",7/6/1985,Manager,Finance,Website,Phone,76109.68,7/30/2024
CUST6583,Phillip Jones,harrisbrent@gmail.com,661.489.9839,"9729 Wilkinson Mills Suite 888, Clarkemouth, MN 59956",12/16/1987,Analyst,Retail,Unknown,Phone,69418.26,10/25/2024
CUST9787,David Reed,monica02@black.com,595-136-1760x10424,"0894 Lee Causeway Apt. 141, Zunigaborough, MS 14343",2/17/1969,Engineer,Manufacturing,Unknown,Email,118936.82,12/11/2024
CUST5792,Michael Miller,dferrell@hotmail.com,001-772-707-7333x4317,"94784 Young Prairie, Smithfort, UT 58438",8/4/1960,Analyst,Healthcare,Website,,66956.9,2/18/2025
CUST6733,Dennis Williams Jr.,patrickellis@meyers.com,628-978-4415x07923,"2442 Peters Court, East Nicholasberg, ME 69818",11/2/1986,Analyst,Finance,Email Campaign,,79399.36,9/18/2024
CUST5051,Regina Jones,chamberscourtney@daniels.net,180.356.4828,"4543 Gonzalez Trail Suite 547, Port Johnbury, NE 01547",10/9/2004,Engineer,Technology,N/A,Phone,83476.11,11/27/2024
CUST3274,Steven Shields,justinhamilton@edwards.com,1344362673,"3383 Traci Circles Suite 508, Ryanmouth, HI 99898",7/2/1990,Director,Healthcare,Unknown,Email,32554.36,10/9/2024
CUST5763,Kimberly Decker,urivera@gmail.com,001-960-656-4259x1561,"USS Baker, FPO AE 24644",11/24/1969,Technician,Manufacturing,Referral,SMS,31947.27,4/4/2025
CUST4865,Jason Rhodes,jennifer46@hotmail.com,001-517-579-3339x2519,"108 Rebecca Pass Apt. 091, Rileystad, FL 68124",11/24/1983,Director,Retail,Referral,,54615.25,1/13/2025
CUST8043,Luis Price,brittany84@yahoo.com,+1-198-469-2604x989,"35904 Diaz Groves, Martinezside, IN 80137",7/1/1961,Manager,Manufacturing,Email Campaign,SMS,86589.48,10/7/2024
CUST2710,Melissa Drake,melissa33@carroll.org,(230)688-0278x27520,"7260 Lisa Crossing, West Edward, HI 05228",4/3/1990,Consultant,Finance,Unknown,SMS,113730.79,9/17/2024
CUST3194,Melanie Young,ramosshannon@mendoza.biz,623-077-1857x68823,"36519 Hale Greens Apt. 171, Lake Christopherview, MT 66593",11/8/1961,Analyst,Healthcare,Website,SMS,108531.98,11/29/2024
CUST6598,Teresa Lucero,jacob15@gmail.com,001-221-120-3532x71425,"67915 Clark Unions Suite 891, North Bobby, WI 99477",11/19/1986,Consultant,Finance,Social Media,,121335.3,8/20/2024
CUST6857,,hannahgray@rogers-obrien.com,4251210855,"8749 Rodriguez Greens Suite 038, Vanessaville, MS 28808",9/11/1998,Engineer,Manufacturing,Referral,Phone,129793.33,11/17/2024
CUST1136,George Sullivan,davidsonanna@sloan.com,510.497.7010x596,"671 David Heights Apt. 560, Prattside, NJ 44879",10/20/1959,Consultant,Finance,N/A,Email,141952.6,12/30/2024
CUST4993,Robert Lopez,nelsonadrian@hotmail.com,748-073-3841,"288 Evelyn Vista, Jacobhaven, WA 76386",11/25/1992,Engineer,Technology,Email Campaign,Phone,140294.3,4/17/2025
CUST2710,Richard Williams,richardwoods@yahoo.com,909-511-1096,"2574 Hunt Greens Apt. 842, North Jamesville, NJ 56137",3/6/2001,Consultant,Education,Website,,42318.02,4/3/2025
CUST1033,Nicholas Davis,samuelcoleman@gmail.com,(801)743-1000x783,"733 Wood Trail Suite 453, Schaefertown, AK 08299",6/21/1994,Analyst,Retail,Referral,Phone,139540.51,12/19/2024
CUST6706,Jacob Ruiz,qsilva@gross.org,(955)359-0074,"Unit 9122 Box 9552, DPO AA 42782",6/20/1959,Analyst,Technology,Unknown,SMS,20657.39,10/12/2024
CUST9834,Robert Young,adrianclark@mullins.com,+1-140-052-0143x699,"3730 Jennifer Glens, East Kaylee, UT 23248",11/15/1967,Consultant,Manufacturing,N/A,Phone,40919.31,10/6/2024
CUST6598,Jean Murphy,fpoole@rhodes-howard.org,(728)932-7927,"28799 Peterson Pines Suite 440, New Melissaburgh, MO 69098",8/13/1998,Technician,Retail,Referral,Email,37712.46,3/31/2025
CUST6654,Lisa Simpson,invalid_email@,(426)102-4248,"5646 Meghan Port Suite 066, Lisabury, NM 90425",11/17/1985,Engineer,Retail,Event,SMS,20812.11,6/18/2024
CUST4814,Theresa Jones,elijahsmith@hotmail.com,001-646-677-9983x6098,"41614 Maddox Harbor Suite 161, Garciaview, DE 50317",2/11/1969,Engineer,Education,Event,Email,31890.69,9/11/2024
CUST7955,Ryan Brown,ryanmckenzie@gmail.com,8200312353,"20295 Dorothy Motorway Suite 832, North Samuelchester, NJ 42619",3/3/1999,Analyst,Finance,Event,Phone,129699.27,5/4/2024
CUST8643,Sandra Grant,maryfisher@yahoo.com,597.487.8621,"USCGC Kelly, FPO AP 58761",5/2/2005,Technician,Finance,Social Media,Phone,-8715,6/21/2024
CUST4285,Pamela Scott,valdeznatalie@yahoo.com,+1-749-339-4434x34720,"PSC 9172, Box 3576, APO AE 20178",3/14/1981,Engineer,Technology,Social Media,Phone,143110.56,9/30/2024
CUST3862,William Rodriguez,invalid_email@,(321)091-5169,"Unit 8685 Box 7872, DPO AP 52921",4/22/1999,Engineer,Manufacturing,Referral,Phone,25700.52,12/4/2024
CUST6167,Jennifer Barnes,hjones@hotmail.com,(838)875-9864x93037,"25212 Li Mission Suite 644, South Angela, FL 96909",7/12/2001,Engineer,Retail,Event,SMS,108463.11,12/26/2024
CUST6874,Elaine Martin,lyork@yahoo.com,7522992446,Unknown,9/26/1979,Consultant,Education,N/A,Email,134043.35,5/17/2024
CUST2172,Amanda Jones,justin63@davis.org,(124)870-3374x6484,"9008 Calhoun Village, New Donaldview, IN 09732",11/9/1972,Analyst,Manufacturing,N/A,SMS,110886.49,2/26/2025
CUST1838,Susan Mcconnell,brenda37@guerrero.com,001-641-453-4759x023,"01287 Allen Summit, Lake Jeff, IA 30064",1/23/1991,Technician,Healthcare,Unknown,,73716.57,1/9/2025
CUST3579,Tracie Jones,johnshannon@lopez-hart.com,(053)477-8455x099,"245 Anna Lock Suite 101, West Edwardfurt, UT 26519",1/18/1998,Director,Healthcare,Unknown,,64799.79,6/27/2024
CUST1369,Craig Freeman,valdezdaniel@kramer.info,951-761-4159x504,"85266 Ortiz Prairie, New Johnfurt, NV 40155",4/10/1994,Analyst,Education,Unknown,Email,73744.55,5/8/2024
CUST1649,Stacie Morton,olucas@williams-brown.com,106.165.8804x277,"08948 Padilla Rapids, Port Michael, HI 04687",3/5/1957,Engineer,Manufacturing,Unknown,Phone,147062.55,7/22/2024
CUST1948,Amber Liu,ann99@gmail.com,(563)004-5330x23145,"6139 Boyd Well, Port Amandaberg, ME 80860",6/28/1994,Analyst,Manufacturing,Website,Phone,137220.55,9/13/2024
CUST7284,Christina Johnson,hansonjason@gomez.com,708-378-8536x4756,"Unit 4401 Box 7941, DPO AP 83482",8/10/2003,Engineer,Finance,Social Media,SMS,25902.51,4/12/2025
CUST3539,Robert Bullock,oroberts@hotmail.com,001-412-416-0320x455,"53385 Kelly Knoll Suite 284, Hardyfurt, LA 19976",3/8/1968,Director,Technology,Event,,48831.28,8/18/2024
CUST8660,John Mayer,oowens@hotmail.com,+1-674-175-7533x030,"139 Freeman Turnpike, South Kaitlynville, UT 12581",10/18/1996,Engineer,Retail,Social Media,Phone,146206.63,8/25/2024
CUST7878,Richard Murphy,nhernandez@mullins-mueller.net,524-674-5293,"6315 Martin Underpass, Caitlynberg, SD 85867",5/3/1980,Analyst,Retail,Social Media,Phone,63861.36,3/16/2025
CUST3375,Crystal Escobar,corey03@nguyen.info,917-951-2375,"PSC 0361, Box 8051, APO AE 69099",2/7/1969,Consultant,Manufacturing,Website,,132065.75,10/12/2024
CUST5304,Kyle Nelson,courtney57@yahoo.com,(400)430-9898,"94192 Deborah Motorway, Floresburgh, NY 26480",8/14/2002,Consultant,Finance,N/A,,78214.6,2/22/2025
CUST5521,Christian Huber,sarah95@yahoo.com,+1-389-361-2476x54598,"15485 Ryan Turnpike Suite 202, Angelachester, WA 14476",6/29/1986,Director,Healthcare,N/A,SMS,135829.45,2/27/2025
CUST4952,Cheryl Wallace,donna49@yahoo.com,001-580-591-8301x38801,"3127 Boone Underpass, Rhondamouth, SD 44982",1/12/1991,Director,Healthcare,Event,SMS,145797.49,3/3/2025
CUST1592,Ashley Gonzalez,lgarcia@anderson.com,033-681-0885,"86441 Larry Road Suite 553, Lake Patrick, ND 69563",8/3/1978,Manager,Retail,Unknown,SMS,72765.99,3/22/2025
CUST7423,Kevin Bryant,courtney07@gmail.com,439.298.3122,"7740 Woods Spurs Apt. 582, New Robert, NC 28357",12/24/1979,Director,Finance,Social Media,SMS,26899.49,12/23/2024
CUST3147,John Hansen,gabrielweaver@hotmail.com,333-159-0562x8834,"71462 Adams Ramp, Port Nicolasstad, AL 03555",5/25/1975,Analyst,Technology,Website,,66813.79,3/11/2025
CUST5361,Wendy Frey PhD,atucker@espinoza.net,001-939-247-4748x809,"982 Huff Mission, New Samanthashire, WI 02058",6/15/1963,Analyst,Education,Website,SMS,144919.72,2/14/2025
CUST1509,Michael Hoffman,john72@ponce-norris.org,4239042049,"282 Brian Port Apt. 397, Kingmouth, TN 41702",3/5/1955,Manager,Manufacturing,Referral,Email,97228.66,1/25/2025
CUST9950,Paul Buchanan,charles60@byrd.biz,+1-891-133-5648x1503,"329 Lopez Stravenue Apt. 207, Taylormouth, MO 00552",12/13/1958,Analyst,Education,Website,Email,84139.99,2/9/2025
CUST5780,Joseph Williamson,petersonclinton@long.com,1938871416,"66871 Melanie Ports Apt. 921, North Sabrina, SD 16534",8/7/1959,Analyst,Technology,Website,Email,135632.82,6/21/2024
CUST2576,Tyler Kennedy,john64@yahoo.com,-5860,"357 Douglas Pines, Lake Jeffrey, MD 50553",1/9/1973,Engineer,Finance,Email Campaign,,32318.11,1/3/2025
CUST7994,Stanley Mendez,imoses@davis.com,-5613,"32465 Humphrey Islands, East Joannaberg, ME 71146",1/27/1961,Engineer,Healthcare,Social Media,SMS,111540.75,6/5/2024
CUST1906,Julie Robinson,christophertorres@stone.biz,652-835-3677x8059,"13206 Monroe Knolls Apt. 728, Owensbury, NV 05009",9/7/1991,Technician,Retail,Website,Phone,41864.71,12/5/2024
CUST9614,Andrea Flores,kevinpatton@zuniga.com,271.988.9177x052,"28639 Christopher Gardens, Port Geraldfort, NJ 34252",7/10/1964,Consultant,Technology,Event,SMS,139519.04,9/8/2024
CUST3004,Donald Ellis,daniel42@cross.info,3452469062,"84768 Linda Motorway, Donaldville, WI 25182",1/31/1982,Analyst,Technology,Website,Phone,149767.42,1/28/2025
CUST5766,Crystal Fletcher,laurakey@gmail.com,886447762,"12892 Harris Squares, Jonathanport, CA 06266",1/12/1961,Technician,Healthcare,Referral,,137145.2,12/21/2024
CUST4898,Carolyn Boyd,davisjulie@larson.com,(489)071-5675x4186,"20406 Taylor Landing, Gilesfort, AK 57327",6/12/1967,Analyst,Finance,Website,Phone,131791.11,6/10/2024
CUST7857,Linda Trevino,rodriguezsteven@hanson.info,001-676-522-1766x854,"7246 Timothy Flat Suite 652, Ginaview, NH 36800",2/9/1999,Engineer,Finance,Social Media,Email,63843.88,2/7/2025
CUST1529,Wanda Johnson,madison91@wright.com,321.133.0746,"992 Hayes Course Suite 996, Mooreborough, KY 61884",9/30/1990,Manager,Education,Unknown,SMS,77220.09,12/31/2024
CUST5475,Victoria Mcconnell,mosleydavid@gmail.com,001-276-970-1582,"74130 Foley Mountains Suite 367, Lake Sheena, IA 62353",8/7/1965,Analyst,Finance,Email Campaign,SMS,25697.37,9/20/2024
CUST9650,Kristen Whitaker,shawn70@gmail.com,367.800.6272,"7455 Williams Extension, Moodyville, NJ 14311",8/19/1974,Engineer,Retail,N/A,Phone,129788.23,5/12/2024
CUST3844,Dana White,howellelizabeth@gmail.com,100.881.4605x798,"573 Lawrence Springs Suite 694, New Ebony, AK 60449",1/11/1972,Director,Manufacturing,Website,SMS,112078.61,10/26/2024
CUST4106,Kevin Reid,yharrison@gmail.com,(495)379-1703,"6204 Wheeler Mount, Theresastad, WA 32910",10/13/1979,Technician,Education,N/A,Email,138749.19,2/28/2025
CUST3997,Gilbert Wright,denise11@romero-patterson.com,256-892-5765,"4282 Russell Divide Apt. 086, Hillborough, OK 18976",8/12/1956,Engineer,Finance,Website,,57419.93,7/30/2024
CUST4143,Amanda Dunn,steven95@hotmail.com,770-104-3313,"0245 Adrian Brook Suite 532, Kirstenhaven, IL 82091",4/2/2007,Director,Healthcare,Social Media,Email,46424.25,5/18/2024
CUST1566,Steven Becker IV,sotojames@santana.info,566.934.8282,"07737 Pamela Turnpike Suite 014, Aprilborough, AZ 65564",7/24/1980,Engineer,Finance,Social Media,SMS,36387.35,11/17/2024
CUST8613,Margaret Ramos,invalid_email@,(276)538-1018x16997,"30208 Brown Junctions, Port Lydiaberg, NM 62239",5/7/1955,Manager,Retail,Website,SMS,28373.23,5/23/2024
CUST2555,Melissa Wright,timothy31@davis.com,376-480-7700x7416,"80199 Scott Loaf Apt. 941, Lake Lonnieside, TN 97132",7/7/1990,Analyst,Technology,Event,Email,144203.53,11/22/2024
CUST1011,Stephen Smith,jthomas@hotmail.com,894.669.1216,"27610 Andrew Drive Suite 843, New Nicole, MI 42730",2/28/1982,Analyst,Manufacturing,Event,Phone,144779.77,2/14/2025
CUST4150,Crystal Wilson,wilsonjennifer@spencer.com,282-884-1475x34470,"PSC 1904, Box 1656, APO AA 30546",9/7/1990,Analyst,Healthcare,Social Media,SMS,39046.03,2/5/2025
CUST9089,Tiffany Bennett,johnstonpatrick@jackson.com,+1-627-411-5183x02841,"171 Reynolds Union, Martinmouth, AR 97057",5/22/1957,Consultant,Finance,Website,Email,72982.42,11/22/2024
CUST1254,Ann Sanchez,pmcguire@burton.com,001-090-266-2991x99501,"066 Robert Extension, South Gina, MS 37041",2/17/1981,Director,Manufacturing,Website,Email,71711.85,11/24/2024
CUST8202,Ruth Meyer,claytonjoseph@yahoo.com,792.072.2659,"26040 Dawson Drive, South Teresaland, MT 29480",6/20/2006,Director,Finance,Website,,113226.75,1/29/2025
CUST3961,Mario Davidson,elizabethduran@santos-wilson.net,001-657-639-5304,"297 Jennifer Gateway, Wrightview, CT 54773",6/23/1957,Analyst,Finance,Unknown,Phone,149495.07,2/28/2025
CUST6305,Christina Mejia,codyreynolds@burton.info,001-959-602-3373x650,"204 Amanda Canyon Suite 387, West Alicestad, MT 24267",9/28/1996,Analyst,Technology,N/A,Phone,113165.34,8/22/2024
CUST6716,Sylvia Knight,joshuacaldwell@gmail.com,+1-174-730-8373x796,"8458 Williams Point Suite 793, Phillipschester, MI 61449",4/23/2007,Technician,Healthcare,Event,SMS,59878.38,3/11/2025
CUST7071,Cassie Garcia,lorraine18@anderson.info,879-687-9788x0159,"6548 Sherri Shoals Suite 087, Lake Brendaville, CA 60622",1/7/1999,Analyst,Healthcare,Website,Email,71041.97,1/17/2025
CUST1875,Mark Marshall,wolfeanna@zamora.com,516.459.0636x4985,"4847 Hull Oval Suite 412, Woodburgh, ME 35894",5/17/1977,Consultant,Healthcare,Social Media,SMS,21046.49,3/10/2025
CUST2700,Kristi Jackson,flee@murray.com,7720356342,"68442 Kathleen Alley, Gomezview, MT 49565",6/12/1960,Technician,Education,Unknown,Email,29474.21,5/22/2024
CUST4750,Mary Harmon,ggraves@hernandez.org,723.126.9133x997,"7790 Anna Radial Apt. 906, Lake Michelle, KY 24298",5/10/2005,Consultant,Education,Social Media,Phone,136849.71,5/9/2024
CUST6434,Kevin Howard,wallacetiffany@hill-davis.com,(628)553-5203x3899,"33452 Joseph Lock Suite 001, Port Darrenburgh, UT 69129",12/21/1990,Analyst,Finance,Email Campaign,SMS,43890.13,1/25/2025
CUST2984,Yolanda Taylor,garciajeffrey@ayala.biz,(134)531-0200x28255,"277 Wright Well Apt. 965, Ronaldton, NV 54825",10/21/1982,Technician,Healthcare,N/A,Phone,48448.57,1/17/2025
CUST1359,Sophia Harris,terrigardner@smith-moore.com,001-093-338-2617x281,"4555 Rodney Mountains Suite 252, Millerborough, RI 20500",4/21/1992,Analyst,Education,Unknown,Email,29066.72,8/28/2024
CUST8274,Dylan Escobar,jesse47@williams.com,988-455-4746,"819 Zachary Valley Apt. 413, South Marioland, TX 18696",9/28/1954,Engineer,Manufacturing,Website,,129060.93,4/21/2025
CUST5136,Dorothy Rojas,tgarcia@perez.com,(074)796-0937x37597,"961 Baldwin River Suite 667, North Michaelhaven, DC 42301",8/15/1994,Analyst,Healthcare,Website,,86356.78,12/1/2024
CUST8080,Joseph Cook,mcleankyle@hotmail.com,001-030-505-1291x78126,"8523 Kristin Mews Apt. 128, Lake Tracy, VT 15815",2/5/1959,Engineer,Healthcare,Website,Email,69923.39,9/30/2024
CUST4858,Julie Knox,kjackson@hotmail.com,001-043-518-9243x027,"72843 Banks Mews, Robertstad, KY 54123",5/5/1993,Manager,Healthcare,Event,Email,56606.69,5/7/2024
CUST3609,Jesse Gonzalez,freemanscott@stone-gay.com,001-536-249-6206,"5754 Scott Gardens, Jessefurt, CT 80318",9/1/1972,Analyst,Retail,Social Media,,62026.09,4/17/2025
CUST7720,Thomas Ortega,brianasmith@newman-williams.info,001-821-390-1512x4391,"73785 Gregory Mews Suite 870, Parkershire, AL 76361",10/2/1984,Manager,Finance,Referral,,60519.03,1/13/2025
CUST4138,Daniel Simpson,welchmarc@yahoo.com,001-485-239-4058,"536 Watts Forges Suite 036, West Carolynmouth, RI 55467",2/22/1977,Engineer,Healthcare,Unknown,Phone,74480.44,11/28/2024
CUST2071,Donald Jones,brandy56@johnson.com,001-163-356-0768,"129 Alvarado Pine Apt. 728, Reynoldsport, IN 15913",8/18/1963,Engineer,Technology,Referral,,68105.72,5/15/2024
CUST3788,Andrea Kelley,steven38@zamora-hickman.net,001-298-851-8261x5031,"38381 Clark Tunnel Suite 850, Christopherberg, NH 19584",3/13/1957,Manager,Finance,Social Media,,147829.44,4/28/2024
CUST9083,John Jones,nholloway@lawson.biz,001-807-329-9409x9100,"9487 Donald Manors, Lake Sarahburgh, IL 50319",11/25/1983,Technician,Manufacturing,Referral,Email,137953.02,7/2/2024
CUST1257,Patricia Moore,landerson@fuller.com,+1-859-335-9736x091,"975 Russell Corner, Charlesview, KY 84709",10/5/1962,Engineer,Education,Unknown,Phone,49334.47,6/18/2024
CUST8384,Jennifer Christian,gregoryflowers@scott.com,579-257-2138x684,"97886 Keller Ridge, Allenmouth, HI 95192",7/31/2001,Director,Finance,Referral,Phone,76088.38,4/8/2025
CUST6654,Katie Garrison,christian37@gmail.com,407.829.8286,"91390 Eric Parkways, Livingstonberg, GA 78757",9/23/1978,Engineer,Technology,Unknown,Phone,28778.27,7/22/2024
CUST6733,Katie Beard,james47@walker-sanchez.com,001-349-691-9106,"58351 Reynolds Land Suite 396, Rebeccaside, PA 29036",3/31/1989,Engineer,Manufacturing,Event,,113962.62,12/31/2050
CUST3778,Melvin Rocha,wsmall@spence.com,+1-996-026-1356x4538,"5866 Marissa Harbors, Moorefort, KS 94010",8/23/1955,Analyst,Manufacturing,Website,,33834.08,6/28/2024
CUST6969,Amy Garcia,chad17@yahoo.com,001-453-438-8559,"45794 Anderson Creek, Port Marioport, OK 82548",1/13/1990,Director,Retail,Referral,SMS,63201.05,12/15/2024
CUST8754,Jade Anderson,ashleyclark@yahoo.com,006.412.7645,"82297 Lucas Freeway, Ernestland, CT 98205",5/11/1978,Engineer,Technology,Event,SMS,93966.76,1/9/2025
CUST6690,Connor Ramirez,tpeterson@myers.com,078.697.6288,"719 Lisa Plain, Tarashire, UT 85921",5/18/1987,Technician,Retail,Referral,Email,69623.57,10/16/2024
CUST3839,Samantha Robinson,christina82@jimenez.com,5244934146,"5284 Kelly Lakes Apt. 040, Yatesbury, LA 50251",8/24/1977,Engineer,Technology,Website,SMS,139231.82,1/27/2025
CUST8287,Thomas Houston,qrodriguez@holland-crawford.com,838-212-9234x20122,"703 Christine River, West Davidburgh, MT 36380",7/26/1970,Director,Technology,Event,Phone,28731.94,12/30/2024
CUST2446,Kristin Anderson,lali@yahoo.com,###-###-####,"946 Heather Pike Suite 390, Tammymouth, RI 41423",11/26/2006,Director,Healthcare,Event,,136897.91,4/2/2025
CUST8166,Sheila Chapman,smithmorgan@yahoo.com,001-990-443-9570x15607,"86327 Jennifer Harbors Suite 569, Jensenburgh, IL 59807",9/22/1996,Analyst,Education,Social Media,Email,105456.35,7/6/2024
CUST2994,Jeffrey Benton,anna13@harris-franklin.com,640-189-5681x57956,"USS Herrera, FPO AP 21975",7/29/1983,Manager,Healthcare,N/A,,41126.76,2/19/2025
CUST3223,Elizabeth Bean,felicia29@gmail.com,509-008-1327x002,"86876 Jacobs Village, Lisatown, WI 14088",5/21/2004,Manager,Manufacturing,Referral,SMS,89765.1,3/13/2025
CUST2208,Danielle Chambers,christine07@marks.com,335.105.3974,"874 Michael Street Apt. 049, Danielport, WA 36787",2/1/1998,Manager,Healthcare,N/A,Phone,27690.75,11/17/2024
CUST6278,Daniel Hendricks MD,martha68@gmail.com,434.773.1390x2155,"49097 Powers Pass Apt. 865, Phillipschester, MA 55216",7/30/1962,Analyst,Education,Email Campaign,SMS,105128.38,9/27/2024
CUST5234,Jennifer Perry,vjordan@hotmail.com,144.541.8820x55433,"518 Harmon Fort Suite 736, New Tina, WY 37027",1/21/1980,Manager,Technology,Unknown,Email,28585.07,12/16/2024
CUST6496,Megan Ayala,gmoore@campbell.com,061-660-5993,"103 Mccoy Vista, West Yolanda, DC 54638",10/4/1982,Director,Manufacturing,N/A,Phone,111143.1,7/8/2024
CUST6347,Robert Knapp,evansjoshua@hotmail.com,4014770694,"20823 Jenna Streets, East Joshua, VT 95854",7/3/1956,Manager,Technology,N/A,Email,36585.49,3/16/2025
CUST3950,Kevin Lawson,qbrooks@silva.com,+1-591-514-9867x03212,"05546 Barbara Rapids, New Nancyside, NV 05362",10/16/2000,Manager,Finance,Social Media,Phone,48472.28,8/4/2024
CUST3330,Hannah Chavez,dianecarpenter@soto.com,5723872996,"514 Mark Station, Marybury, AK 09019",2/28/1987,Manager,Technology,Email Campaign,,66692.78,9/10/2024
CUST5452,Matthew Murray,andre44@baird.com,(153)505-7820,"87034 Grant Groves, Courtneystad, FL 29411",3/18/1976,Technician,Finance,Referral,SMS,113320.8,9/30/2024
CUST7989,Michael Walters,courtney37@mcneil.com,(337)308-9905x988,"313 Cole Throughway, West Patricia, AL 17931",8/31/1989,Manager,Manufacturing,Website,,63610.47,4/4/2025
CUST1183,Christopher Young,william22@green-walters.com,(708)201-5473x5788,"USS Hall, FPO AA 37083",2/3/2001,Consultant,Education,Email Campaign,Phone,20375.16,10/30/2024
CUST8193,Victoria Thomas,jeanette84@yahoo.com,-8086,"3857 Tristan Wall Apt. 492, Richardfurt, OH 26182",5/26/1975,Analyst,Technology,Unknown,Phone,141537.35,1/9/2025
CUST6381,Scott Sherman,sarah32@yahoo.com,+1-235-718-6086x12395,"1115 Jones Walk, Rachelton, IL 78995",6/15/1962,Consultant,Retail,Social Media,,137402.14,3/11/2025
CUST9616,Ryan Riggs,leealan@yahoo.com,(605)078-4334x96093,"727 Munoz Ford Suite 631, Isaiahberg, MI 05787",11/4/1969,Director,Manufacturing,Referral,Phone,119827.67,2/11/2025
CUST2320,Alan Robinson,lisastuart@ramirez-smith.com,001-486-114-1153x7375,"3135 Shane Parkways, Rebeccabury, IA 95294",1/7/1974,Engineer,Technology,Referral,Email,74042.37,11/27/2024
CUST6082,Denise Steele,carriesanchez@hotmail.com,167-682-0354,"39989 William Lakes, Lake Claytonmouth, WY 92735",1/26/1995,Technician,Finance,Email Campaign,SMS,69155.61,7/11/2024
CUST8206,Heidi Perez,egreen@mcconnell.com,(907)307-7543x08902,"22467 Robert Vista Suite 296, Davisview, ND 43245",6/12/1968,Engineer,Healthcare,Event,Phone,35513.11,3/26/2025
CUST8812,Julia Saunders,ckane@watson.com,286.549.4709,"6616 Wilson Lights, Port Jennifertown, AL 29386",9/7/1969,Analyst,Healthcare,Unknown,SMS,28694.51,10/31/2024
CUST1996,Dale Beck,christopherrodriguez@gmail.com,013.807.6642x28384,"40222 Jones Plains, Juanmouth, KY 41725",6/12/1967,Consultant,Healthcare,Referral,Email,124189.6,12/24/2024
CUST4498,Brent Salazar,hardinmatthew@hotmail.com,+1-975-683-5699x62093,"4728 Sawyer Dale, Paulberg, OR 08588",5/9/2001,Engineer,Retail,Email Campaign,Email,85141.34,6/26/2024
CUST3934,Michelle Terry,othomas@hotmail.com,+1-544-745-6574x5460,"1563 Tran Knolls Suite 785, Tinaton, NV 33190",11/13/1984,Consultant,Manufacturing,Social Media,,129386.5,2/2/2025
CUST9290,Jacqueline Campbell DDS,znguyen@evans.com,969-292-8112x6565,"26542 Manuel Divide Apt. 919, North Gailmouth, SD 42986",5/7/1977,Consultant,Finance,Email Campaign,Phone,111055.41,6/20/2024
CUST1318,Derrick Phelps,contrerassandra@brooks-herrera.com,(925)258-1164x4029,"10471 Kenneth Falls, East Benjamin, KY 63192",6/10/1984,Engineer,Manufacturing,Event,,67066.6,5/16/2024
CUST2997,Danny Chapman,joshuaberry@hotmail.com,645.509.3573x998,"2876 Jessica Neck, Timothyborough, AK 08569",6/9/1965,Analyst,Manufacturing,Unknown,SMS,59065.4,3/19/2025
CUST5961,Nicole Richardson,landerson@johnson-brennan.com,(114)489-6955x71090,"03572 Adam Plains, Wendychester, MT 97969",6/17/2005,Consultant,Retail,Email Campaign,Phone,109031.52,2/20/2025
CUST5475,Jacob Jones,robert74@flores.com,001-494-997-4275x44824,"60651 Rachel Grove, Hendricksmouth, CT 80237",5/15/1979,Manager,Technology,Referral,,64692.69,6/23/2024
CUST7570,Joseph Larsen,alexandra31@gmail.com,001-118-838-8495x959,"211 Crystal Points Suite 676, Fordfurt, MT 46619",8/7/2000,Technician,Manufacturing,Email Campaign,Phone,78969.99,6/14/2024
CUST9692,Cheryl Wood,lopezmichael@gmail.com,001-125-057-6448,"307 John Wall, Port Alexa, TN 21485",10/18/1990,Manager,Retail,Referral,,134668.35,3/15/2025
CUST1707,Gary Vargas,russelljermaine@hotmail.com,9066801642,"374 Kristi Walks, Port Krystal, TX 44858",4/21/1962,Engineer,Education,Referral,SMS,48137.48,7/9/2024
CUST8767,Karen Grant,isimpson@french.net,+1-889-012-6812x677,"48077 Johnson Trafficway Apt. 927, East Benjaminhaven, UT 24606",2/28/1961,Technician,Healthcare,Unknown,SMS,142308.98,11/28/2024
CUST6651,Stuart Cochran,garciamelissa@knight.com,108-147-0766,"5233 Richardson Unions Suite 242, South Michaelchester, GA 85981",2026-15-45,Technician,Education,Social Media,Phone,33183.54,10/22/2024
CUST3638,Austin Smith,mitchellcrystal@warner-gutierrez.com,436.822.4339,"586 Becker Lakes Apt. 127, North Erik, CA 19335",1/24/2001,Director,Technology,Website,,143388.66,8/12/2024
CUST4919,Mrs. Annette Williams DVM,acostaerica@stephenson.org,(834)601-5262x47319,"37064 Yang Heights, New Kyle, PA 92744",12/19/1959,Technician,Manufacturing,Website,,39177.46,12/12/2024
CUST8278,Ronald Dunlap,lauren93@bennett.org,047.495.0234,"35653 Irwin Prairie Suite 038, East Benjamin, IN 94620",1/27/1997,Technician,Education,Unknown,Email,105541.95,7/11/2024
CUST4893,Amanda Beard,hmay@phillips.com,869-256-2819,"75878 Gregory Forges Suite 603, New Caleb, MS 65559",5/8/1996,Technician,Retail,Social Media,Phone,46131.72,3/8/2025
CUST2050,Sharon Moreno,christopherbarry@sanchez.com,-8898,"91969 Katherine Forks Apt. 850, Colonport, DC 65309",12/8/1988,Manager,Healthcare,N/A,SMS,143140.51,11/27/2024
CUST3750,Todd Eaton,amber34@hotmail.com,044-976-2389,"48888 Ryan Trafficway Apt. 544, Luisshire, SC 18227",1/17/1961,Analyst,Technology,Website,SMS,89111.74,8/4/2024
CUST2064,Catherine Fox,ashley05@payne-welch.com,(601)289-0406x529,"41084 Bright Keys, Lake Janeville, ND 21269",10/10/2004,Manager,Education,Referral,Email,125159.19,5/6/2024
CUST3147,John Curtis,powerscaitlin@johnson.com,-1692,"981 Bruce Camp, Pamelastad, UT 46092",7/21/2003,Engineer,Finance,N/A,SMS,130284.13,6/3/2024
CUST2387,Amanda Rivera,norma38@gutierrez.com,253-308-3078x5129,"USCGC Sanchez, FPO AP 90241",10/4/2002,Consultant,Retail,Website,SMS,147417.92,6/15/2024
CUST5592,Lori Zamora,sdunlap@yahoo.com,042.630.1870,"918 Jones Trace, North Johnville, IA 82002",1/16/1991,Analyst,Retail,Unknown,,139097.89,4/8/2025
CUST5877,Vanessa Cruz,bthomas@gmail.com,574-333-6923,"8643 Luna Curve, North Neil, MD 09228",3/2/1976,Technician,Education,Email Campaign,SMS,123488.58,1/8/2025
CUST4943,Karen Sharp,jared80@parker-woodward.com,630.552.6445x176,"086 Christensen Village Suite 439, West Sara, AZ 55882",6/13/1954,Director,Technology,N/A,SMS,113826.94,3/18/2025
CUST9815,Chad Williams,christophermiller@yahoo.com,981-365-1319,"226 Campbell Terrace, New Janicestad, AR 67771",10/13/1995,Analyst,Healthcare,Social Media,Phone,76756.2,6/11/2024
CUST7371,George Hall,mary23@clements.net,+1-530-711-8904x7426,"187 Smith Ferry Apt. 632, Alexandraton, LA 72087",1/6/1997,Consultant,Education,Email Campaign,,141055.13,1/4/2025
CUST6662,Dustin Bautista,dbarrett@hotmail.com,(812)946-5528x1846,"593 Jane Passage, West Josephfurt, WI 40214",3/17/2004,Director,Retail,Unknown,Email,76018.04,4/3/2025
CUST1744,Jennifer Harper,margaret72@yahoo.com,886.904.1620,"655 Ricardo Corner Apt. 143, New Ashleyburgh, NV 82786",7/14/1995,Manager,Finance,Referral,SMS,57121.59,6/6/2024
CUST2847,Andrea Cook,gpayne@andrade-mcguire.net,+1-593-046-3808x747,"8565 Martha Isle Suite 099, Shawnton, CA 01183",1/2/1955,Director,Technology,Website,SMS,140288.09,12/31/2050
CUST9817,Dr. Matthew Murray,derrick13@gmail.com,(585)268-3163,"0436 Hoover Islands, Castillohaven, MD 70468",2026-15-45,Analyst,Manufacturing,Website,SMS,44097.42,10/16/2024
CUST8807,Virginia Salazar,waderobert@hotmail.com,+1-673-561-4000x70396,"997 Guzman Crest, Shahborough, NJ 01958",5/15/1964,Director,Healthcare,Social Media,SMS,94843.16,6/26/2024
CUST9887,Jonathan Proctor,alexa42@rose-simpson.biz,635.624.9127,"PSC 1929, Box 0572, APO AP 87488",2/26/1983,Analyst,Retail,Referral,Email,130948.31,12/31/2050
CUST8008,Daniel Fry,amaxwell@hotmail.com,001-919-160-0973x323,"Unit 6971 Box 6047, DPO AE 79652",10/2/1958,Engineer,Retail,Unknown,SMS,37772.15,4/16/2025
CUST7009,Lori Johnson,nclark@hotmail.com,(273)169-1060x375,"5860 Page Unions, Butlerbury, WY 56069",11/5/1972,Technician,Manufacturing,Website,SMS,43607.04,3/15/2025
CUST5787,Terri Fry,kristengonzalez@mcmahon-douglas.com,(539)291-4665,"9414 Park Light, Gallegosfort, TX 48638",3/2/1994,Analyst,Finance,N/A,SMS,104586.47,5/23/2024
CUST5059,Mr. Jeffery Lopez,iwilson@yoder-nelson.com,753.227.0464x841,"715 Jacqueline Highway, Christophermouth, LA 93151",12/6/1981,Manager,Healthcare,Unknown,Phone,142324.62,8/6/2024
CUST4123,Donald Petersen,eugenehernandez@hotmail.com,+1-676-492-4563x710,"6155 Mcguire Glens Apt. 953, North Jacobhaven, LA 01482",3/2/1975,Analyst,Education,Social Media,Phone,113391.26,12/16/2024
CUST3847,James Pham,christopher55@reed-murphy.net,650-669-4705,"765 Jennifer Mission Apt. 578, Lake Emily, MA 23565",1/21/1969,Consultant,Manufacturing,Email Campaign,Phone,105512.11,3/26/2025
CUST9161,Andrew Martinez,hbrown@gmail.com,256.646.7658,"723 Nolan Bridge Apt. 528, Ramirezburgh, IN 09092",5/11/1965,Manager,Finance,N/A,Email,23898.4,4/16/2025
CUST3513,Jason Howard,sramsey@yahoo.com,+1-705-405-0062x755,"7318 Wilson Pine, Brandyport, HI 76564",3/11/1987,Technician,Technology,Website,,142219.07,7/29/2024
CUST9180,Holly Farrell,gilmoremelissa@fields-ramos.net,-3008,"83744 Murray Brooks, West Paultown, MS 90118",8/15/2001,Manager,Healthcare,Website,Email,67886.84,5/11/2024
CUST2025,Christopher Boyle,collinsmiranda@yahoo.com,+1-043-923-7660x0570,"15953 Wood Island Suite 285, New Emily, AR 42700",4/16/1968,Consultant,Finance,Event,SMS,61383.63,2/8/2025
CUST2571,Gabriela House,vhahn@hotmail.com,(971)890-2735,"85426 Stephanie Courts Suite 603, Erinview, LA 59422",8/25/1967,Analyst,Technology,Social Media,Phone,76282.92,1/23/2025
CUST6505,Darlene Rush,brian93@hotmail.com,578484164,"19832 Paul Drive Suite 128, Lake Jessica, OH 81008",9/19/1984,Consultant,Education,Social Media,,26319.23,8/21/2024
CUST5504,Christy Frazier,fmorris@jordan.com,958.783.5868x21791,"321 Charles Mill Apt. 546, West Michaeltown, SD 40468",2/13/1960,Manager,Technology,Referral,Email,109895.13,12/8/2024
CUST7679,Tracey Williams,donnawebster@gmail.com,997.067.2828x92475,Unknown,12/9/1992,Analyst,Technology,Unknown,Phone,48933.37,1/12/2025
CUST3493,Robin Caldwell,tmartinez@yahoo.com,5842460668,"PSC 1341, Box 3611, APO AP 61749",12/1/1991,Consultant,Retail,Referral,,72039.65,8/22/2024
CUST6324,Curtis Nelson,matthewsaunders@yahoo.com,-3514,"219 Hayes Ports Apt. 941, Shawnaburgh, CT 00939",1/9/1961,Consultant,Healthcare,Referral,,20442.69,5/2/2024
CUST2390,Jennifer Joseph,xortega@yahoo.com,+1-393-923-4900x6385,"582 Troy Prairie Suite 548, Jordanburgh, NV 44139",11/25/2004,Engineer,Technology,Unknown,Email,140250.05,3/11/2025
CUST5355,Hailey Higgins,iwatkins@hotmail.com,+1-792-859-6128x50126,"79721 Russo Manors, Cookbury, LA 91618",9/10/1978,Technician,Education,Unknown,Phone,125777.28,12/13/2024
CUST3140,William Deleon,christina53@chen.com,(779)228-5470x5891,"731 James Branch Apt. 067, East Michelle, MI 34428",9/28/1987,Engineer,Finance,Social Media,SMS,104380.03,9/18/2024
CUST2211,Patrick Fitzpatrick,ashley23@hotmail.com,525.454.2575x3990,"6709 Nicholson Curve Suite 437, Kerrystad, TX 09626",5/14/1992,Engineer,Finance,Website,Phone,82899.84,11/3/2024
CUST8754,Justin Bullock,dobrien@harper.com,(934)077-7917,"13792 Jenkins Loop, Port Edwardstad, CT 76903",8/6/1971,Manager,Technology,Referral,Email,60194.54,5/13/2024
CUST4557,Gina Hernandez,mark31@yahoo.com,(118)925-6998x3106,"59677 Patel Turnpike, Allenhaven, KY 17002",11/2/1988,Consultant,Technology,Unknown,Phone,35588.96,1/1/2025
CUST1522,Isaac Foley,melissa65@nash.com,636-712-6180,"671 Amanda Island, Ashleyview, SD 63811",4/15/1958,Director,Education,Referral,Email,120001.12,8/27/2024
CUST3194,Daniel Fisher,powellcarrie@huang.net,001-117-172-0727x95691,"1977 Stephen Circles, Christinahaven, MA 13122",11/12/1996,Consultant,Manufacturing,Unknown,Email,84269.03,2/10/2025
CUST9819,Marcus Pena,littlebrandon@vazquez.com,001-743-992-6879x398,"040 Jeremy Hills, West Lisaville, CT 91794",6/2/1963,Engineer,Healthcare,Website,Phone,69150.85,10/19/2024
CUST2793,Michael Hardin,maryrogers@yahoo.com,+1-157-046-2276x021,"123 Graves Coves Suite 217, Frostport, SC 95087",10/18/1984,Analyst,Technology,Referral,,42881.33,5/19/2024
CUST8565,Deanna White,rcampbell@gmail.com,(023)631-8621,"9274 Lewis Union Suite 477, South Kayla, MS 57745",9/15/1991,Engineer,Manufacturing,N/A,Phone,94829.75,1/16/2025
CUST8707,William Allen,duffylisa@hotmail.com,001-228-286-1976,"USNV Bates, FPO AE 08384",11/17/1961,Consultant,Healthcare,Social Media,Phone,113487.74,4/2/2025
CUST4417,Stephanie Martin,craiggomez@yahoo.com,505-190-5292x5631,"192 Ryan Freeway, New Carolinemouth, MS 52126",11/25/1970,Analyst,Technology,N/A,Phone,138240.8,9/4/2024
CUST2399,Jose Martinez,rebeccahaynes@hotmail.com,(958)681-5176x778,"219 Joseph Field Apt. 312, East Jessicatown, SD 40166",12/2/1990,Manager,Healthcare,N/A,,49489.13,5/29/2024
CUST7850,Ronald Everett MD,qbullock@kelly.com,+1-982-709-0170x31974,"9791 Mullins Estate Apt. 590, Rogersfurt, TX 39958",8/19/2002,Manager,Manufacturing,Event,Phone,20185.14,5/12/2024
CUST7330,Adam Romero,zacharyedwards@espinoza.com,452-496-0541x726,"6216 David Street, East Christopher, AZ 12851",6/29/1989,Consultant,Technology,N/A,Phone,121641.63,6/23/2024
CUST2533,Lance Daniel,flucas@gmail.com,(915)857-3681,"441 Garcia Roads Apt. 789, East Lisamouth, ND 41595",3/17/1993,Manager,Healthcare,Email Campaign,,31323.99,10/1/2024
CUST2234,Steven Boyd,kevin10@yahoo.com,001-875-238-5192x337,"83022 David Village, Robertton, MI 72650",7/10/2004,Engineer,Retail,Email Campaign,Email,137961.74,2/10/2025
CUST4750,Katherine Williams,hollyconrad@lowe.com,364.737.0058x935,"31724 Pierce Underpass Suite 802, Nancyton, WV 57505",3/24/1990,Consultant,Finance,Event,Phone,70581.69,10/31/2024
CUST9237,Karen Hanson,carriemann@chase-crosby.org,4353703456,"862 Jason Port, Sarahville, OK 71054",2/17/1984,Engineer,Manufacturing,Unknown,Phone,127869.44,3/14/2025
CUST5765,Whitney Doyle,tiffanyking@smith-nash.net,(318)309-3349x29254,"USS Taylor, FPO AP 12043",6/28/1995,Consultant,Finance,Website,Email,83880.99,10/18/2024
CUST7220,Benjamin Clayton,haroldsolomon@jefferson.com,+1-024-241-4016x5727,"34170 Edwards Estates Apt. 538, East Jamesland, WI 75704",1/22/1992,Consultant,Finance,Social Media,Phone,136083.29,5/22/2024
CUST8378,William Burch,halldawn@gilbert-powell.com,(333)172-8311x3876,"PSC 3530, Box 8905, APO AP 50588",3/4/1978,Technician,Manufacturing,N/A,Phone,111791.31,4/27/2024
CUST7099,Lisa Flores,jroth@yahoo.com,001-392-267-8933x418,"PSC 4681, Box 5400, APO AE 53554",11/5/1972,Technician,Technology,Email Campaign,SMS,89437.21,8/17/2024
CUST1723,Colleen Lucero,ramosdeborah@ross-cline.com,943-364-1781,"0902 Tammy Well, Whiteland, FL 65464",5/30/1998,Consultant,Retail,Referral,SMS,77540.11,7/16/2024
CUST9344,Randall Dixon,sean65@lloyd.biz,(187)702-8120x3932,"038 Nelson Mills Suite 439, East Donald, IL 25035",4/29/1999,Manager,Healthcare,Referral,Phone,147679.8,4/20/2025
CUST8741,Sydney Clements,lcordova@gmail.com,887.898.4882,"04701 Fernando Rapid, Reedland, OH 71586",11/8/1958,Manager,Healthcare,N/A,Email,102516.26,1/23/2025
CUST6298,Anthony Jordan,ramseycandace@petersen-eaton.com,102-714-1394x1261,"409 Boyd Island, North Anna, NC 49829",1/30/1998,Director,Education,Social Media,Phone,64993.8,11/5/2024
CUST4157,Kenneth Bryan,ericrogers@hotmail.com,799-270-5372x572,"213 Jonathan Harbors, Allenhaven, OR 14157",12/25/1989,Technician,Manufacturing,Referral,Phone,43222.97,9/28/2024
CUST3037,Paul Patterson,uwelch@gmail.com,001-844-870-3924x632,"0563 Bryan Villages, East Brandy, CO 80912",4/21/1988,Consultant,Finance,Email Campaign,Phone,126736.88,4/5/2025
CUST1281,David Carrillo,david51@burgess.net,3308949802,"51384 Michael Villages Suite 842, Padillaview, VT 67194",7/14/1984,Analyst,Healthcare,Social Media,Email,137028.36,10/2/2024
CUST4585,Keith Oneal,youngpaul@hotmail.com,649.028.6257,"14696 Amanda Court Suite 678, South Michael, DC 74088",2/13/1975,Technician,Technology,Email Campaign,Phone,28666.98,10/22/2024
CUST8924,,vanessacooper@yahoo.com,001-342-224-2074x482,"80193 Smith Causeway, North Steven, NH 82532",7/17/1959,Engineer,Manufacturing,Website,SMS,71586.57,6/20/2024
CUST4339,Deanna Howe,smithanthony@yahoo.com,647-804-4085x308,"1887 Ray Courts Apt. 102, Tonishire, OK 46504",12/16/1976,Analyst,Finance,Unknown,Phone,20820.68,4/25/2025
CUST8894,Sheila Gilbert,codyelliott@phillips.com,001-250-506-8074x34579,"026 Mckenzie Key Apt. 810, New Larry, GA 17700",2/2/1989,Analyst,Healthcare,Unknown,SMS,120382.13,1/1/2025
CUST9652,Jasmine Young,christensenmindy@gmail.com,+1-821-126-2665x485,"44827 Ellison Islands, South Stephenport, WA 18679",11/8/2000,Director,Education,Referral,Email,135502.22,4/29/2024
CUST2314,Kristi Beck,tracyedwards@tapia.com,(701)705-9264x503,"6307 Richard Court, Tinachester, AR 38015",5/26/1992,Manager,Retail,Referral,,105942.8,6/18/2024
CUST1743,John Jones,allison76@hotmail.com,085-861-7164x725,"8777 Timothy Locks Apt. 383, Samuelshire, KY 90274",5/28/2004,Analyst,Technology,Email Campaign,Phone,94218.37,10/22/2024
CUST2213,Jason Spears,jramirez@gmail.com,001-629-699-4964x2680,"42744 Sosa Highway, Brianborough, DC 88644",3/2/1968,Consultant,Technology,Social Media,,28223.48,5/18/2024
CUST8745,Jeremy Huffman,simpsonchristopher@yahoo.com,083-748-0493x24690,"8689 Rebecca Wells Suite 104, Lake Anthony, AR 72035",10/31/1979,Analyst,Retail,Website,SMS,61394.66,10/7/2024
CUST6777,Brett Bell,morrisonrobert@gmail.com,001-698-047-4589,"567 Anderson Mills, North Kristen, AK 45945",5/6/1970,Engineer,Healthcare,N/A,Email,67877.37,5/12/2024
CUST5867,Lynn Alexander,ljackson@ortega.org,001-161-203-6641,"85885 Stanley Pass Apt. 440, Jamiehaven, VT 87510",1/6/2005,Technician,Education,Website,Email,93609.44,2/2/2025
CUST4979,Vanessa Allen,brandi39@perez.info,796.767.3463x795,"48439 Mcconnell Land, Port Becky, NV 38038",12/24/1977,Analyst,Education,Email Campaign,SMS,22197.91,8/29/2024
CUST1427,Benjamin Davis,zhernandez@daugherty-hopkins.com,892.065.7279x4757,"07575 Carpenter Port Apt. 653, Donnamouth, PA 02980",5/9/1998,Engineer,Manufacturing,N/A,,97015.26,1/14/2025
CUST2838,Andrea Johnson,debbie04@gmail.com,731-390-3548,"389 Ashley Port, Washingtonshire, AL 74464",5/26/1980,Director,Education,Email Campaign,,66507.85,5/13/2024
CUST8802,Barbara Miller,anthonystacie@hotmail.com,763.809.2832,"76318 Matthews Isle, East Joshua, VT 53055",5/23/1979,Engineer,Retail,Unknown,Email,125456.45,5/15/2024
CUST9320,Angela Alvarez,robin17@hicks.biz,125-985-5689,"9547 Werner Glen, North Erik, OK 05646",6/5/1961,Analyst,Healthcare,Email Campaign,Phone,106666.26,2/21/2025
CUST5069,John Riley,matthewknox@hotmail.com,115.667.8237x8903,"65671 Tina Gardens, Nicholasmouth, TX 68290",2/28/1966,Director,Technology,Email Campaign,Email,37674.18,3/6/2025
CUST3656,Rebecca Dawson,jose48@lopez.com,661-956-8051x5067,"2235 Amy Cove, Joseshire, LA 97055",6/4/1997,Engineer,Healthcare,Social Media,Email,142304.1,11/15/2024
CUST6029,Eduardo Brown,edward21@yahoo.com,533-741-2611x400,"889 Barnett Wells Suite 004, New Logan, NY 29858",3/8/1987,Manager,Technology,Email Campaign,,80158.46,8/14/2024
CUST7895,Scott Snyder,lambcynthia@herrera.org,192-705-4203x6482,"23358 Tracy Plaza Suite 894, Port Nathanielside, KY 53775",12/1/1999,Technician,Retail,Email Campaign,Email,93631.31,10/19/2024
CUST7092,Dr. Luke Williams,johnsonbreanna@jones-sullivan.info,258-554-4747,"24085 Odonnell Field, Cervanteshaven, AL 72238",8/4/1986,Consultant,Healthcare,Website,Phone,75427.12,5/21/2024
CUST1769,Micheal Meyers,sylvia09@yahoo.com,(950)560-9770,"314 Randall Village Apt. 125, Lake Janice, NH 90853",5/11/2001,Manager,Finance,Unknown,Phone,37140.71,5/3/2024
CUST7427,Belinda Davis,cody07@kim-estrada.com,482.765.0584x95363,"8286 Merritt Cliffs, Robertshaven, FL 65470",9/4/1970,Consultant,Technology,Unknown,Email,79849.69,1/24/2025
CUST5771,Alexander Miller,ejohnson@george.com,691.812.3855,"099 Zimmerman Hill, Helenmouth, NE 13403",1/17/1981,Technician,Manufacturing,Event,,104337.28,6/29/2024
CUST2818,Christopher Johnson,michellenorman@mccarty.net,001-477-041-6729x40181,"728 Donald Junction, Thompsonville, ME 02488",4/10/1990,Analyst,Healthcare,Unknown,Phone,142291.6,8/14/2024
CUST2860,Justin Mcintyre,tanner08@yahoo.com,001-713-842-6153x17434,"17268 Rodriguez Freeway, Lewismouth, NY 75465",7/1/1961,Director,Technology,N/A,SMS,46391.99,9/15/2024
CUST6942,Elizabeth Cain,carrollheidi@schultz.com,190.935.0309x18769,"524 Matthew Mews, New Gina, FL 58297",5/3/1990,Engineer,Technology,Unknown,,62746.04,2/12/2025
CUST5121,Jeffrey Walker,derek10@gmail.com,309.801.2950x5392,"86654 Lewis Station Apt. 414, South Kennethton, LA 77419",11/6/1959,Engineer,Manufacturing,N/A,SMS,43619.57,7/4/2024
CUST8955,Michael Perkins,ysilva@mccullough.com,001-823-730-7818x913,"390 Robert Lodge, North Corey, SD 28454",8/6/2002,Manager,Finance,Referral,Email,96192.16,1/31/2025
CUST4517,Michael Franklin,dukesharon@hotmail.com,438-386-2225x47422,"13309 Barbara Ville, Juanmouth, WI 85825",2/13/1986,Engineer,Education,Email Campaign,,55397.37,6/22/2024
CUST9192,Heather Sparks,loganjessica@hotmail.com,001-754-521-8672x9002,"151 Derrick Village, Timothystad, ME 03535",3/4/1988,Director,Technology,Email Campaign,SMS,82391.93,12/28/2024
CUST3665,Kevin Marshall,hherring@estrada-castaneda.com,-3517,"750 Tommy Bypass, Port Edwinberg, NY 00914",3/1/1990,Engineer,Finance,Referral,,145862.04,11/29/2024
CUST8070,John Larson,lesliehamilton@hotmail.com,001-255-922-4164x27886,"918 Davis Isle, East Rachel, DE 93267",7/14/1957,Consultant,Education,Social Media,,84533.53,9/2/2024
CUST6860,Janet White,andrealynn@yahoo.com,690-538-6670x033,"125 Romero Well, New Crystalville, CT 84031",3/11/1984,Director,Retail,Event,,140036.44,1/14/2025
CUST4273,Stephen Anderson,davidtorres@hotmail.com,(931)930-5114x216,"09973 Levine Canyon, West Michael, ME 30896",4/5/1987,Consultant,Healthcare,Email Campaign,SMS,75461.95,1/31/2025
CUST1651,Andrea Smith,maryfry@yahoo.com,206-831-6344x353,"9094 Nichols Union, Cameronshire, MT 57795",12/22/1966,Analyst,Education,Website,Email,72871.79,5/7/2024
CUST2720,Tricia Green,berryrobert@rivera-wright.com,(230)626-8885,"Unit 3053 Box 3893, DPO AA 69512",6/2/1963,Analyst,Technology,Referral,,45893.38,12/22/2024
CUST5571,Paula Vasquez,bartonscott@yahoo.com,3738415963,"01050 Morgan Road, Lake Elizabeth, PA 69605",5/15/1975,Technician,Retail,Social Media,,100139.63,8/16/2024
CUST3115,Anne Delgado,salazartimothy@moyer.com,001-494-734-3586,"41090 Cole Wall, New Anthony, OK 72038",3/11/1969,Consultant,Finance,Website,SMS,37855.91,2/1/2025
CUST3382,David Kelly,deannadavis@gmail.com,-10836,"45860 Danny Stream Suite 120, Davidfort, TN 66795",3/24/1999,Consultant,Healthcare,Social Media,Phone,26440.9,12/10/2024
CUST6858,Jamie Chan,dixonkayla@hotmail.com,007.864.7808x7295,"866 Barnes Common Apt. 107, South Travis, AK 20604",8/5/1956,Director,Retail,N/A,Email,43302.01,9/26/2024
CUST2017,Amanda Phelps,louis22@hotmail.com,(152)944-5191x782,"13565 Welch Ramp Apt. 364, Pedroview, WV 68617",12/25/1986,Engineer,Healthcare,Event,Phone,80147.43,10/24/2024
CUST8482,Kelly Cox,samuel40@gmail.com,840.585.7495x42522,"82812 Christopher Street Suite 104, New Wanda, AK 99281",11/18/1965,Manager,Retail,Social Media,Phone,148368.26,9/16/2024
CUST5437,Adam Bond,atkinsbrittany@gmail.com,508-854-6304x8778,"USNS Turner, FPO AA 27555",11/6/1989,Director,Education,Event,SMS,99524.13,7/1/2024
CUST9792,Kenneth Mitchell,llopez@gmail.com,585.290.8511x0021,"941 Aguilar Cliff Apt. 156, South Mikayla, CO 24667",10/18/1977,Analyst,Retail,N/A,,52241.78,5/29/2024
CUST6361,Erika Warren,mark02@gmail.com,880.419.6509x7435,"18973 James Shores Suite 354, South Jenna, AZ 31852",2/2/1986,Analyst,Education,N/A,Phone,59960.9,2/18/2025
CUST7365,Penny Tate,gregory88@carey-ray.com,(170)111-5980x433,"4062 Sean Unions, East Alexanderbury, NC 64806",6/3/1957,Engineer,Education,Event,Email,71417.85,11/17/2024
CUST1717,Rachel Norris,sanchezdavid@sanders.com,534.529.6582x663,"666 Burke Wells Suite 173, Sanderschester, ID 96618",4/2/1968,Director,Healthcare,Unknown,Phone,128391.84,1/13/2025
CUST5694,Kelly Rios,william49@gmail.com,(467)906-6065x33841,"12623 Michael Drive, Ingramhaven, MT 43287",11/7/1997,Analyst,Manufacturing,Email Campaign,SMS,49433.94,4/21/2025
CUST8087,Paul Hill,xlloyd@yahoo.com,(982)603-6101x1236,"276 Morgan Motorway Suite 701, East Anafort, FL 03635",10/1/1987,Consultant,Education,Website,Phone,38993.54,1/9/2025
CUST7962,Eric Odonnell,adambrown@ramos.com,123.063.8939,"50502 Thomas Drives Apt. 075, Ashleyview, IA 15425",3/9/1991,Director,Education,Event,,36679.48,1/18/2025
CUST4556,Eric Bennett,qrobinson@yahoo.com,001-606-858-5211,"278 Alan Plaza Apt. 940, South Daniel, VA 72526",5/31/1968,Consultant,Technology,Referral,SMS,32968.67,9/30/2024
CUST1899,Isaac Gonzalez,juliacabrera@gomez.com,+1-887-202-3820x721,"477 Seth Courts, Williamtown, TN 29291",6/28/2000,Engineer,Finance,Unknown,,36781.54,2/20/2025
CUST5341,Christopher Crawford,carrollsamuel@costa-khan.com,(660)206-9618,"101 Peter Manor Suite 979, South Gregorymouth, GA 06167",2/22/1990,Manager,Finance,Unknown,,119018.88,3/30/2025
CUST8529,Garrett Morse,andrewyu@odonnell-johnson.com,188.161.3708,"08717 Allen Extensions, Jameshaven, OR 70453",8/6/1994,Analyst,Education,Unknown,SMS,45053.13,11/28/2024
CUST1296,Jennifer Taylor,qkelly@yahoo.com,045.094.5127x8237,"0559 Maria Fords, Craigberg, AZ 15045",5/18/1971,Technician,Retail,Social Media,SMS,81440.29,1/4/2025
CUST6547,Teresa Reeves,taylordonna@carrillo.info,158.711.7456x35508,"745 Morgan Burg, Mcmillantown, SD 59584",9/19/1992,Manager,Healthcare,Website,Phone,21320.88,6/14/2024
CUST3474,Nicole Johnson,porterrebekah@smith-hobbs.org,724-072-9062,"08451 Michael Cove, West Donald, DE 92795",11/28/1991,Analyst,Manufacturing,Email Campaign,SMS,69595.19,4/20/2025
CUST9203,Dr. Francisco Hall,schroederleonard@yahoo.com,145793971,"USNV Smith, FPO AA 83908",1/6/2003,Manager,Technology,Event,Phone,93654.56,2/24/2025
CUST8619,Tammy Carroll,jharvey@martinez-chapman.com,211-239-5527x164,"Unit 3618 Box 5901, DPO AE 10224",8/23/1981,Manager,Technology,Unknown,SMS,33862.69,8/10/2024
CUST2391,Rachael Newman,lijason@yahoo.com,718.314.6800x69685,"898 Allison Fort, Matthewborough, RI 54326",3/6/2002,Manager,Technology,Unknown,,63331.4,3/18/2025
CUST2639,Christina Frazier,curtistiffany@smith.com,3337129104,"5823 Samantha Crescent, North Brianville, CT 46043",10/10/2000,Analyst,Manufacturing,N/A,,44740.9,2/6/2025
CUST1036,Kayla Anderson,gilbertlaura@james.info,001-690-034-6396x4827,"744 Daniel Landing, New Lawrenceshire, GA 91970",7/13/1988,Analyst,Technology,N/A,,145299.51,11/10/2024
CUST6989,Randy Campbell,joseharris@hopkins.com,382.221.2124x98461,"73625 Weber Isle Suite 180, East Jennifer, MS 02826",1/9/1998,Consultant,Finance,Event,Phone,142769.64,10/25/2024
CUST9177,James Wolf,amandawarner@garrett.com,(615)442-1908,"7493 Nicole Summit, North Williammouth, NV 61800",9/19/1982,Technician,Education,Event,SMS,44589.83,11/15/2024
CUST4719,Kathleen Simmons,henrykaitlyn@gmail.com,(478)319-8225,"83315 Daniels Courts, Port Danielletown, OH 96443",1/1/1992,Analyst,Retail,Email Campaign,Phone,31003.47,7/16/2024
CUST4112,Joseph Coleman,ovega@gonzalez.com,525-273-1583x0156,"669 Smith Burgs Suite 792, Lopezchester, IL 72861",1/25/1999,Director,Manufacturing,Social Media,Email,135052.34,1/4/2025
CUST6965,Kimberly Hall MD,michaelpowell@sanchez.biz,+1-202-333-7317x0879,"9024 Kim Cliff Suite 879, Lake Kristinaton, MS 37621",6/11/2002,Manager,Healthcare,Unknown,,40484.27,9/14/2024
CUST5741,Alyssa Adams,ykennedy@franklin.net,218.666.0509x5710,"557 Michael Points Suite 780, Nunezmouth, OH 84861",12/8/1985,Technician,Healthcare,Website,Phone,45337.36,2/19/2025
CUST7690,Shane Anderson,bobby99@gmail.com,259.570.4140,"5291 Sellers Shoal Apt. 748, Jessicaport, ID 26346",11/4/1954,Analyst,Healthcare,Social Media,,47028.6,5/14/2024
CUST3114,Joseph Holmes,amberbooker@hotmail.com,673-640-0612,"Unit 5972 Box 9394, DPO AE 63659",12/13/1992,Engineer,Education,Referral,,112846.73,12/24/2024
CUST2027,Brandon Shaw,krandolph@powers-richardson.com,###-###-####,"321 Carrie Avenue Suite 246, Whiteport, ND 79645",8/30/2001,Director,Technology,N/A,,121586.02,8/26/2024
CUST8155,Shannon Smith,nadkins@gmail.com,124.847.0831x50523,"2552 Coleman Crest Suite 850, South Adam, GA 98325",6/6/1992,Engineer,Finance,Event,SMS,-1800,5/22/2024
CUST1621,Travis Mitchell,jasminewalker@yahoo.com,-3301,"Unit 3752 Box 1057, DPO AA 20798",7/14/1980,Director,Education,Email Campaign,Email,39888.78,4/4/2025
CUST8117,Travis Alvarado,wesley06@thomas-king.com,+1-956-292-2847x704,"50821 Fields Course, Fryland, FL 69358",12/16/1996,Engineer,Technology,N/A,,76960.04,5/26/2024
CUST5383,Kimberly Hood,bernardmelanie@whitaker-walton.biz,251.666.0860x5349,"283 Thomas Stream, Oliviafurt, WY 09236",2026-15-45,Engineer,Retail,Social Media,Phone,149161.11,1/21/2025
CUST2103,Angela Johnson,invalid_email@,273.156.5437x70615,"651 Sharon Loop Apt. 206, East Jamesberg, TN 09004",2/24/1978,Manager,Education,Website,Phone,49689.52,8/11/2024
CUST2853,Brian Garcia,faith24@gmail.com,+1-382-968-4367x9024,"7822 Martinez Spurs Suite 791, North Richardstad, TN 67741",11/7/1962,Engineer,Healthcare,Referral,SMS,74876.16,4/25/2025
CUST4313,Mr. Gary King DVM,xmyers@martin-estrada.org,001-439-128-5551x183,"PSC 2534, Box 5135, APO AE 35738",4/13/1969,Manager,Retail,Unknown,SMS,114878.25,6/15/2024
CUST2176,Tristan Taylor,yvonne72@gmail.com,629.290.5416x005,"79003 Martin Drives, Cisnerosbury, ID 18373",5/27/1961,Manager,Healthcare,Referral,Phone,87640.82,8/23/2024
CUST5662,Kelly Gomez,williamssusan@gmail.com,(015)137-9868,"377 Danielle Orchard Apt. 491, East Tracyberg, WI 15242",4/20/1999,Director,Healthcare,Website,Phone,22111.42,2/17/2025
CUST6131,Eric Harper,michaeltrujillo@williams.com,086.507.4708x721,"33274 Meagan Circle, Port Richard, KS 98949",10/2/1964,Consultant,Manufacturing,Website,Phone,46573.45,1/9/2025
CUST2779,Brenda Watson,deborahrice@walker.com,+1-530-880-5662x84061,"0004 Kelly Pines Suite 203, Thomasburgh, NH 04228",11/11/1998,Manager,Finance,Referral,Phone,52973.06,12/24/2024
CUST1236,Lauren Ross,dana66@yahoo.com,001-488-447-1967x25110,"501 Cox Valleys, East Taylor, MO 88723",7/27/2006,Consultant,Finance,N/A,Email,107142.58,4/10/2025
CUST1073,Christina Daniel,weaverchristopher@armstrong.com,+1-435-842-1618x36509,"79897 Madison Creek Apt. 001, Allenfort, CT 92362",2/24/1964,Consultant,Education,Unknown,Email,76880.15,1/11/2025
CUST8274,Melissa Davis,christianderek@baird-hunter.com,988.294.4378,"52789 Pitts Crossroad, Ellisland, TX 11312",10/4/1958,Manager,Retail,Event,SMS,117617.49,7/8/2024
CUST3656,Jaime Scott,alexbrown@gmail.com,158-209-1817,"9801 Whitaker Radial Apt. 205, West Andrea, OK 18028",8/24/1996,Manager,Technology,Website,Phone,56139.22,4/12/2025
CUST8378,Amy Townsend,brianyork@gmail.com,001-057-986-3905,"328 Jason Shores, Waltonside, HI 96950",3/27/1993,Manager,Finance,Website,Phone,138330.57,11/15/2024
CUST1651,Jennifer Miller,richard54@yahoo.com,(277)173-2348x0784,"Unit 8145 Box 3042, DPO AP 66118",7/22/2006,Director,Manufacturing,Unknown,SMS,126088.42,6/2/2024
CUST6942,Charles Ruiz,invalid_email@,+1-205-791-2803x47595,"USNV Scott, FPO AP 94564",10/14/1960,Manager,Finance,Referral,SMS,113176.05,3/19/2025
CUST1369,Laura Brooks,jacqueline00@hotmail.com,001-773-288-9701x9234,"115 Randy Plains Apt. 151, West Thomas, MO 50723",12/21/1968,Engineer,Healthcare,Event,SMS,79598.85,8/5/2024
CUST7570,,mistyrobinson@sanchez-wallace.info,775.963.5477x4938,"USNV Anderson, FPO AP 58644",6/16/1960,Technician,Finance,Website,,113300.91,10/9/2024
CUST6777,James Mccoy,davidsonchristopher@fuller.biz,488-183-1889x7681,"7723 Hughes Stream Suite 800, Ernestbury, WI 87154",12/10/1991,Technician,Healthcare,Social Media,Email,134540.41,8/10/2024
CUST5780,Kim Flores,christina73@gmail.com,624-696-6313x81605,"37329 Mccoy Pines, Lake Deborah, NM 75114",11/4/1974,Consultant,Technology,Email Campaign,SMS,105872,10/4/2024
CUST5694,Crystal Schroeder,jeffery96@hotmail.com,+1-976-522-0788x197,"82123 Matthew Road, Ramirezshire, PA 24188",1/4/1975,Consultant,Technology,Unknown,Email,128120.62,1/25/2025
CUST4750,Joshua Hall,tina78@yahoo.com,092.555.8320x09742,"9045 Howard Falls, North Renee, KY 30854",6/27/1991,Technician,Technology,N/A,,61744.94,8/19/2024
CUST7009,Daniel Jackson,loganjulie@lopez.com,(631)582-1264x4222,"27146 Guerra Glen Suite 425, West Joseph, KY 65651",7/7/2002,Consultant,Finance,Event,Phone,140335.71,2/1/2025
CUST6651,George Wilson,williamssteven@peterson.com,(821)211-4729x39074,"65214 Horne Parkway Suite 235, New Shawna, WV 74723",11/18/1986,Consultant,Education,N/A,Phone,89786.98,9/15/2024
CUST6324,Matthew Garcia,vclark@brady.com,620-533-4055,"PSC 9093, Box 6313, APO AP 92768",7/8/1984,Manager,Technology,Email Campaign,Phone,64132.19,3/12/2025
CUST7558,Miss Kristen Liu,jodyfigueroa@hotmail.com,5284760036,"118 Mcdowell Points Apt. 358, Danachester, MO 13196",10/24/1963,Manager,Healthcare,Social Media,Email,124346.38,3/9/2025
CUST1302,Dennis Wood,dennis85@smith.org,1032819634,"9407 Frey Spring Suite 233, Bennettburgh, HI 74075",6/9/2000,Technician,Education,Email Campaign,,118572.43,12/17/2024
CUST9465,Amber Porter,andrewboyd@mitchell-dorsey.org,206-692-0950,"Unit 4150 Box 8661, DPO AA 59916",3/30/1966,Technician,Education,Event,Phone,143130.06,9/16/2024
CUST3383,Julie Lozano,tsanchez@brewer-jones.biz,001-968-369-5618,"508 Jennifer Drives, Lewisside, WY 83137",8/12/1977,Manager,Technology,Referral,,94542.45,7/24/2024
CUST1820,Sara Roberts,shawnharvey@thompson.org,808.776.3411,"2829 Stephen Cove, Rossfort, WY 97139",1/14/1991,Manager,Finance,Referral,Email,31173.85,8/19/2024
CUST7527,Chelsea Li,sbarry@hotmail.com,905.616.2502x932,"7972 Pamela Court Suite 498, Simpsonborough, DE 77254",1/17/2002,Engineer,Manufacturing,Email Campaign,Email,50641.81,6/25/2024
CUST4520,Chris Fields,ronald31@garcia.com,3015876874,"965 Tina Bridge, New Daniel, WI 15298",4/9/1986,Technician,Manufacturing,Email Campaign,Email,107049.25,6/1/2024
CUST6897,Brittney Long,uobrien@hotmail.com,065.690.9080,"USNS Moore, FPO AA 41789",6/16/1996,Consultant,Finance,Unknown,,57875.25,12/8/2024
CUST8491,Daniel Sandoval,anabarnett@hotmail.com,653-038-9406x9922,"22969 Travis Turnpike Suite 926, West Janet, SD 39544",12/12/2005,Technician,Healthcare,Event,Phone,65827.83,3/7/2025
CUST3953,Kristy Eaton,laurie98@wolf.com,383-122-8473,"2071 Allen Inlet Apt. 256, Harrisside, AR 72552",12/27/2005,Director,Manufacturing,Social Media,SMS,43166.36,4/27/2024
CUST9200,Todd Schwartz,mreed@king.com,467-246-3285,"41736 Brenda Flats, Espinozaton, CT 94168",9/10/1976,Technician,Finance,Email Campaign,Email,42446.25,6/11/2024
CUST1300,Stephen Miller,evansshannon@yahoo.com,(420)500-3501x4051,"573 Laura Stream Apt. 754, Lake Emily, ME 83872",6/1/1995,Consultant,Retail,N/A,SMS,52470.53,2/23/2025
CUST2695,Brittany Clark,amandacarter@hotmail.com,001-621-442-6918,"7182 Teresa Prairie Suite 110, New Annaton, NV 09900",7/17/1987,Consultant,Healthcare,Referral,Email,66893.15,3/26/2025
CUST6193,Samantha Fox,upearson@meyer.net,001-952-505-1822x76979,"189 Randy Lock Suite 826, Tinashire, NH 52768",10/24/1980,Manager,Healthcare,Website,,42899.18,4/16/2025
CUST2862,Elizabeth Hart,bmiller@porter.com,-9992,"26786 Williamson Bypass, East Kevin, MA 43621",5/22/1975,Analyst,Technology,Unknown,SMS,96843.34,12/31/2024
CUST3718,Stacy Ross,toddchan@cohen-wade.org,(418)104-7657x297,"01579 Kenneth Falls Suite 020, Brendamouth, OR 67535",7/19/1962,Consultant,Healthcare,Referral,Email,110006.29,9/22/2024
CUST5068,Miranda Stone,pfrey@newman-wheeler.net,262.573.5046x8572,"1044 Dixon Heights, Martineztown, NH 89270",10/30/1968,Manager,Education,Social Media,SMS,77566.42,8/27/2024
CUST7137,David Wagner,sarah99@hotmail.com,-6457,"481 Bell Station Suite 669, North Thomas, HI 26455",9/21/1963,Analyst,Manufacturing,Unknown,,86114.69,9/18/2024
CUST6793,Sandra Wood,jillmeadows@carey.com,001-536-500-8788x53558,"5320 Orozco Row Apt. 613, Campbellfort, UT 16171",1/1/2005,Analyst,Finance,Social Media,,22705.24,11/27/2024
CUST8603,Joshua Young,nielsensandra@williams-adams.com,455.389.5741x5458,"1436 Smith Island Apt. 732, Hoton, AZ 79798",12/22/1986,Engineer,Education,Event,,119574.18,8/13/2024
CUST8632,Michael Gilbert,riggsstephanie@yahoo.com,(857)307-3682,"9843 Kelli Drive, Port Daniel, AR 45214",8/7/1982,Analyst,Finance,Event,SMS,44630.64,2/3/2025
CUST1659,Kelly Cline,woodsvictoria@escobar.org,640.963.0059x1927,"58257 Rivera Island, Hallshire, CT 66850",5/27/1966,Consultant,Retail,Social Media,Phone,71643.92,6/17/2024
CUST2707,David Rodriguez,hgreen@hotmail.com,(107)248-8823x98942,"41129 Lee Radial Suite 272, Williamstown, OK 01242",10/20/1955,Technician,Healthcare,Referral,SMS,73834.93,7/20/2024
CUST7456,Steven Hendricks,ganderson@burke.com,(185)738-0504,"696 Lisa Drive, Jacksonchester, CO 60309",6/10/2000,Manager,Retail,Email Campaign,,61457.88,11/19/2024
CUST9923,Jason Franklin,ericgates@hotmail.com,523.142.3731,"424 Fernandez Row, Riverahaven, TN 80629",8/30/1970,Manager,Education,Event,Phone,22279.79,12/4/2024
CUST9888,Patricia Rodriguez,zbowen@moore-watson.com,166.311.0836x32653,"251 Ashley Meadow, Victoriaberg, MA 54375",1/1/1987,Consultant,Education,Event,Email,38428.79,4/29/2024
CUST1077,Melissa Hoffman,njimenez@holt.com,814-061-0423x98675,"Unit 8576 Box 6538, DPO AA 69074",4/25/2006,Manager,Finance,N/A,SMS,94451.6,5/15/2024
CUST8400,Kelly Hart,victoria23@gmail.com,148.377.9505x721,"720 Erickson Lodge Apt. 217, Kimberlybury, NY 18010",10/25/1998,Manager,Manufacturing,Social Media,Email,29273.66,10/3/2024
CUST6772,Jessica Smith,lisa10@martinez-li.org,316-650-6145,"91883 Morgan Rest, Camachoburgh, IN 79216",11/24/1955,Manager,Finance,Referral,SMS,61054.6,3/1/2025
CUST5268,Destiny Boyd,qfisher@yahoo.com,001-016-708-4251x525,"832 Nicole Common, Dunnview, SC 08744",3/15/2000,Technician,Manufacturing,Email Campaign,Phone,76665.91,7/14/2024
CUST9924,Shannon Ritter,smithashley@yahoo.com,(865)713-9519,"8363 Henderson Shore, Gillespieport, OK 99895",11/10/2000,Technician,Technology,Unknown,Phone,103947.84,11/23/2024
CUST4651,Matthew Flores,hoffmanaustin@hotmail.com,(804)619-2820x891,"5631 Jordan Freeway, Mitchellchester, UT 08753",5/30/1973,Director,Technology,Social Media,Phone,25556.9,6/13/2024
CUST6671,Stephanie Bell,danielmario@garza-wang.net,069.687.8231x1433,"690 Robinson Common, West Frankchester, NH 30106",11/18/1982,Engineer,Education,N/A,SMS,101055.31,7/17/2024
CUST7727,James Santos MD,uwilliams@moreno-cruz.org,(581)337-5609x0184,"118 Alan Lane, Ellischester, NY 87634",7/25/1957,Technician,Technology,Event,SMS,32622.49,9/29/2024
CUST9375,Steven Powers,velazquezbrian@wallace-yu.biz,302-109-2943,"39419 Best Landing Suite 962, Lake Jeffreyburgh, IN 28127",3/15/1967,Technician,Finance,Referral,Email,25669.22,3/16/2025
CUST9096,Chelsea James,palmerdaniel@parker.net,+1-177-181-0371x1559,"7926 Jessica Well, New Tracyborough, ND 11416",3/19/2001,Director,Healthcare,N/A,Phone,28350.2,8/29/2024
CUST9487,Kevin Kelly,jenniferpalmer@yahoo.com,(626)038-8971,"USNV Taylor, FPO AE 84996",6/27/2001,Engineer,Healthcare,Unknown,Phone,32266.96,7/20/2024
CUST7908,Ashley Williams,williamstracy@hotmail.com,001-092-948-6629x0842,"29894 Brian Junctions, Goodmanside, NV 66628",8/18/1961,Engineer,Education,N/A,SMS,86477.03,11/29/2024
CUST6452,Jessica Potts,denise20@gmail.com,453-800-9205x62430,"47680 Robert Cliffs Apt. 649, New Ricardo, NV 76551",9/23/1993,Technician,Education,Event,Phone,133064.93,2/15/2025
CUST9750,Angie Lewis,owensgeorge@peterson-wagner.com,001-261-079-8636x3551,"080 Shannon Motorway Suite 961, Beardton, WV 66912",7/31/1959,Consultant,Manufacturing,Email Campaign,,58734.05,12/10/2024
CUST7664,Mary Hardin,millergeorge@hotmail.com,2956275072,"3717 Valentine Tunnel Suite 154, Nicoleland, MS 13556",12/27/1968,Engineer,Manufacturing,Website,SMS,54078.7,3/14/2025
CUST2943,Regina Garcia,catherine15@howard-buckley.com,001-206-345-3936,"7543 Maria Keys Apt. 144, Port Carrie, ME 87877",7/30/1995,Engineer,Retail,Social Media,SMS,117509.96,4/6/2025
CUST3895,Nathan Stanley,danielvasquez@cross.com,(082)489-3962x83400,"029 Shane Islands Suite 097, North Christineville, NH 66924",3/16/1981,Engineer,Finance,Unknown,,43095.98,12/31/2024
CUST6099,Linda Nash,dstewart@hotmail.com,223.565.4411,"073 Hall Forks, Jamesburgh, RI 36966",3/25/1984,Consultant,Retail,N/A,,51791.75,3/28/2025
CUST6889,Karen Mendoza,zachary20@gmail.com,874-993-1283x30726,"74393 David Crossroad, Lake Mariaburgh, NE 52057",8/7/1964,Director,Education,Unknown,,102914.76,11/8/2024
CUST6737,Phillip Brown,pwarner@yahoo.com,791-941-2818,"68750 Rick Path, Coffeyberg, OR 06824",8/12/1986,Consultant,Technology,Social Media,Email,97453.13,1/8/2025
CUST5481,Zachary Hill,kevincline@barnes-tucker.com,523.913.9604x59279,"Unit 2272 Box 9957, DPO AA 83840",1/18/1997,Manager,Healthcare,Social Media,Phone,34533.1,10/3/2024
CUST9686,Suzanne West,omiller@west-scott.com,805-447-3106x1182,"927 Kelly Unions, Stephaniemouth, OH 20961",7/6/1959,Technician,Retail,Unknown,Phone,43275.94,9/15/2024
CUST1401,Jeffery Schultz,pshelton@hull.biz,-10212,"2293 Michelle Ports, Josephland, MO 31852",8/15/1987,Manager,Finance,Social Media,Email,25911.38,9/17/2024
CUST3706,Stephen Higgins,xlee@thomas.com,001-408-004-1409x9755,"5347 Jeremy Manors, Port Abigailburgh, NH 73216",3/29/1999,Director,Education,Event,Phone,123458.9,1/1/2025
CUST1865,Frank Nelson,martinkelly@yahoo.com,109.274.1753x662,"4977 Mary Mews, Nicoleshire, AZ 74235",4/30/1982,Analyst,Technology,Email Campaign,Email,31706.19,11/16/2024
CUST8885,Kristina Hanson,georgeschroeder@murray.com,(900)824-3536,"5549 Wesley Rapids, South Nicolefort, FL 34816",3/1/1961,Consultant,Healthcare,Unknown,,96456.58,7/7/2024
CUST7375,Timothy Wilson,william75@hotmail.com,559-281-5730,"74395 Marie Meadows, West Katieborough, CO 24891",10/31/1986,Director,Education,Event,Email,104719.4,9/24/2024
CUST2293,Sean Orr,daniel88@hotmail.com,001-452-221-4908x8527,"0293 Wells Cliffs, North Saramouth, NM 57134",5/13/1964,Technician,Healthcare,Website,Email,27411.7,5/13/2024
CUST5345,Marissa Carlson,david24@gmail.com,+1-624-394-8688x175,"0665 Clark Pass, New David, TN 84350",5/12/1958,Consultant,Retail,Website,Phone,111809.95,2/12/2025
CUST7595,Tracy Martin,cwyatt@yahoo.com,229-659-7155,"655 Amy Ways, Port Dawnborough, VA 91855",12/26/2002,Engineer,Education,Referral,Phone,90101.38,8/5/2024
CUST3250,Margaret Morse,oeaton@perez.com,+1-016-093-4757x5462,"49325 James Loaf Suite 902, Vasquezview, OR 28257",4/14/1965,Director,Retail,Referral,Email,20500.35,12/17/2024
CUST6321,Mary Donovan,lucasjames@cummings-terry.com,001-026-300-7676x17177,"093 Hall Manor, South Lisamouth, AR 05492",11/1/1974,Engineer,Education,Unknown,Phone,55119.86,12/19/2024
CUST9334,Barry Stark,luis61@valenzuela.com,382-724-0353x92835,"261 Faulkner Street, Eatonside, OK 02547",5/22/1957,Manager,Manufacturing,N/A,Email,141591.28,4/17/2025
CUST9546,Anna Lloyd,roger29@hansen.com,(496)302-0384,"1743 Laura Village Suite 993, Port Christopher, UT 93439",7/10/1988,Technician,Healthcare,Email Campaign,Phone,105798.02,5/30/2024
CUST2921,Cynthia Dennis,codyjohnson@holden.com,678-167-5008x998,"867 David Heights Apt. 412, East Erikatown, IN 71956",9/5/1983,Director,Finance,Website,,71753.99,8/8/2024
CUST3726,Michael Byrd,christopherbuchanan@rice.org,-11033,"1076 Holland Village Apt. 240, Maldonadochester, ME 31455",5/13/1978,Consultant,Healthcare,Unknown,,118317.25,2/18/2025
CUST5887,Tyler Perry,barronangelica@hotmail.com,001-833-518-4902x244,"537 Martin Glen Apt. 152, Haroldshire, AZ 16965",11/13/1964,Manager,Healthcare,Unknown,Phone,134661.84,1/13/2025
CUST9692,Carmen Patterson,nicole98@gmail.com,935-697-6363x86123,"3453 Kevin Roads, East Kelly, NJ 90249",6/15/1956,Director,Retail,N/A,Phone,47883.72,5/23/2024
CUST3811,Justin Smith,buchananmelissa@wong.info,3860046264,"88495 Chandler Meadow, Hollowayview, NJ 26394",1/15/1973,Consultant,Technology,Website,SMS,102549.97,6/25/2024
CUST6355,Brittany Hurley,brownthomas@yahoo.com,798.062.8874,"8605 Dwayne Spur Apt. 612, Lake Jenny, DE 32151",8/17/1985,Director,Retail,Referral,,79133.85,10/9/2024
CUST3881,Kimberly Berg,andersonlisa@hotmail.com,718-947-6835x210,"764 Owens Villages, Port Jessica, MN 42270",7/8/1986,Consultant,Manufacturing,Social Media,Email,20106.66,4/18/2025
CUST6228,Steven Castro,millerbrittany@deleon.com,(968)935-9266,"559 Wood Meadow Suite 514, Port Elizabethport, IN 81150",10/22/1958,Manager,Healthcare,N/A,Phone,46146.26,2/4/2025
CUST5933,Tina Crawford MD,brianbond@washington.info,120080503,"1738 Ashley Plaza Suite 437, Smithfort, ME 89406",7/6/1981,Technician,Manufacturing,Referral,Email,107493.5,4/17/2025
CUST7014,Scott Cruz,michael53@tanner.com,(676)419-6251,"13286 Gilmore River Apt. 254, South Anthonyshire, AK 52653",8/27/1958,Technician,Healthcare,Social Media,Phone,79941.26,2/28/2025
CUST3110,William Black,michael02@hotmail.com,422.985.4287x867,"4669 Colleen Lodge Apt. 969, East Yvonne, DE 48427",5/13/1979,Technician,Finance,Event,,62297.69,11/16/2024
CUST4431,Nancy Daniel,sabrinaking@diaz.info,001-311-034-7365x1474,"942 Hernandez Shoal, South Barryborough, IA 98279",4/4/2001,Technician,Finance,Email Campaign,,84091.08,7/11/2024
CUST2587,Megan Lewis,ralphmeyers@gmail.com,(423)515-1525,"10363 Jackson Mountains, Matthewport, SD 68381",2/15/1967,Technician,Finance,Email Campaign,SMS,127317.83,5/28/2024
CUST9713,Tyler Hoffman,cunninghammonica@jones.com,21174570,"733 Monica Square, Timothyburgh, VA 65545",1/30/2005,Engineer,Technology,Event,Email,131319.08,5/13/2024
CUST5170,Stephanie Gibson,emily12@gmail.com,001-539-293-5721x039,"14777 Anthony Hills Apt. 178, New Christina, MA 58352",10/7/1960,Manager,Finance,Event,Phone,80721.55,12/30/2024
CUST6755,Jose Sparks,vaughnjoseph@ewing.com,(240)308-9890x7619,"087 Wilson Skyway Suite 295, Anthonyfort, KY 92310",7/11/1974,Consultant,Finance,Email Campaign,Email,65804.63,3/1/2025
CUST3579,Katelyn Guerra,xsmith@hotmail.com,001-633-396-4499x118,"6705 Boyer Rue Apt. 086, North Julieshire, AL 65678",6/20/1984,Consultant,Manufacturing,Unknown,Phone,90332.31,4/9/2025
CUST2355,Brittany Mendoza,tday@robinson-pena.com,001-231-098-0978x781,"7613 Joe Grove Apt. 762, Sydneyview, ND 65271",1/15/1967,Analyst,Technology,Email Campaign,Phone,115475.15,1/16/2025
CUST3161,Robert Martinez,justinallen@yahoo.com,197-685-4851x213,"USNS Ortiz, FPO AP 03562",3/27/1964,Technician,Technology,Referral,,68993.15,8/27/2024
CUST5584,Jeffrey Hill,fwalker@gmail.com,276-720-1376x4272,"3641 Mcbride Walks, Johnfurt, WA 26521",12/18/1987,Consultant,Manufacturing,Email Campaign,Phone,99512.62,12/2/2024
CUST5850,Rebecca Johnson,pughpatricia@warner.com,+1-445-659-1151x99282,"043 Mcdonald Burg, Huberland, VA 70698",1/21/1973,Director,Finance,Referral,SMS,78268.26,2/9/2025
CUST5472,Troy Hall,benjamin38@hotmail.com,823-949-7255x6900,"079 Victoria Grove, Port Karen, MD 73285",3/10/1958,Director,Manufacturing,Event,Phone,64645.72,1/30/2025
CUST1145,Vincent Walker,steve16@gmail.com,7909767631,"24110 Miguel Ways, North Elizabethview, AZ 45246",12/1/2004,Director,Education,N/A,,101675.7,6/11/2024
CUST1659,Michael Mcintyre,isaacrobinson@yahoo.com,+1-164-756-2149x73352,"7174 Crane Shoal Suite 584, Lake Mason, FL 31884",4/15/1995,Consultant,Technology,Social Media,Phone,95313.1,7/29/2024
CUST5861,Brenda Burns,wujoseph@hull-torres.com,382.930.7739,"70676 Glover Rest Suite 134, Port Jonathan, IL 61350",11/8/1998,Engineer,Retail,Social Media,,38553.52,6/4/2024
CUST5935,Grant Flynn,newtonnancy@rosales.com,522-009-0731,"32289 Megan Corners, Taylorstad, NH 40137",5/29/1995,Consultant,Retail,Event,SMS,28180.79,5/16/2024
CUST5036,Taylor Cox,chadmichael@duke.com,705-052-7097x291,"PSC 5329, Box 0600, APO AP 33787",2/9/1964,Director,Manufacturing,Email Campaign,,22807.18,10/2/2024
CUST5432,Samantha Stevens,olsenchristina@harris.com,336-648-2639x95247,"43217 Martinez Stravenue Apt. 356, South Derek, NC 77312",5/10/1970,Director,Manufacturing,Email Campaign,SMS,109180.22,11/26/2024
CUST3990,Paul Ramirez,bmorgan@stanton-jones.com,(116)843-5604x89770,"299 Madison Hollow, South Davidchester, PA 54055",7/6/1960,Analyst,Manufacturing,Unknown,SMS,72731.65,9/1/2024
CUST1658,Travis Beard,barnesbarbara@hampton-miller.com,001-032-316-9396x09001,"55447 Cynthia Fall, Bridgetborough, IN 27818",11/3/1983,Director,Healthcare,Unknown,SMS,34630.79,10/23/2024
CUST9307,Russell Spencer,breanna35@hotmail.com,716.450.8317x135,"381 Franklin Course, Richardsberg, UT 50244",8/24/2003,Manager,Education,Unknown,,87468.38,3/14/2025
CUST4114,Kimberly Cole,paulrodriguez@russell.com,434-575-8327x1464,"034 Smith Manors Suite 700, Gloverton, ME 00772",6/24/1992,Analyst,Healthcare,Email Campaign,Email,149641.39,6/18/2024
CUST1157,Jaime Wang,tylercabrera@hotmail.com,482-517-4382x1551,"3264 Gregory Drive, South Kristy, DC 65713",6/15/2005,Director,Manufacturing,Website,SMS,57702.05,9/21/2024
CUST4124,Karen Greene,fitzpatrickchristopher@yahoo.com,001-724-171-5634x98747,"4047 Johnson Run, West Lindabury, TX 78933",4/5/1980,Director,Healthcare,N/A,,133858.98,11/1/2024
CUST7395,Joseph Lewis,invalid_email@,+1-130-325-9174x37929,"Unit 8456 Box 5701, DPO AA 63006",4/25/1988,Manager,Finance,Unknown,Email,41323.43,11/12/2024
CUST6917,Mark White,sullivangina@rogers-bell.info,548-270-7393x187,"PSC 5410, Box 3859, APO AA 20313",7/23/1961,Consultant,Finance,Email Campaign,,57684.14,10/5/2024
CUST2490,Rodney Summers,paulbradley@hotmail.com,322-551-5483x673,"3467 Rivas Overpass Apt. 493, East Joseph, TX 75749",11/2/1966,Engineer,Finance,Unknown,Phone,55172.74,7/14/2024
CUST1694,Tracy Mendoza,mendezthomas@sanders.com,402-318-8623,"047 Ochoa Canyon, Kevinland, AR 73334",10/12/1988,Analyst,Manufacturing,Website,Phone,20070.82,6/3/2024
CUST4815,Raymond Harris,itorres@yahoo.com,991-743-9521x83984,"3938 Michelle Ports, Christopherborough, WV 44900",8/1/1995,Director,Manufacturing,Referral,Email,62884.4,11/11/2024
CUST1208,Carolyn Perry,williamdean@yahoo.com,705948461,"674 Reyes Cape Apt. 658, Colleenbury, NY 15176",2/25/1968,Technician,Manufacturing,Event,Phone,100451.07,9/17/2024
CUST6362,Katherine Page,christopher36@thomas.net,6489829609,"374 Ryan Brook, Port Scott, VA 88877",1/19/1958,Consultant,Education,Unknown,Email,91933.19,6/22/2024
CUST3668,Jesus Franklin,jeffreywilson@harris.com,520.278.1496x5509,"0372 Brown Station Suite 672, New Anthonyland, CA 38642",6/4/1955,Manager,Finance,Referral,,122479.36,2/21/2025
CUST5762,Samuel Miller,christy50@gmail.com,768-347-9660x4568,"Unit 6136 Box 4776, DPO AE 00870",4/28/1955,Engineer,Finance,Referral,Email,108355.42,6/1/2024
CUST7990,Laura Roberts,hwoods@alexander.org,246962987,"887 Bell Rest, Johntown, MD 49406",10/1/2006,Consultant,Technology,Email Campaign,Email,96982.6,6/21/2024
CUST1006,Carlos Perez,jennifercook@shaw.biz,(276)733-0185,"373 Hall Oval, Irwinhaven, CA 79108",11/16/1998,Analyst,Technology,Referral,Email,138450.86,5/31/2024
CUST5400,Sheila Walker,ljuarez@hardy.com,271.668.1738x0334,"074 Daniel Path, West Andreaside, NY 49212",11/28/1968,Consultant,Education,Website,SMS,119743.04,2/7/2025
CUST9764,Robert Williams,jenkinsthomas@yahoo.com,157-460-0717,"8081 Baker Mount Suite 064, Carsonbury, WY 22114",6/26/1990,Consultant,Manufacturing,N/A,SMS,76159.12,3/31/2025
CUST8337,Matthew Moses,gsalinas@yahoo.com,-10258,"05548 Herrera Springs, North Rebeccastad, CA 18606",4/14/1991,Engineer,Manufacturing,Unknown,,138817.48,5/30/2024
CUST6694,Betty Ramirez,dguerrero@hotmail.com,(627)227-6723x011,"66403 Landry Orchard, Lake Justinton, PA 87807",9/18/1965,Technician,Finance,Event,,41059.41,4/25/2024
CUST6100,Barbara Collins,robinsonbrandon@hotmail.com,(882)962-0587x16622,"3959 Eric Well, Thomasside, FL 90088",9/16/2004,Engineer,Finance,Website,Phone,75604.48,7/29/2024
CUST7216,Diane Davis,cjackson@bennett-hall.com,001-240-168-8955x288,"22802 Richards Mountains Apt. 987, South Juanfort, WY 72907",10/5/1962,Engineer,Finance,Referral,SMS,139461.42,8/16/2024
CUST4826,Cynthia Wright,emitchell@rogers.com,001-638-868-9050,"102 Jackson Canyon, North Erinland, OK 71335",11/30/1984,Analyst,Healthcare,Event,Email,71141.31,8/9/2024
CUST6396,Lisa Gomez,wyatthamilton@yahoo.com,(227)278-8598x25047,"5041 Stevens Rapid, Kelleyview, CT 54096",8/22/1954,Technician,Education,Email Campaign,,126405.03,11/14/2024
CUST8297,Christopher Johnson,maryrush@waller.com,157.527.0226x262,"PSC 7850, Box 6429, APO AP 06726",6/18/1999,Manager,Education,Website,,38429.24,11/10/2024
CUST9154,Shawn Martin,lindawalls@gmail.com,001-435-799-1162x748,"64597 Clark Ridge Apt. 857, New Michaelstad, KY 08161",2/8/2004,Engineer,Education,Social Media,,133391.55,8/12/2024
CUST6397,Darryl Reyes,dmorris@hotmail.com,001-771-117-6252,"6397 Rebecca River Apt. 260, Sarahbury, TN 97670",2/27/1961,Analyst,Retail,Unknown,Phone,43950.78,6/24/2024
CUST5161,Daniel Carlson,michael62@mueller.com,453-349-3639,"44341 Marcus Cape Suite 001, South Cheryl, CT 40894",4/2/1967,Engineer,Manufacturing,Website,SMS,50668.54,12/20/2024
CUST8490,Sharon Henry,eadams@hotmail.com,(556)276-8671,"2543 Shelley Isle Suite 434, North Stacybury, MI 89542",10/23/1985,Technician,Technology,Social Media,,123106.67,7/20/2024
CUST8786,Amanda Bray,christopher93@hotmail.com,672.982.8283x503,"840 Mandy Circle, Hunterland, OH 39653",1/18/1958,Consultant,Education,Email Campaign,,59464.62,6/17/2024
CUST5210,Timothy Anderson,williamsaustin@stokes.org,001-217-501-9201x36449,"741 Brown Lodge, Port Amanda, NJ 10226",9/3/2000,Technician,Education,Social Media,Phone,98101.7,1/4/2025
CUST1783,Kayla Dalton,fhudson@gmail.com,881.728.3599x256,"0566 Kaiser Shore, Jonesshire, WI 64985",5/24/1991,Manager,Finance,Unknown,Phone,89469.08,3/3/2025
CUST5684,Shannon Martinez,lunajacqueline@lara.com,-6116,"397 Fischer Gateway Apt. 642, East Joshua, DE 11767",8/3/1991,Engineer,Retail,Unknown,Email,146028.39,4/13/2025
CUST4898,Michael Hunter,despinoza@nguyen.com,524.956.0247x007,"4551 Lowe Ramp, Dianaville, FL 25676",4/14/1969,Analyst,Technology,Social Media,Phone,33211.56,6/14/2024
CUST5032,Tracy Wilkerson,baileyjohn@yahoo.com,964-354-2967x43022,"PSC 4884, Box 3081, APO AE 82302",8/4/1998,Director,Finance,Website,Phone,71270.24,6/10/2024
CUST3064,Jessica White,amanda28@smith.org,698.965.5706x518,"981 Perez Club, New Isabelville, NM 32346",2/23/1981,Manager,Finance,Unknown,Email,140808.44,12/12/2024
CUST2877,Anthony Parker Jr.,ryanmolina@hotmail.com,+1-876-262-3154x64299,"405 Brian Spurs, Wilsonland, AZ 90595",10/14/1964,Manager,Technology,Referral,,84304.95,12/17/2024
CUST5380,Duane Long,omcmillan@massey-jensen.com,-8879,"Unit 6289 Box 0700, DPO AE 30717",12/18/1961,Analyst,Manufacturing,N/A,Phone,100273.12,9/28/2024
CUST7916,Nicholas Ortiz,barnessusan@hotmail.com,718.180.6619,"77492 Wolfe Knolls Apt. 765, New Shannon, OR 51162",6/24/1954,Analyst,Technology,N/A,SMS,92038.7,11/7/2024
CUST6749,Jerry Barnes,clintonswanson@wiley-massey.biz,457.927.7862x770,"78701 Anderson Ways Apt. 754, East Jenniferhaven, ME 97867",5/13/1977,Manager,Manufacturing,N/A,SMS,42140.45,6/13/2024
CUST6326,Benjamin Lopez,aaron03@roberts.com,(287)138-8487x008,"79966 Martin Villages Suite 116, Jenniferfurt, NC 14250",6/20/1967,Manager,Technology,Unknown,SMS,33182.41,6/26/2024
CUST8336,Kendra Cortez,richardmccormick@garcia-miller.com,025.437.8770,"8819 Stone Ferry Suite 064, Gregoryview, MN 28086",1/8/1985,Director,Education,Email Campaign,SMS,99943.21,7/27/2024
CUST8741,Jay Watkins,kkim@gmail.com,001-326-822-3454,"451 Jose Court, Jeremiahborough, AZ 08853",2/17/1968,Engineer,Finance,Social Media,Email,88782.09,1/13/2025
CUST5188,Allen Green,shelly76@gmail.com,972-181-0436,"120 Dalton Extensions Suite 647, Yorkborough, SC 43312",11/13/1995,Engineer,Education,Social Media,Email,53582.43,2/27/2025
CUST7342,Michelle Perkins,darlene58@gmail.com,001-314-843-0004x82404,"566 Richard Vista Suite 544, Longhaven, RI 68111",9/9/1998,Analyst,Education,Email Campaign,Phone,119409.15,3/7/2025
CUST2264,Nicole Lopez,gbanks@smith.com,001-474-897-0091,"2673 Brett Landing, North Josephborough, RI 19155",2/10/1976,Manager,Education,Unknown,Phone,58683.2,1/22/2025
CUST2364,Kenneth Wilson,omar30@hotmail.com,637.398.5680,"113 Billy Junction, Michaelberg, MT 59792",8/31/2003,Technician,Technology,Unknown,SMS,-7849,7/27/2024
CUST4740,Nathan Martin,michael19@williams-mills.biz,(547)660-5636x62500,"4081 Jimmy Pike Suite 854, South Christopherside, HI 71171",6/19/1992,Engineer,Education,Event,SMS,111302.62,4/14/2025
CUST9875,Aaron Taylor,brittany55@clarke.com,+1-571-857-1134x302,"54760 Lamb Lodge, North Aaronton, HI 08603",4/28/2001,Consultant,Healthcare,Social Media,SMS,130162.7,3/29/2025
CUST9100,Jennifer Lawson,shermanmary@bryant-thomas.com,+1-450-688-8827x03146,"Unit 4228 Box 3551, DPO AA 57767",1/21/1994,Manager,Finance,Social Media,Phone,83482.95,7/28/2024
CUST6321,Tammy Day,joshuamiranda@morris.org,(087)980-9461x24167,"02129 Sarah Flat, Rachelburgh, VT 63156",3/5/1980,Engineer,Healthcare,Referral,Email,88880.65,8/26/2024
CUST9971,Christian Rivera,rosarioeric@rivera.com,001-211-036-0867x085,"749 Ramos Radial Apt. 135, New Jeremy, HI 27535",3/3/1988,Engineer,Finance,N/A,Phone,51153.97,2/6/2025
CUST8923,Sherry Hopkins,ortegajames@moore-smith.biz,187-812-5030,"732 Vance Extensions, South Ryanfurt, WY 65381",12/14/1957,Director,Manufacturing,Referral,,141724.08,3/29/2025
CUST2306,Gary Brewer,bowenmichael@anderson.com,001-084-056-1121,"0865 Ian Loop Suite 722, South Josephland, NY 74538",9/22/1966,Consultant,Manufacturing,Event,Phone,125571.06,1/29/2025
CUST2634,Crystal Jones,theresaaguilar@sanders.com,-9865,"04943 Lara Union, Tanyatown, UT 11197",10/13/1977,Engineer,Education,Unknown,Phone,82389.47,2/20/2025
CUST1753,Maria Short,monica34@ramirez.biz,001-711-136-9605,"2916 Washington Circle, South Anthonychester, GA 58772",2026-15-45,Manager,Finance,Social Media,,43914.08,4/12/2025
CUST8711,Jeffery Washington,latoya70@ellis-carter.com,201-614-7885,"86327 Jones Glens, Brownville, NV 67104",9/4/1981,Engineer,Education,Referral,Email,-3365,2/27/2025
CUST8551,Justin Herman,omills@gmail.com,(429)100-1304,"4460 Ramsey Parks, South Cynthia, NH 87792",9/9/1968,Consultant,Education,Unknown,Phone,140455.68,5/24/2024
CUST3887,Dr. Angela Craig,zray@gmail.com,857.153.1081x6563,"6423 Campbell Park Apt. 963, Danielleview, WI 47287",10/24/1967,Manager,Retail,Unknown,Email,33198.53,2/14/2025
CUST7823,Dana Sanchez,freemanshane@pierce-jones.info,503-769-8551x45445,"0818 Allen Place, Laurafort, CO 36887",9/25/1974,Engineer,Education,Email Campaign,,44438.9,6/22/2024
CUST2596,Angela Lewis,kelseyruiz@hotmail.com,001-592-492-2491,"0687 Francis Lake, Lake Christina, MS 94050",10/6/1974,Consultant,Retail,Website,,77550.1,10/30/2024
CUST9536,Randy Mccarthy,pamelafuller@hotmail.com,738.917.8777x463,"55196 Goodman Roads, West Marktown, MI 56524",1/28/1972,Manager,Manufacturing,Unknown,,-8679,7/31/2024
CUST2702,Todd Schmidt,freemanjames@yahoo.com,001-788-134-7226x28703,"928 Torres Junction Apt. 081, Gonzalezton, AL 40971",4/2/1994,Analyst,Healthcare,Referral,,37751.72,12/31/2024
CUST6898,Mrs. Jennifer Perez,elane@sanchez.com,001-982-652-2480x75991,"39649 Alexander Walks Apt. 457, East Jerryfort, MI 39118",1/29/1988,Director,Education,Email Campaign,,54059.11,6/10/2024
CUST8938,Michelle Howard,rachel50@clayton-doyle.com,-3749,"62575 Morris Village Suite 333, Emilybury, NM 12994",5/9/1989,Engineer,Manufacturing,Event,Email,109634.19,12/22/2024
CUST9322,Rachel Vega,daviddorsey@kerr.com,118-017-7822,"2137 Tyler Pike, Bellville, AK 46022",4/11/2006,Engineer,Manufacturing,Event,SMS,82359.77,7/27/2024
CUST1478,Justin Young,wyoung@hotmail.com,7526617132,"76148 Ricardo Plain, South Angela, IN 40017",2/16/1992,Engineer,Manufacturing,Referral,SMS,41284.36,9/23/2024
CUST2053,Keith Johnson,brett77@ashley.com,442.279.4268x3715,"USCGC Hartman, FPO AP 04072",3/25/2004,Engineer,Manufacturing,Event,,106264.25,8/16/2024
CUST9372,Rebecca Harris,courtneymartin@gmail.com,895.125.1795x5452,"182 Wang Islands, North Keithborough, SD 95565",10/24/2002,Analyst,Healthcare,N/A,SMS,70682.12,2/20/2025
CUST5007,Linda Friedman,sharrison@gmail.com,(554)674-8297x51313,"1519 Adkins Burgs, New Christopher, IL 49902",8/20/1997,Director,Manufacturing,Social Media,,95769.06,4/23/2025
CUST6430,Stacey Alvarez,drewwilliams@gmail.com,666-029-7220,"00791 Stanley Ports, New Darrenfurt, SD 65152",7/31/1964,Manager,Manufacturing,Social Media,,62717.14,1/14/2025
CUST8327,Alexis Boyd,calexander@hamilton.com,067.481.8687,"2555 Harvey Mountain, Christineland, AR 25688",8/23/1954,Director,Education,Unknown,Phone,142908.22,11/26/2024
CUST7964,Jose Greer,tamaraklein@yahoo.com,588.208.3757x54796,"274 Jennifer Stream Suite 022, Angelamouth, IA 36607",7/3/1954,Engineer,Manufacturing,Website,Phone,38649.7,6/25/2024
CUST8486,Patrick Dodson,maria69@weiss.com,001-836-667-0572x350,"72933 Peter Mission Suite 350, Rachaelburgh, RI 16770",5/16/1971,Technician,Manufacturing,Email Campaign,Email,126600.22,7/26/2024
CUST7188,Mckenzie Pacheco,sarahtravis@white.com,150.905.3573x821,"04234 Wheeler Stravenue Apt. 308, East Michael, KY 59609",7/11/1986,Director,Manufacturing,Referral,,136832.78,8/18/2024
CUST1032,Angela Phillips,gomezcynthia@beck.com,314-143-5263x895,"2861 Walsh Cliffs, Ryanstad, NE 29920",5/20/1990,Engineer,Education,Unknown,SMS,139067.53,11/22/2024
CUST7090,Michael Hobbs,patricknavarro@hotmail.com,954.625.1226x542,"1815 April Cove Apt. 460, Alyssachester, KS 73478",7/26/1957,Analyst,Finance,Unknown,SMS,123324.65,12/13/2024
CUST6460,Christy York,bernardlynn@thompson-higgins.biz,001-257-734-0622x01658,"Unit 5160 Box 3592, DPO AE 46624",5/21/1966,Consultant,Retail,Unknown,Phone,87999.4,8/21/2024
CUST7154,Kristin Mckay,wkelley@hotmail.com,727-427-3142x6265,"26254 Elizabeth Hill, East Isabellaport, KS 45314",3/31/1992,Director,Finance,Website,Phone,114395.53,4/21/2025
CUST9805,Tamara Miller,lharper@yahoo.com,631-733-6601x30458,"94357 Amy Wall Apt. 836, Amyshire, UT 13686",9/8/1979,Engineer,Healthcare,Event,SMS,117758.12,2/28/2025
CUST2182,Tracie Terrell,marquezvanessa@boone-ross.com,(037)982-7461x3871,"152 Michele Path Suite 964, Jacksonport, SC 19282",8/11/2003,Engineer,Finance,Event,Phone,99268.1,7/12/2024
CUST6126,Mark Hall,mgarcia@yahoo.com,001-670-016-8084x6828,"9217 Salas Rue, East Teresamouth, TX 01617",10/5/1971,Director,Finance,Social Media,SMS,94936.91,4/8/2025
CUST4153,Christina Reynolds,justin96@yahoo.com,+1-001-290-8026x0587,"17822 Lee Skyway, South Ryan, NJ 90155",9/21/1961,Technician,Manufacturing,N/A,Phone,128341.29,8/17/2024
CUST1655,Paula Mendez,hannah02@burns.com,039-976-9450x8230,"45347 Margaret Common Suite 619, North Stevenborough, SD 28101",6/17/1983,Consultant,Manufacturing,Website,SMS,61030.98,7/19/2024
CUST6736,Teresa Lawrence,econway@hotmail.com,001-617-847-0434x82560,"333 Bradley Forest Apt. 112, Port Andrew, OH 65303",8/29/1979,Consultant,Retail,Event,Phone,48731.45,2/3/2025
CUST8812,Heidi Thomas,kelly87@johnson.com,001-797-217-1199,"03533 Ellis Walks Suite 831, Henryfurt, TX 15387",11/1/1996,Engineer,Technology,Unknown,SMS,116786.76,7/20/2024
CUST3090,Jennifer Ortiz,jameswalker@harrell-west.com,467.053.8827x9242,"838 Cruz Mountain, Estesville, SD 63646",5/4/1958,Engineer,Technology,Email Campaign,Email,119944.29,1/22/2025
CUST2426,Michaela Rocha,qadams@miller.com,808383933,"74841 King Spring, Port Lisamouth, WA 01186",4/27/1987,Analyst,Healthcare,Referral,,22596.77,2/13/2025
CUST1975,Chad Gates,robleswesley@king.info,619.887.2398,"867 Molly Shores Suite 253, Justinmouth, MN 00857",12/16/1986,Engineer,Finance,Event,Phone,122344.42,2/14/2025
CUST1573,Joseph Holloway,kingmichael@yahoo.com,651.734.0954,"8606 Caitlyn Valley, Port Ashley, NH 20775",9/4/1984,Engineer,Healthcare,Unknown,Phone,130868.07,6/13/2024
CUST9436,James Gross,xfreeman@yahoo.com,4079651161,"1688 Keith Point Apt. 628, Tonyaport, OH 05152",6/6/2000,Analyst,Healthcare,N/A,SMS,65443.03,10/23/2024
CUST5856,Richard Grant,dlogan@gmail.com,+1-511-753-2446x68242,"PSC 9834, Box 7297, APO AE 89998",9/18/1986,Technician,Retail,Website,Email,109710.98,4/18/2025
CUST4926,Manuel Miller,imiller@avila.com,+1-418-345-3992x56805,"542 Maxwell Springs, New Christina, MN 10989",1/11/1956,Director,Finance,Unknown,Email,25553.14,8/2/2024
CUST3826,Shawn Freeman,harperkiara@tapia.com,(506)783-6785x211,"2311 Kristin Gardens Apt. 967, Thomaschester, AL 40470",1/21/1962,Engineer,Healthcare,Social Media,Phone,112902.37,7/3/2024
CUST4612,Bianca Perkins,pbenton@gmail.com,+1-809-770-8368x372,"316 Stephens Well, New Andrew, NV 29180",3/29/1998,Consultant,Finance,Social Media,,46733.41,12/17/2024
CUST2118,Douglas Dean,ygordon@robertson.com,001-517-414-5626x78127,"722 Amber Crossroad, Lake Moniqueside, MI 51206",12/11/1967,Manager,Retail,Website,Phone,109726.93,2/22/2025
CUST2350,Autumn Cole,kzamora@stafford.com,267-903-9415,"9160 Stephanie Estates Suite 006, Cooleyville, TX 03843",11/9/1981,Technician,Manufacturing,Email Campaign,Phone,47168.15,3/5/2025
CUST5222,Michael Ramos,velezjennifer@flores-keller.com,221-229-3485x38677,"170 Martinez Knoll, North Michaelbury, OH 40620",9/1/1975,Director,Finance,N/A,Email,101462.07,3/19/2025
CUST6640,Matthew Kim,madison70@yahoo.com,001-711-626-8579,"0620 Garcia Creek Suite 483, Matthewmouth, IA 61810",3/2/1966,Analyst,Retail,Website,SMS,102272.99,3/4/2025
CUST4597,Patricia Johnson MD,terri81@bell-powers.com,287.876.2534x23444,"PSC 8223, Box 1120, APO AP 25124",5/21/1964,Consultant,Technology,Referral,Email,104586,1/22/2025
CUST1224,Gregory Hernandez,austinwilliams@tucker.com,2497365209,"Unit 2591 Box 6495, DPO AE 61858",9/29/1984,Consultant,Healthcare,Event,,93852.98,7/24/2024
CUST9933,Anna Jensen,haleyjordan@gmail.com,335-995-3470x57609,"999 Jessica Forks Suite 231, Lake Gregory, TX 97957",12/31/2005,Analyst,Finance,Website,,57723.05,2/16/2025
CUST2537,Laura Cook,erica92@hotmail.com,001-667-965-5909,"26580 Kevin Unions Apt. 357, Garciahaven, NJ 50000",12/16/1959,Technician,Manufacturing,Website,Phone,128981.49,2/11/2025
CUST2266,Travis Wallace,josephbowman@copeland-adams.com,-10053,"953 Wolf Forge, Thomasville, WY 49573",3/13/1982,Consultant,Retail,Referral,,23662.49,7/4/2024
CUST5569,Michael Rodriguez,qwilliamson@white.com,(915)683-1012x046,"4374 Kevin Stream, New Lisastad, WV 45529",7/24/1992,Director,Manufacturing,Email Campaign,,73281.7,11/16/2024
CUST6715,Lauren Benson,jeremy56@gmail.com,680-480-3928x3017,"729 Pamela Points Suite 052, South Jonathonfurt, VT 33282",9/12/1989,Manager,Education,Referral,Email,69102.43,3/27/2025
CUST6249,Amy Stephens,sarahtodd@warren.info,(848)107-8698x4637,"8736 Long Port, Kevinton, OK 31554",9/1/1974,Analyst,Finance,Unknown,,29950.64,10/13/2024
CUST3797,Scott Monroe,nallen@hodge.biz,(492)294-7215x0930,"400 Woods Fords Suite 371, East Edwin, FL 61659",7/8/1971,Director,Technology,Email Campaign,SMS,102498.78,1/31/2025
CUST3246,Madison Russo,jason22@gmail.com,747-268-2815,"54106 Michael Trafficway, East Veronica, CA 56615",4/30/1978,Analyst,Manufacturing,Unknown,SMS,73247.32,1/27/2025
CUST7998,Travis Davis,melindagray@frye.com,431-049-1565,"96231 Charles Cape Suite 956, Wrightshire, KS 06602",1/7/1992,Engineer,Education,Website,Email,44558.22,11/27/2024
CUST3534,Shannon Ray,klowe@hotmail.com,059-138-5176x765,"PSC 5328, Box 0555, APO AE 53634",1/4/1968,Director,Finance,Referral,,147416.8,3/16/2025
CUST2014,William Clark,cjohnson@richardson.org,031-253-8909x67483,"91681 Simpson Fork, Smithmouth, FL 47764",3/20/1965,Analyst,Healthcare,Email Campaign,,47108.98,4/27/2024
CUST7966,Kevin Nichols,uherring@mills.com,133.724.5754x1637,"3098 Sandra Island Apt. 348, Walkermouth, CO 84943",12/6/1994,Director,Finance,Social Media,SMS,107936.19,12/3/2024
CUST1708,Michael Brown,arnoldadam@gmail.com,(696)543-4316x53836,"9507 Melissa Estate Apt. 748, Candiceberg, MD 33275",6/29/2004,Engineer,Manufacturing,Unknown,Phone,96957.1,6/14/2024
CUST3270,Elizabeth Page,anthony91@yahoo.com,169-947-8206x440,"8356 Mendoza Neck, Port Sara, AK 10044",1/16/1988,Engineer,Manufacturing,Email Campaign,Email,74390.58,2/1/2025
CUST1737,Jillian Davis DDS,williamsmeagan@yahoo.com,604-981-2828,"7036 Jeff Extensions Apt. 256, South Marytown, FL 27003",4/9/1967,Analyst,Technology,Unknown,Email,94056.81,2/22/2025
CUST8429,Gerald Grimes,michaelaandrade@sanders.net,001-359-315-5336,"06737 Kyle Radial, North Katherine, MI 07485",10/30/1966,Director,Manufacturing,Unknown,SMS,142002.98,2/5/2025
CUST6946,Misty Wilson,dickersoncharlotte@gmail.com,144.874.2161x006,"PSC 5535, Box 6119, APO AE 08633",4/13/1986,Consultant,Education,Unknown,SMS,118071.84,2/5/2025
CUST2158,Shannon Howard,franciscomiller@martinez-oliver.biz,001-568-092-8539x92675,"3471 Thomas Lock Apt. 924, South Jay, MO 45664",5/23/1961,Engineer,Technology,Referral,SMS,89892.88,7/31/2024
CUST9112,Jeremiah Cobb,atrujillo@hurley.com,(956)325-0269x4949,"3587 Felicia Underpass, Stevensland, MS 77055",4/4/2006,Manager,Retail,Website,,54564.67,8/4/2024
CUST3246,Deanna Wu,adamchan@yahoo.com,(569)895-5052,"712 May Route Suite 816, Port Brittanyside, OK 10752",11/27/1974,Engineer,Technology,Email Campaign,Email,122548.7,11/6/2024
CUST5915,Samantha Kirby,troystark@perez-potts.org,001-254-771-7064x104,"230 Samantha Cape, Samanthafurt, NY 43221",7/11/1988,Analyst,Technology,Unknown,Email,46402.36,10/10/2024
CUST2844,Julie Cameron,richardbrennan@khan.com,(432)454-7818,"USNS Allen, FPO AP 06582",9/28/1968,Director,Manufacturing,Unknown,Email,85943.43,5/5/2024
CUST2535,Eric Parks,charles82@rose.info,001-134-129-4074x5638,"9586 Christopher Fort Suite 385, East Michael, MS 37334",8/2/1999,Director,Retail,Email Campaign,SMS,145034.08,9/14/2024
CUST6384,Leroy Rogers,tracy69@ramsey.com,117-625-7237x340,"3117 Steve Lock Apt. 923, Mooreburgh, NH 90924",2026-15-45,Technician,Healthcare,Referral,,56915.41,9/11/2024
CUST5103,Jessica Lopez,crystal95@hernandez-caldwell.com,001-189-789-5726,"419 Richardson Via, Jerrymouth, HI 81697",10/5/1958,Consultant,Finance,Unknown,SMS,32258.1,3/22/2025
CUST6803,David Welch,martinezjose@fisher.info,-6288,"9897 Walker Divide Suite 924, Jacksonfort, KY 00943",8/1/1961,Engineer,Manufacturing,Website,Email,142470.34,12/8/2024
CUST2179,Megan Ortiz,umack@hotmail.com,+1-297-133-7765x266,"28881 Davis Manor, West Johnburgh, ID 87742",9/4/1969,Manager,Manufacturing,Unknown,,146012.2,9/30/2024
CUST2954,Steven Short,rebecca17@gmail.com,822.110.0648,"19472 Keith Isle Apt. 052, Lake Joe, MA 13565",8/31/1972,Director,Healthcare,Email Campaign,Phone,65328.51,11/10/2024
CUST5490,Tara Freeman,vberry@morales.net,(022)510-0998,"Unit 0105 Box 5905, DPO AE 75126",12/11/2006,Engineer,Education,Website,Phone,132106.34,12/30/2024
CUST3675,Kenneth Stein,farmerryan@hotmail.com,578.234.1609,"Unit 9567 Box 4798, DPO AA 39678",12/30/2004,Engineer,Manufacturing,Website,SMS,78527.33,8/1/2024
CUST8502,Rebekah Barnes,carmen69@wiggins.info,+1-649-208-9239x489,"Unit 5461 Box 2410, DPO AP 71360",11/1/1957,Engineer,Education,Unknown,SMS,28617.02,9/12/2024
CUST1966,Brenda Holt,osbornejennifer@yahoo.com,801-567-5964,"USNS Kelly, FPO AE 33103",2/11/1965,Technician,Technology,Email Campaign,SMS,32961.62,9/15/2024
CUST7519,Caleb Ward,matthew14@gmail.com,047-600-8312,"0749 Lloyd Spurs Apt. 006, Jasonview, WI 61045",11/22/1974,Manager,Education,Unknown,Phone,129224.53,9/24/2024
CUST4567,Andrew Romero,cwatkins@yahoo.com,239.241.8067x6995,"808 Taylor Parks Suite 029, North Aliciafort, TN 46264",3/19/1994,Engineer,Finance,Event,,112896.31,11/16/2024
CUST5329,Carl Christensen,bholt@yahoo.com,(502)857-6342x430,"16429 Howe Corner Apt. 553, Christopherside, MO 01601",11/14/1976,Engineer,Technology,Referral,Phone,117584.87,10/29/2024
CUST6228,Christopher Holloway,alvareztracy@gmail.com,(794)697-2689,"3094 Walter Landing, Arnoldmouth, IA 86171",11/21/1955,Consultant,Finance,Event,,39633.04,5/23/2024
CUST6100,Michelle Lopez,batesthomas@gmail.com,(108)146-8330x468,"4531 James Ramp Apt. 002, Scottmouth, WI 62973",2/24/1993,Analyst,Manufacturing,Email Campaign,Phone,43833.19,1/2/2025
CUST4740,Matthew Gomez,cartershannon@hotmail.com,572.696.3445x3029,"PSC 6054, Box 5530, APO AP 01400",10/17/1954,Engineer,Retail,Unknown,SMS,123148.62,7/20/2024
CUST7527,Kimberly Flores,njenkins@hotmail.com,941-453-8792x967,"54887 Vargas Inlet Apt. 991, Elizabethtown, DE 11711",6/13/1965,Analyst,Finance,Social Media,Phone,42410.87,5/29/2024
CUST7216,Nicholas Wilson,sherryshaw@frazier.com,557-054-3796,"1990 Merritt Spur Apt. 954, East Seth, GA 50593",12/25/1982,Engineer,Manufacturing,Unknown,Email,24607.98,8/12/2024
CUST3811,Clayton Arroyo,josephgonzalez@taylor-martin.com,(141)377-4178x304,"7763 Austin Drive Apt. 237, East Edwardfort, CA 53361",12/10/1986,Consultant,Manufacturing,Email Campaign,Email,109380.5,2/22/2025
CUST9487,Sherry Arellano,ashleygraves@yahoo.com,636-828-9911x92567,"5629 Palmer Keys, Ryanhaven, DC 56625",12/23/2001,Engineer,Retail,Website,Phone,91000.19,3/23/2025
CUST2862,Michelle Hall,gregorytanner@nguyen.com,591.993.2249,"254 Smith Meadow, Bonnieside, NC 06719",6/27/1974,Technician,Technology,Referral,Email,141452.52,12/25/2024
CUST2182,Erica Braun,emiller@alvarado.net,+1-002-790-6927x829,"7531 Alex Summit Suite 710, Munozberg, IL 07484",9/14/1982,Engineer,Finance,Event,SMS,121326.26,11/18/2024
CUST4826,Rhonda Cardenas,perezjake@estrada.com,001-922-132-9758x19868,"207 Angela Mountain, Stoneburgh, CA 57112",11/23/1954,Consultant,Retail,N/A,Phone,29110.2,11/7/2024
CUST2306,Mrs. Angela Washington,donna94@yahoo.com,226.580.8094x8294,"3827 Morgan Vista Suite 291, Herringmouth, MS 68253",5/15/1955,Manager,Retail,Event,Email,21296.93,9/7/2024
CUST6145,Chelsea Johnson,laura25@odom.com,(557)155-0465,"62396 Pitts Overpass Suite 062, Lake Kristinaburgh, MA 91510",8/26/1983,Consultant,Manufacturing,Social Media,Email,27791.22,3/8/2025
CUST3317,Laurie Jones,howardjennifer@gmail.com,9023784251,"20119 Cole Views, Mooreview, UT 53736",5/8/1977,Manager,Healthcare,Social Media,Email,23379.59,6/26/2024
CUST3414,Kenneth Gutierrez,uhurley@gmail.com,(967)714-5151x50334,"024 Gutierrez Garden, Lake Ronald, IN 10539",4/18/1997,Manager,Manufacturing,Email Campaign,Email,44635.85,5/6/2024
CUST3954,Michael Rogers,moorechristina@yahoo.com,000-370-0490x419,"8018 Robert Parkway Apt. 590, West Amanda, SC 04404",3/7/1961,Technician,Retail,Referral,Phone,32158.14,12/1/2024
CUST6246,Elizabeth Clark,paula36@sanchez.com,-5192,"Unit 4991 Box 5565, DPO AP 96766",5/2/2002,Director,Retail,Event,Email,116621.77,12/25/2024
CUST8253,Gina Castillo,samanthasmith@gmail.com,602.753.8596,"33340 Hall Loaf, Jamesmouth, MO 67030",4/3/1989,Engineer,Technology,Email Campaign,,38529.56,12/15/2024
CUST2777,Angela Taylor DDS,anthonyedwards@yahoo.com,7161817278,"1686 Blackwell Station, Paulside, NC 69555",12/29/1990,Engineer,Education,Social Media,SMS,116652.6,1/25/2025
CUST9161,,adamhooper@gmail.com,126-392-4001x192,"10837 Franklin Parks, South Kayla, CO 56359",3/16/1975,Consultant,Finance,Event,Phone,91130.49,7/15/2024
CUST9342,Karen Ochoa,mpowell@keller.com,001-889-505-7050x45345,"54544 Christensen Street Apt. 159, Port Tara, AL 08139",1/27/1965,Consultant,Finance,Email Campaign,SMS,59831.12,9/10/2024
CUST1513,Sierra Boyer,walter47@owen.com,960-770-1050,"562 Sexton Skyway, North Richardmouth, MI 02274",8/10/1957,Engineer,Healthcare,Unknown,Phone,118744.92,1/30/2025
CUST7084,Jodi Schneider,markpatterson@dalton.com,6935762181,"6752 Gibson Lock, South Kristen, HI 10201",1/28/1980,Manager,Healthcare,Social Media,Phone,32069.59,8/7/2024
CUST6575,Lauren Meyer,christiancabrera@mcclure.com,633.005.1936x147,"PSC 1856, Box 0625, APO AP 50738",10/10/1997,Engineer,Healthcare,Social Media,Phone,47907.6,8/25/2024
CUST7166,Bryan Mcbride,ashleygardner@yahoo.com,(571)222-5816,"32163 Thompson Run Suite 613, New Joannetown, MA 65373",2/9/1964,Analyst,Finance,Referral,Email,95834.34,12/31/2050
CUST7203,Jose Bowers Jr.,xhamilton@bell-lopez.info,(534)895-0621,"948 Ortiz Burg, Taylorport, CT 08226",9/30/1994,Technician,Retail,Unknown,,134829.25,12/1/2024
CUST1151,Cody Ayala,austin05@hotmail.com,437-602-4281x5304,"466 Tracy Inlet Apt. 930, East Juliebury, NV 47217",6/3/2001,Director,Finance,Referral,Phone,74686.61,1/20/2025
CUST3683,Kayla French,ylopez@huffman-flores.org,864-074-6768x6957,"57838 Pittman Forest, Debraberg, KS 68744",11/19/1989,Analyst,Education,Website,Phone,139983.4,2/10/2025
CUST3410,Scott Richards,kperez@yahoo.com,001-036-650-7815,"PSC 1588, Box 5957, APO AP 66753",5/19/1965,Consultant,Finance,N/A,,98348.13,9/14/2024
CUST7017,Austin Williams,morrisscott@hotmail.com,9074135789,"030 Lucas Spring, Lake Julie, UT 30562",7/9/2004,Technician,Manufacturing,Website,Phone,55145.29,8/23/2024
CUST5277,Stephanie Johnston,ewilson@hotmail.com,+1-124-982-5738x581,"9791 Jean Junctions Suite 662, Port Matthewbury, IN 40358",10/21/1973,Technician,Education,Event,SMS,34553.08,3/13/2025
CUST3705,Javier Brandt,johnsonkeith@willis.com,+1-813-206-3920x48027,"9592 Cain Prairie, Gonzalesbury, MO 39724",2/1/1983,Manager,Finance,Website,Email,61556.99,6/28/2024
CUST3180,Anna Dawson,robertowatson@gmail.com,396.965.6152x19746,"54446 Valencia Parkways Apt. 757, West Davidborough, NY 77021",5/3/1975,Director,Finance,Referral,,90264.04,9/22/2024
CUST9627,Kathryn Pittman,tracy07@wilson.info,+1-899-175-2691x6525,"48572 Brittany Cove Apt. 454, West Elizabeth, VA 56426",5/21/1987,Technician,Education,N/A,,53188.9,8/15/2024
CUST7452,Sara Taylor,leejames@yahoo.com,907.691.3640x99964,"70193 Jesse Lodge Suite 308, North Ryan, GA 85330",10/10/1992,Consultant,Manufacturing,N/A,,36497.22,9/10/2024
CUST8781,Catherine Reyes,brojas@yahoo.com,703-519-0887x5474,"883 Gregory Haven Suite 288, New Travisborough, MT 58746",7/1/1997,Consultant,Finance,Website,SMS,60555,10/3/2024
CUST7093,Lori Nguyen,jason50@gmail.com,548080973,"354 Holmes Well Suite 081, Smithland, RI 41391",9/9/1978,Engineer,Manufacturing,N/A,Phone,76981.86,2/28/2025
CUST4208,Glenda Harris,bobby14@myers-trevino.com,(292)794-5842x467,"753 Denise Fall Apt. 579, North Judith, VT 56198",1/28/1982,Director,Finance,Event,Email,94345.32,1/9/2025
CUST3879,Billy Wallace,andersonkevin@rodriguez-sanchez.com,(307)632-8206x87653,"645 Case Flats Suite 562, Rogersborough, OH 42025",2/13/1987,Analyst,Manufacturing,Unknown,Phone,31148.02,10/7/2024
CUST3442,James Flores,grahamvalerie@anderson.com,649-066-1335x90358,"061 Robert Haven Apt. 426, New Richard, DC 63548",1/8/1975,Engineer,Finance,Email Campaign,Phone,71094.96,1/9/2025
CUST3331,Danielle Snyder,randallconrad@gmail.com,+1-197-848-7043x86159,"98038 Andrew Road Suite 452, Lake Samanthaberg, MI 84482",11/15/1964,Technician,Healthcare,Unknown,Phone,122105,2/23/2025
CUST2869,Scott Boyle,andrew19@blackburn-moore.com,-9861,"072 Shawn Station Apt. 379, Brianfort, SC 16827",7/26/1968,Analyst,Manufacturing,Social Media,,55154.47,10/9/2024
CUST4532,Adam Ford,fosterjennifer@yahoo.com,868-455-0805x6921,"56690 Hayden Light, Oneillberg, MT 03006",1/5/1955,Director,Healthcare,Website,Phone,94630.95,2/12/2025
CUST9793,Sara Williams,rcole@hess.com,7005103125,"1003 Jessica Expressway, North Steve, MA 79180",1/24/1996,Consultant,Education,Social Media,,44373.92,7/21/2024
CUST6277,,qnelson@johnson.com,645-079-6207x4531,"59133 Simpson View Suite 404, North Kellyport, OR 42206",7/3/1975,Engineer,Healthcare,Website,Phone,45909.24,1/10/2025
CUST4098,Austin Alexander,mary20@norris.net,(252)959-7637,"1272 Andrea Mills Apt. 078, Angelachester, FL 17473",10/28/2001,Consultant,Technology,N/A,Phone,132608.59,11/16/2024
CUST4981,Richard Bell,kinglindsay@salazar-everett.com,1651570090,"3483 Cynthia Locks, Martinezview, SC 50901",3/13/1994,Analyst,Finance,Referral,Phone,20257.18,4/25/2025
CUST4974,Joseph Howard,stacy70@gmail.com,+1-576-944-2963x04220,"7431 Aaron Isle Apt. 742, Reyesstad, AR 12216",2/17/2000,Engineer,Manufacturing,Event,,52326.69,8/23/2024
CUST1168,Curtis Porter,tcarey@hotmail.com,(677)712-6488x274,"22731 Holloway Valley Apt. 334, Hopkinsview, NM 42879",6/6/1976,Technician,Technology,Email Campaign,,-4989,12/15/2024
CUST4024,Randall White,amber77@barnes.org,(033)198-1212x51204,"43537 Renee Garden, Royside, NJ 46328",4/28/1963,Director,Finance,Website,Email,35771.35,7/18/2024
CUST5634,Jennifer Malone,deborahbowen@taylor.biz,001-383-645-5457x396,"2684 Amber Point Apt. 403, Juarezborough, IA 16252",2/23/1970,Consultant,Finance,Website,Email,69982.8,5/14/2024
CUST6706,Ryan Wilcox,jamescarr@hotmail.com,049.552.4230x689,"51720 Jones Isle, New Chad, DC 55473",8/17/2005,Technician,Technology,Referral,Phone,38052.28,6/9/2024
CUST6730,Brianna Frank,connerwhitney@hotmail.com,439823925,"7541 Kelly Junctions, Lisastad, FL 61267",3/2/2005,Manager,Retail,N/A,,116201.64,11/14/2024
CUST4366,Matthew Diaz,kirkpenny@ramirez.com,001-591-772-8416x833,"88230 David Inlet Apt. 152, New Leahbury, PA 39310",10/1/1956,Engineer,Retail,Website,SMS,59026.2,2/4/2025
CUST2980,Carlos Nolan,justin32@yahoo.com,187.957.0272x77603,"979 Cynthia Gateway Apt. 810, New Mariahview, TX 75116",12/21/1998,Director,Retail,Email Campaign,SMS,70506.02,11/3/2024
CUST1960,Shawn Norton,jonesalison@yahoo.com,(510)148-0985x858,"83106 Charles Mountain Apt. 010, East Cindy, ID 20339",9/22/1993,Engineer,Finance,Event,SMS,108958.6,6/25/2024
CUST1862,Katherine Brown,danielle77@gmail.com,001-204-003-7361x1607,"672 Burton Spring, North Henryburgh, NC 96277",7/1/1992,Consultant,Finance,Website,Phone,143901.99,4/20/2025
CUST5009,Linda Hamilton,andreadavis@jones.info,001-232-227-4892x68664,"326 Graham Valleys, Michelefurt, MN 32257",11/16/1963,Engineer,Manufacturing,Website,SMS,32020.7,9/23/2024
CUST2818,Lauren Sullivan,kthomas@mccarthy-brown.com,1314225853,"16359 David Island, Ryanside, NE 12852",11/21/1959,Director,Technology,Social Media,SMS,62864.39,6/18/2024
CUST5267,Jacqueline Lloyd,susan44@lewis-myers.info,7832059476,"61211 Mayer Place Suite 385, Christophermouth, VA 73377",6/7/1956,Director,Education,Referral,Email,44584.63,6/23/2024
CUST3704,Allison Adams,nancysmith@hotmail.com,(477)634-8946x05636,"4679 Nicole Walks Suite 587, Port Angela, ND 04489",12/18/1962,Technician,Finance,Website,SMS,46448.93,4/20/2025
CUST8127,David Fisher,christina65@price.com,+1-562-953-5232x282,"63661 Nicole Forest Apt. 760, Cabreraburgh, NE 28639",7/2/1998,Analyst,Retail,Email Campaign,Email,78042.1,10/6/2024
CUST1308,Jackie Lowery,oherrera@hotmail.com,653-260-5363x1237,"03115 Chambers Grove Suite 917, Port Jacobberg, NM 78643",12/7/1978,Director,Manufacturing,Event,SMS,56839.86,8/16/2024
CUST1650,Christine Burns,fduffy@yahoo.com,001-902-597-4016x04822,"66050 Justin Parks, Port Leslieville, LA 52326",12/16/1998,Analyst,Retail,Email Campaign,,39275.08,9/17/2024
CUST9177,Kelly Harrell,lknight@hotmail.com,001-098-560-2589x598,"PSC 2993, Box 3341, APO AP 18071",6/18/1988,Engineer,Finance,Event,Phone,54709.55,6/29/2024
CUST3139,Alyssa Lawson,madeline69@hotmail.com,+1-535-641-8347x562,"00245 Gonzalez Oval, South James, NV 53745",4/27/1988,Technician,Finance,Unknown,Phone,111824.2,8/4/2024
CUST7616,Dylan Jacobson,emily14@gmail.com,718-315-3269x52299,"363 William Dale Apt. 941, West Kyle, KS 98414",11/13/1966,Engineer,Technology,Event,Phone,139684.57,4/27/2024
CUST8911,Morgan White,alexander34@hubbard.com,+1-732-349-6626x243,"30759 Hull Trail, East Tanya, NV 32270",3/16/1996,Manager,Manufacturing,Email Campaign,SMS,145858.98,5/31/2024
CUST1469,Kendra Olson,bradshawdonna@lee-little.com,(318)030-0936,"90176 Cynthia Coves Apt. 066, Frankside, UT 27350",4/2/1967,Consultant,Healthcare,Website,SMS,85103.62,12/25/2024
CUST8926,Natalie Brock,iscott@gmail.com,(127)512-9835x26895,"007 Stanley Camp, Hollyborough, IA 24300",1/6/1976,Consultant,Education,N/A,SMS,137628.49,3/7/2025
CUST4316,Jacob Reynolds,nicholas69@wagner.com,+1-916-496-2925x798,"955 Joseph Grove Apt. 549, Sandersside, SD 76794",1/4/1995,Manager,Education,N/A,Phone,73506.16,8/2/2024
CUST2143,Dale Torres,ashleysmith@gmail.com,+1-757-219-3761x56158,"USCGC Dougherty, FPO AA 10959",5/5/1998,Manager,Education,Email Campaign,Email,21094.76,8/16/2024
CUST4988,Luis Cochran,jacksonkathy@hotmail.com,097-828-5721x5697,"915 Cheyenne Station Suite 901, Royport, WY 30230",6/14/1970,Manager,Manufacturing,Website,Phone,91715.86,11/6/2024
CUST4255,Denise Campbell,charlesstephens@sanchez.org,001-236-433-1390x9840,"120 Freeman Path, Terryside, IN 48315",5/10/1968,Engineer,Manufacturing,Website,,141974.85,8/16/2024
CUST4198,Mary Neal,warrengary@spencer-anderson.org,1692488802,"49127 Mack Rapids, Colebury, DE 98174",1/2/1962,Manager,Technology,Social Media,SMS,93379.91,10/26/2024
CUST7000,Melanie Martinez,taylorpatrick@duarte.com,(555)557-8590,"7789 Duran Stream, East Marcusville, AL 42245",10/9/1971,Technician,Retail,Website,Email,27908.19,1/3/2025
CUST4829,Joshua Bailey,scottfoster@krueger.com,3548289899,"664 Ethan Curve, Samanthafort, LA 17256",5/25/2004,Manager,Healthcare,Website,SMS,75441.17,4/14/2025
CUST2260,Deanna Miranda,jessica52@flores.info,(748)384-5474x2476,"9432 Jessica Canyon, Stevenshire, DC 67877",5/13/1965,Engineer,Finance,Referral,Phone,87908.31,5/9/2024
CUST1472,Christopher Thomas,michael89@walker.org,6497490712,"520 Sean Loop Apt. 038, Lake Angela, AL 51356",4/13/1975,Engineer,Finance,Website,Phone,46065.5,7/14/2024
CUST7149,Jacqueline Davila,lozanomichael@hotmail.com,298-985-9751x8597,"10353 Martin Spur Suite 855, Petersonberg, NM 39720",9/20/1957,Director,Technology,N/A,,28923.69,11/1/2024
CUST3022,Crystal Tran,umccarthy@hotmail.com,116-329-4533x8422,"66187 Angela Mills, New Danaberg, WI 61830",2/6/1961,Manager,Finance,N/A,SMS,143045.51,10/14/2024
CUST3682,Kimberly Cordova,dicksonheather@santos.org,372-286-0829x216,"610 Brooks Curve, Smithbury, MO 99057",2/24/1989,Analyst,Finance,Email Campaign,,76579.41,8/7/2024
CUST3770,Thomas Davis,pingram@myers-wright.info,400.710.3705,"20356 Austin Common Apt. 745, Lisamouth, WY 37900",12/2/2004,Manager,Technology,Unknown,SMS,60567.35,3/3/2025
CUST2887,Brianna Hunt,howellbrian@villa.com,839642615,"613 Delacruz Road, Port Brettport, SD 22017",9/25/2004,Engineer,Education,N/A,Phone,136198.37,11/2/2024
CUST1945,Robert Mooney,jsanders@williams.com,(526)749-7824x478,"37534 Brandt Valley Suite 976, Lake Devon, DE 92479",2/20/1982,Consultant,Healthcare,Unknown,SMS,69766.52,1/31/2025
CUST4138,Natasha Odom,travis79@brooks.com,+1-901-883-8307x5792,"05397 Bender Harbors Apt. 975, Coffeyside, ME 31536",8/29/1977,Engineer,Manufacturing,Website,SMS,50757.72,12/7/2024
CUST3171,Christopher Davis,rvelasquez@yahoo.com,001-655-837-1052x2549,"PSC 4759, Box 3348, APO AE 75195",2/8/1969,Consultant,Technology,N/A,Phone,145325.05,5/8/2024
CUST3994,Jennifer Ray,johncruz@hotmail.com,-9002,"75577 Andrea Manor Suite 659, Thompsonview, VA 65855",5/12/2000,Consultant,Healthcare,Social Media,Phone,65463.9,10/6/2024
CUST9481,Sharon Turner,kbullock@howard.org,+1-311-774-1815x93432,"61793 Mccullough Locks, Port Michaelview, TN 59518",9/11/2006,Engineer,Retail,Email Campaign,Phone,41213.65,8/31/2024
CUST6011,Keith Grimes,trevor86@adkins.com,292.161.9018x4320,"664 Crystal Mission, Johnnyside, CO 91434",11/10/1986,Engineer,Technology,N/A,Phone,127386.52,2/3/2025
CUST6482,Jasmine Cortez,middletonjacqueline@munoz.com,478-565-8572x341,"048 Haynes Ridges Suite 888, Lake Michael, NJ 07535",6/17/1982,Manager,Retail,Email Campaign,Email,86220.43,7/19/2024
CUST4602,Ashley Moore,millerjuan@lutz-davis.com,5898500728,"354 Anthony Junction Suite 166, New Andrewbury, DC 96899",10/26/1990,Technician,Retail,Social Media,,143851.46,9/29/2024
CUST7680,Julia Barajas,kennedysharon@gmail.com,849-490-4461,"65845 Karen Mount, North William, VT 51981",9/12/1968,Analyst,Finance,Event,,134903.64,12/14/2024
CUST7455,Paul Anderson,ghowe@page.com,-4905,"54103 Ross Shores Apt. 981, Port Kristyland, RI 37027",2026-15-45,Director,Retail,Event,SMS,122713.9,9/29/2024
CUST5812,Patrick Jordan,xwilliams@hotmail.com,(002)871-4256x57657,"61112 Christina Mountain Apt. 704, Breannaborough, MS 34594",9/23/1956,Consultant,Retail,Unknown,Email,106110.89,3/8/2025
CUST4874,Adam Banks,dgarrison@hotmail.com,(541)706-8474x31779,"4052 Watts Well Suite 965, Davidview, RI 16353",7/1/1961,Engineer,Technology,Referral,SMS,21955.82,4/18/2025
CUST1562,Cody Kelley,porterdavid@yahoo.com,+1-292-563-4471x1878,"6474 Hoover Harbors, West Daniel, GA 05322",12/6/1993,Engineer,Manufacturing,Social Media,,149144.82,7/21/2024
CUST2144,William Gates,invalid_email@,001-858-787-4541x6849,"1598 Jones Inlet Suite 360, Barryhaven, VT 48835",1/26/1988,Manager,Healthcare,Social Media,SMS,125520.35,9/14/2024
CUST6517,Jennifer Johnson,darrenrobinson@cruz.com,(106)474-0033x53429,"33373 Jenkins Lane Apt. 093, Smithtown, VA 79638",10/12/1968,Engineer,Education,N/A,,134231.67,9/30/2024
CUST8714,Brittany Meyers,aguilaradam@young.info,001-910-673-8177x4154,"79828 Kelli Island Suite 870, Collinsview, PA 11451",10/8/1958,Consultant,Manufacturing,Referral,Email,39606.07,7/19/2024
CUST6557,Jennifer Pineda PhD,zwillis@elliott.net,(083)272-4778,"1845 Jackson Ways Apt. 042, West Samantha, HI 41308",12/7/1999,Technician,Retail,Unknown,SMS,98598.16,6/9/2024
CUST5497,Michael Thompson,kmoreno@snyder-harvey.com,+1-021-435-6092x29896,"48684 Gregory Fork Apt. 786, Jeffreyhaven, NH 92809",8/24/1968,Analyst,Healthcare,Social Media,SMS,94728.17,2/22/2025
CUST6328,Brandon Morris,mistyramsey@atkins.net,001-988-691-8978,"44198 Lindsey Manors Suite 342, Rodriguezborough, IL 98294",6/4/1958,Engineer,Retail,N/A,SMS,124133.88,3/25/2025
CUST5593,Lisa Williams,aaronnorton@jones-king.info,1605935449,"91343 Hernandez Lake Apt. 842, Popebury, VT 12552",10/26/1954,Engineer,Finance,Website,,120634.31,9/16/2024
CUST9469,Angela Taylor,omartinez@morales-barron.com,(071)118-8207,"4758 Benton Extension Apt. 070, New Brianmouth, AZ 04361",4/16/1956,Director,Finance,Event,Phone,80267.91,5/12/2024
CUST8330,Chelsea Haynes,christopher56@gmail.com,(195)266-0643x32587,"178 Hill Freeway Suite 908, Derrickberg, VT 82808",5/31/1970,Technician,Retail,Referral,SMS,49295.15,6/8/2024
CUST7655,Amanda Rogers,katrinaoneal@jackson.com,(659)466-6452x16177,"7107 Juan Inlet Suite 573, New Jamie, WV 50113",8/2/1988,Director,Education,Event,Phone,114122.03,9/1/2024
CUST9884,Elizabeth Hartman,gibsonjustin@flynn-dominguez.com,632.257.3501x494,"252 Williams Drive, Mckeeton, NV 68322",1/17/1981,Director,Education,Event,,89789.24,4/11/2025
CUST7007,Stanley Berg,tward@flores.com,(964)628-3027x74345,"715 King Camp, Comptonland, NH 94945",2/6/1966,Consultant,Education,Unknown,Email,65151.17,12/15/2024
CUST4582,Devin Harrison,aaroncook@yahoo.com,+1-214-671-8488x5721,"0738 Williams Locks, Lake Albertchester, AK 40840",9/28/1978,Engineer,Finance,Referral,Email,40929.72,2/2/2025
CUST9041,Jamie White,reyesmichelle@hotmail.com,+1-470-752-8040x40388,"06013 Martin Points, North Kathleenburgh, NY 06090",8/3/1973,Analyst,Healthcare,N/A,SMS,30694.03,7/19/2024
CUST5568,Bryan Fisher,aaron23@gmail.com,387-946-6484x82711,"317 Shannon Loop Apt. 753, South Rebeccashire, MN 32709",6/17/1994,Manager,Healthcare,Unknown,Email,35400.3,2/24/2025
CUST5027,Rodney Potter,rodriguezstephanie@yahoo.com,001-625-935-9113x36306,"Unit 9174 Box 2197, DPO AA 66753",12/30/1968,Engineer,Education,Event,,20544.87,6/10/2024
CUST1210,Diane Scott,williamhernandez@gmail.com,001-594-581-6378x900,"385 Brad Squares, Gregoryburgh, MS 24579",12/26/1967,Consultant,Healthcare,Website,,26873.28,3/8/2025
CUST1069,Brittany Lloyd,aaron40@gmail.com,678-874-2332x550,"9666 April Underpass, North Johnhaven, LA 19343",10/7/1962,Manager,Healthcare,Website,Phone,33654.49,6/16/2024
CUST2095,Cindy Larsen,miranda25@hotmail.com,756-488-2132,"1502 Martinez Bridge Suite 636, Oliverton, DC 10658",11/14/2004,Director,Manufacturing,Event,Email,30423.65,10/10/2024
CUST9376,Dale Osborn,terrellstacy@conner.com,+1-686-604-1601x689,"6205 White Lake Apt. 720, Amberville, AR 58348",1/4/1994,Engineer,Finance,Referral,SMS,139467.87,12/22/2024
CUST7711,Melissa Rodriguez,schneidershane@spencer.com,+1-559-758-3049x1104,"794 Morales Port, East Natasha, SD 64366",3/27/1958,Engineer,Healthcare,Website,,117180.01,1/29/2025
CUST1371,Melissa Adams,jasoncruz@yoder.com,8857087018,"8193 Charles Expressway, North Robertborough, AR 62821",6/1/1976,Consultant,Technology,Event,,25926.33,4/19/2025
CUST6451,Tyler Lewis,pamela54@ayala.org,289.100.9875,"Unit 0929 Box 2527, DPO AP 30903",3/7/1968,Engineer,Technology,Unknown,,134933.79,3/7/2025
CUST9825,Julie Thomas,hhoward@oconnor.com,298-346-2378x94833,"319 Mahoney Spur Suite 284, Whitemouth, IL 13551",3/16/1966,Analyst,Technology,N/A,Email,113828.61,7/26/2024
CUST3216,Jeffrey Vargas,cwilliams@reynolds.com,+1-519-650-4643x3209,"24350 Thomas Dale Suite 358, Johnside, MI 75779",8/30/1971,Engineer,Manufacturing,N/A,SMS,129902.13,4/30/2024
CUST7961,Alexis Morales,garciabrett@yahoo.com,532.850.6189x0698,"5158 Joseph Stream Suite 180, North Sarah, RI 44487",12/17/1985,Consultant,Manufacturing,Social Media,SMS,139764.38,4/29/2024
CUST7870,Michael Davis,ohammond@ward.org,(626)234-4380,"5204 Madison Fort Suite 564, Christinetown, RI 41470",5/9/1991,Engineer,Finance,Referral,,64294.4,12/12/2024
CUST3954,Richard Bell,alexisfreeman@gmail.com,+1-416-325-8860x11250,"500 Sarah Point Apt. 040, New Natalie, WY 38989",4/1/1976,Director,Healthcare,N/A,Email,22942.4,7/19/2024
CUST6488,Brad Nguyen,kelleyjonathan@yahoo.com,9323247342,"PSC 8789, Box 7408, APO AA 26501",1/11/1962,Director,Manufacturing,N/A,,87936.21,6/18/2024
CUST9941,Tina Clements,dean47@hotmail.com,+1-249-051-2878x2719,"6008 Carter Village, Tuckerbury, NV 15554",11/1/1970,Consultant,Healthcare,Unknown,,97836.76,9/27/2024
CUST9088,Steven King,weisscheryl@hotmail.com,001-537-309-8984,"5235 Rivas Islands, Velezland, NJ 89177",10/28/1975,Technician,Healthcare,Email Campaign,Email,142914.14,6/22/2024
CUST1239,Deborah Schaefer,erangel@gmail.com,001-326-147-5717x23674,"069 Alicia Points, Ericksonport, WY 10582",6/14/1961,Consultant,Finance,Event,Email,121295.64,10/23/2024
CUST4135,Jason Hall,fowlermark@hotmail.com,001-454-774-9322x61840,"540 Wagner Plaza, Henryfurt, AR 25931",10/16/1986,Manager,Healthcare,Referral,,52670.85,7/21/2024
CUST5317,Kelli Elliott,wolfedaniel@gmail.com,604.560.9867x66595,"19356 May Corner Suite 205, Dudleyhaven, TN 08260",3/23/1969,Engineer,Manufacturing,Referral,,-6596,7/6/2024
CUST1335,Sarah Garcia,ggarza@gmail.com,1614759394,"35954 Albert Skyway, South Jonathanchester, VA 80639",6/2/1972,Engineer,Retail,Email Campaign,Email,136957.14,12/31/2050
CUST2677,Jesse Gates,debbiefranklin@gmail.com,222-129-6840x22774,"461 Nash Mission, West Jessica, HI 73810",10/27/1992,Manager,Education,Event,Email,107585.73,7/28/2024
CUST7479,Jared Costa,carsontroy@gmail.com,(417)459-6909,"742 Jason Mount, Duaneborough, MT 66741",1/15/1979,Director,Education,Unknown,SMS,80517.87,4/25/2025
CUST4479,Joseph Johnson,anita30@yahoo.com,950.251.3424x493,"1472 Stewart Manor, West Ivanmouth, AZ 20322",4/22/1955,Engineer,Finance,Referral,SMS,106986.86,8/8/2024
CUST5870,Mary Guerra,carnold@gmail.com,001-482-538-4913x64142,"53269 Christopher Harbor Suite 534, Powerston, CA 01418",4/14/1960,Manager,Healthcare,Referral,,145321.14,2/19/2025
CUST7223,Christopher Price,priscillale@yahoo.com,628.708.6328,"9346 Wong Stream, Westfort, WA 28031",4/4/1963,Engineer,Retail,Event,Email,122614.46,10/13/2024
CUST4407,Bianca Shaffer,laurenmurphy@gmail.com,001-121-064-7713x1473,"5762 Lindsey Highway Apt. 872, Lake Kim, WY 71656",6/19/1954,Director,Technology,Unknown,,91693.18,8/27/2024
CUST3280,Megan Cole,zpacheco@bennett.com,(018)530-8358x011,"9764 Heather Ford, Travisstad, FL 07251",8/3/1990,Analyst,Retail,N/A,,22590,3/30/2025
CUST1614,Cristina Warren,christinaosborne@gmail.com,218.293.4410x94322,"258 Howard Ridges Suite 159, North Anitamouth, TN 41058",6/2/1972,Technician,Technology,Social Media,Email,76800.99,7/12/2024
CUST2835,Thomas Mullins,kimberlyrodriguez@martin-martin.com,+1-798-711-1295x965,"1717 Daniel Roads, South Scott, ID 63666",8/15/1982,Engineer,Healthcare,Event,SMS,110607.59,11/19/2024
CUST4294,Charles Huff,invalid_email@,307-938-8593x8491,"2676 Koch Place, Port Jerry, ID 90727",4/23/2007,Engineer,Education,Website,Email,129034.84,1/15/2025
CUST3087,Matthew Hendricks,gjames@yahoo.com,001-069-688-9579x4943,"93538 Derek Ports Suite 807, Ashleyberg, VA 00933",11/4/1988,Manager,Retail,Website,Email,82444.55,12/17/2024
CUST1049,Sheryl Sherman MD,hendersonrobert@gmail.com,+1-245-727-9506x9119,"13239 Raymond Manors, Port Jamesside, NE 76936",7/30/1998,Manager,Healthcare,Social Media,Email,147299.27,9/11/2024
CUST5313,Shelby Peters,mbowman@garcia-martin.info,-4659,"PSC 0248, Box 4005, APO AA 34519",5/13/1979,Director,Education,Unknown,Phone,56669.01,9/20/2024
CUST3377,Daniel Bray,ahickman@bush.com,560.941.7507,"4346 Miguel Ridges Apt. 037, West Richard, VT 30905",10/12/1973,Technician,Technology,N/A,Email,100600.36,8/18/2024
CUST4286,Debra Harmon,brobinson@koch-dalton.com,478-070-4250x876,"128 Whitaker Stream Suite 361, Lake Dana, AR 05145",5/11/1985,Director,Healthcare,Social Media,SMS,85440.6,6/27/2024
CUST8380,Richard Gaines,bakerjessica@hotmail.com,(194)055-8045x648,"9542 Moore Place, East John, TN 45983",11/7/1984,Engineer,Finance,Social Media,Email,116016.73,7/5/2024
CUST6145,Connie Lopez MD,andersonisaac@morse.net,748-306-0426x39007,"546 Wright Club, West Johnnyfort, MA 73097",10/28/2005,Engineer,Finance,Social Media,Phone,26090.59,3/17/2025
CUST1441,Miss Heather Cox MD,frostbryan@gmail.com,001-030-722-5200x2757,"658 Catherine Keys Suite 363, Reynoldsberg, ND 18037",2/24/1974,Analyst,Finance,Email Campaign,,113560.37,6/28/2024
CUST8246,Joe White,michaelabbott@gmail.com,432.144.7610x067,"601 Suarez Forge, Haroldborough, KS 28151",11/2/1981,Director,Retail,N/A,SMS,72556.38,4/7/2025
CUST3649,Mary Carlson,douglas23@ramsey.net,001-809-365-9288,"6585 Mary Mills, Rosshaven, LA 97628",8/9/1963,Manager,Technology,Unknown,SMS,50247.43,2/28/2025
CUST5557,Sean Mueller,mathisrachel@yahoo.com,603.916.1852,"9473 Smith Loop, Lake Deborahfurt, ID 46625",10/20/2004,Engineer,Finance,Website,SMS,22219.88,4/4/2025
CUST4875,Erica Bradford,vwhite@ortiz.biz,(372)080-4706x967,"PSC 7590, Box 1745, APO AE 79646",12/19/1961,Analyst,Retail,Email Campaign,SMS,119931.96,9/22/2024
CUST5390,Ronald Patrick,scottwillis@lester.com,001-983-794-2095x2882,"4849 Javier Brooks Apt. 444, New Lance, AR 08230",3/26/2001,Consultant,Manufacturing,Unknown,,131217.95,2/15/2025
CUST8641,Jeffrey Mitchell,susan84@yahoo.com,585422716,"5407 Felicia Shores, South Rick, IN 44762",3/4/1979,Analyst,Retail,Referral,SMS,61723.71,12/8/2024
CUST1112,Charles Ortiz,qjones@yahoo.com,001-030-999-6240x0189,"9578 Kathryn Highway, Teresashire, DE 24224",10/2/1983,Manager,Manufacturing,Unknown,Email,137758.27,12/31/2050
CUST4611,Alyssa Mullins,mackenzie01@yahoo.com,001-030-507-6647x00428,"50651 Grimes Road Apt. 960, Valdezville, ME 61448",8/26/1980,Analyst,Finance,Referral,Phone,96995.79,8/2/2024
CUST8330,Caitlin Salas,conradjames@gmail.com,(914)552-7060x895,"71508 Nicholas Ranch Suite 814, Vickifurt, AL 77320",4/1/2007,Consultant,Manufacturing,Website,SMS,67096.48,8/22/2024
CUST4600,Gary Swanson,ronnieallen@lyons.com,234.957.2278x749,"4346 Jose Forge Suite 366, Manuelshire, GA 20424",2/5/2003,Consultant,Technology,Website,,40900.9,6/22/2024
CUST9925,Susan Hill DVM,smccarthy@hotmail.com,(605)753-0568,"87040 Hudson Ridges, East Samuelview, WA 77748",9/20/2002,Consultant,Finance,Referral,SMS,122279.83,3/1/2025
CUST7108,Alicia Wright,shannon13@santiago.biz,001-750-914-2148,"112 Andrew Roads Suite 350, Landrymouth, GA 07833",10/8/1993,Technician,Education,Unknown,SMS,74970.7,12/21/2024
CUST3103,Amanda Lee,beth09@ortiz.com,(620)257-1327x988,"70301 Miller Cape Apt. 579, Port Michele, NJ 39663",2026-15-45,Consultant,Healthcare,Website,SMS,28405.52,3/27/2025
CUST9276,Matthew Simpson,dawsonjohn@yahoo.com,001-847-578-7347,"PSC 1385, Box 5820, APO AE 17799",12/26/1988,Engineer,Retail,Referral,Email,127498.31,3/23/2025
CUST9732,Kelly Pennington,rachel97@griffin.info,001-782-414-7540x56888,"258 Wright Squares Suite 766, Kimberlytown, NM 68847",10/2/1998,Engineer,Education,Email Campaign,SMS,118110.83,12/9/2024
CUST9817,Tracy Collins,gregory70@yahoo.com,293-736-0212,"99144 Robert Creek, West Joshua, NY 91940",4/7/1974,Director,Technology,Unknown,Phone,82550.08,8/21/2024
CUST4808,Teresa Turner,harrissuzanne@yahoo.com,001-140-941-5863x407,"Unit 0841 Box 0679, DPO AP 73146",6/8/1985,Engineer,Healthcare,Website,,61346.52,5/1/2024
CUST4907,Charles Patton,stephanieberry@hotmail.com,(049)247-3624x4116,"3240 Judith Pass, East Ashleystad, RI 11853",3/15/1957,Director,Finance,Unknown,Phone,135526.75,6/24/2024
CUST1301,Tammy Smith,cgood@brown-hays.com,-10371,"18068 Tara Terrace, Haleyfurt, OR 61676",3/26/1975,Engineer,Education,Event,SMS,111738.12,12/17/2024
CUST5627,Whitney Navarro,mwoodward@gmail.com,5847609931,"18597 Diaz Creek Suite 126, Port Crystal, PA 46858",6/26/1980,Manager,Retail,Website,Phone,93140.92,5/26/2024
CUST4026,Amy Santiago,melissajohnson@yahoo.com,683-246-6277x8507,"4428 Massey Run, South Phillipville, RI 87651",2/7/1964,Analyst,Retail,N/A,,147564.47,7/9/2024
CUST8444,Robert Miller,blewis@yahoo.com,970-817-1505x01600,"860 Justin Hill Suite 399, Mcdonaldstad, PA 58673",4/27/2006,Manager,Manufacturing,Event,SMS,149614.12,8/25/2024
CUST4205,Bruce Becker,simmonstara@simpson.com,+1-029-335-7674x16113,"Unit 8248 Box 3223, DPO AP 78017",4/17/1974,Consultant,Retail,Social Media,Phone,21337.13,7/7/2024
CUST7370,Brian Murphy,ggraves@ford.biz,737.607.5982x542,"44466 Craig Crest Suite 107, South Donna, VA 68724",11/27/1976,Consultant,Technology,Referral,Phone,82170.52,6/7/2024
CUST6822,Pamela Cannon,melissatucker@chen.net,2813865918,"7616 Joseph Avenue Suite 751, East Kevin, NY 61680",3/18/1965,Technician,Healthcare,Social Media,Phone,114461.79,3/20/2025
CUST9770,Elizabeth Foster,christophergreen@graves.info,331-604-5385x8944,"390 Salazar Greens Suite 972, Paulafort, NC 15397",12/4/1959,Consultant,Retail,N/A,Phone,66557.49,1/8/2025
CUST3862,Michael Cook,arianagomez@hotmail.com,390-790-6383,"PSC 4704, Box 8872, APO AA 18770",7/26/1992,Manager,Manufacturing,Email Campaign,,98959.59,5/7/2024
CUST3372,Michele Chandler,susan96@gmail.com,592-564-6329x108,"48604 Leblanc Harbor Apt. 202, Danielview, ME 88917",5/2/1958,Technician,Technology,Website,SMS,87211.62,7/15/2024
CUST2925,Frank Santos,keychristopher@yahoo.com,427.644.6882x897,"2370 Seth Crossing, New Harry, TN 11565",7/10/1985,Consultant,Manufacturing,N/A,Phone,42927.44,6/25/2024
CUST5486,Andrea Luna,stephanie38@bryant.com,295.293.0524,"991 Teresa Plain, Shelleystad, AL 28279",5/20/1968,Analyst,Education,Unknown,Phone,53762.07,6/25/2024
CUST1166,,frederick35@yahoo.com,+1-649-543-8496x96922,"9314 Gregory Walks Apt. 341, Reedshire, DE 80859",4/1/1997,Engineer,Technology,Event,Phone,81654.5,9/8/2024
CUST7394,Maria Holland,heatherreed@gmail.com,+1-639-641-9617x1526,"PSC 8507, Box 8189, APO AA 02041",6/29/1999,Consultant,Technology,Website,SMS,97503.55,7/7/2024
CUST8690,Darlene Yang,olee@yahoo.com,001-487-773-4668x98745,"83634 Jessica Turnpike, New Cheryl, LA 51427",12/19/1964,Consultant,Education,Unknown,Email,60855.18,6/8/2024
CUST6113,Alvin Howard,sharonwilcox@riddle-holloway.com,280.997.2716x1482,"53021 Cobb Haven Suite 598, Michaelside, AL 85750",11/16/1995,Technician,Technology,Social Media,,78530.14,11/9/2024
CUST6969,Kelly Freeman,maddoxpenny@smith-harris.org,+1-541-129-6364x1007,"007 Karen Ways Suite 337, Smithbury, NC 83252",1/11/1957,Consultant,Manufacturing,Event,,84975.49,6/27/2024
CUST1844,Jasmin Johnson,nicole70@hotmail.com,+1-011-116-7076x63682,"11302 Ford Way, New Brittneybury, OH 52760",7/2/2003,Analyst,Education,Referral,,130569.99,9/13/2024
CUST6537,Robert Rivera,davisangela@joyce.org,(276)221-4530x7816,"61431 Huff Greens, Lake Chase, MD 28127",11/23/2000,Technician,Finance,Referral,SMS,39131.14,4/9/2025
CUST1794,James Davis,kelleykatie@weaver-wilson.org,(079)509-2704,"56038 Johnson Hollow Suite 231, Port Kristichester, DE 75375",7/15/1973,Consultant,Healthcare,Unknown,,117445.29,12/19/2024
CUST4884,Jacqueline Medina,dfisher@crawford.com,###-###-####,"USNV Dixon, FPO AE 50565",11/7/1998,Consultant,Technology,Referral,Phone,27752.72,7/8/2024
CUST8563,Jason Mcconnell,wayne40@hotmail.com,111-595-0795x19289,"851 Eric Square Apt. 236, Port Marilyn, WV 18536",9/17/1993,Manager,Technology,Referral,,33427.37,9/3/2024
CUST6998,Meagan Turner,andrewmyers@franklin.org,-9490,"18080 Jessica Motorway, Lake Michael, CO 42855",4/14/1955,Consultant,Education,N/A,,75370.43,9/25/2024
CUST3406,Heather Price,hernandezchad@gmail.com,+1-364-863-3242x98824,Unknown,12/20/1987,Consultant,Finance,Email Campaign,Phone,27436.8,7/3/2024
CUST8999,Robert Farmer,tadams@parker.biz,(495)318-6559x133,"497 Matthew Villages Suite 135, Lake Katherineland, NH 67590",6/14/1993,Manager,Manufacturing,Event,SMS,34822.61,8/4/2024
CUST9865,Linda Robertson,haascristina@yahoo.com,###-###-####,"9191 Anthony Plaza Apt. 496, East Amy, AK 08689",8/2/1992,Director,Retail,Event,Phone,24209.65,12/15/2024
CUST2358,Kristopher Garcia,kaisercathy@gmail.com,375.993.9586x096,"51710 Jose Turnpike Suite 776, Port Kaylaview, AZ 19991",10/8/1997,Engineer,Retail,Event,Email,46952.94,6/9/2024
CUST1272,Raven Oneill,danielraymond@hotmail.com,+1-765-823-2265x22829,"5098 Paula Springs, Mitchellshire, MA 76625",1/16/1963,Manager,Finance,Referral,,149337.23,9/25/2024
CUST3942,William Gross,bensonkristin@hotmail.com,336-260-9894x36037,"389 Smith Loaf Apt. 508, Farrellhaven, CT 62841",6/7/2004,Director,Finance,Website,SMS,43970.01,8/9/2024
CUST8126,Susan Knox,pattersonjoshua@lee.org,001-210-904-7469x1241,"18972 Thompson Springs Suite 983, Ericchester, FL 39763",4/27/1954,Analyst,Retail,Unknown,Email,27871.5,11/9/2024
CUST2136,Amy Bridges PhD,ohouse@jones.com,652.851.6472x71464,"1896 Quinn Station Suite 362, Gravesside, VA 72225",6/17/1997,Engineer,Finance,Email Campaign,,134859.95,2/28/2025
CUST5220,Benjamin Howard,crawfordwilliam@mcmillan-wilson.com,083-967-2729x47784,"8466 Bryan Circle Apt. 256, South Jordanchester, NJ 52575",11/17/2003,Manager,Finance,Email Campaign,Phone,77934.27,4/11/2025
CUST9485,Paul Sims,williamsrobert@spears.net,464-548-9429,"PSC 8083, Box 3698, APO AE 49796",1/19/2000,Analyst,Technology,Website,Email,57856.69,10/22/2024
CUST3119,Maria Austin,jacob60@yahoo.com,+1-561-056-0638x44774,"947 Brian Viaduct Suite 579, New Misty, MT 14467",5/16/1987,Manager,Healthcare,Email Campaign,,43860.18,3/14/2025
CUST4023###,Amy Gaines,stephenperez@sims.com,836.318.7631,"1401 Laura Trace Apt. 194, Port Michelle, CT 46010",3/9/2000,Consultant,Manufacturing,Referral,Email,132193.31,5/20/2024
CUST3077,Samuel Lloyd,qsolomon@yahoo.com,354-045-1417x8784,"772 Hawkins Plaza Suite 574, Castillochester, MN 58892",1/29/1984,Manager,Manufacturing,Social Media,,76320.06,7/14/2024
CUST4214,Justin Morgan,kimhodge@yahoo.com,669-913-5515x82766,"187 Rodriguez Falls Suite 294, Thomasburgh, AK 09693",7/2/1956,Director,Finance,Event,Phone,144527.35,2/19/2025
CUST9400,Pamela Ponce,rileyelizabeth@hotmail.com,+1-752-970-5028x0484,"67014 Tommy Orchard, New Misty, PA 25372",9/10/1992,Technician,Retail,Unknown,SMS,53814.24,2/14/2025
CUST5344,,ybutler@yahoo.com,(346)665-8458,"505 Webb Highway, Dannyhaven, PA 37998",4/10/1980,Analyst,Manufacturing,N/A,SMS,34134.34,7/4/2024
CUST8686,Mark Knox,mary16@gmail.com,267-563-6700,"687 Joshua Estates, Port Williamhaven, SC 56773",7/22/1986,Manager,Technology,Event,Phone,-1335,11/30/2024
CUST6183,Monica Martin,kboone@cooper.org,916-093-0878x59880,"07775 Martin Prairie Suite 707, Mcbrideville, MS 14287",8/11/1990,Manager,Retail,Referral,Email,40808.49,6/20/2024
CUST2976,Alexandra Turner,nathanielfisher@zimmerman.info,388-049-4793,"9585 Brown Hollow Apt. 394, West William, NH 06540",11/6/2004,Engineer,Retail,Referral,SMS,104788.26,5/24/2024
CUST8326,Rachel Moore,johnathanhernandez@gmail.com,001-723-661-1859x48330,"89234 Ewing Bypass Suite 135, Turnermouth, DC 49868",6/11/1976,Director,Retail,Website,Phone,127957.87,5/2/2024
CUST4619,Jose Wagner,austinvictoria@reyes-ritter.info,001-751-168-2908x7549,"01765 Caleb Ways Suite 181, Lake Michelleview, MO 85290",10/13/1966,Consultant,Retail,Email Campaign,SMS,127128.16,6/27/2024
CUST8309,Stephanie Odonnell,carlosmartinez@yahoo.com,851-779-5556x35024,"887 Stephen Points Apt. 978, South Jermainefort, MT 35094",11/27/1981,Manager,Manufacturing,N/A,SMS,66266.7,3/21/2025
CUST8516,Alicia Brown,zmccoy@hotmail.com,(422)368-5242x5819,"USS Reed, FPO AE 72192",12/18/1957,Director,Retail,Social Media,SMS,23041.34,12/11/2024
CUST8292,Alicia Johnson,jessicachandler@gmail.com,6574585969,"9934 Lucas Parks Apt. 455, Michaelfort, WA 39334",6/11/1990,Engineer,Manufacturing,Unknown,,59175.84,7/22/2024
CUST6102,Laura Jenkins,bgilbert@yahoo.com,(879)989-0839x29450,"8096 Mary Burgs Apt. 239, South Briannaborough, OR 22398",1/4/1973,Consultant,Technology,Email Campaign,SMS,117959.86,9/22/2024
CUST9219,Frank Hall,lynchmitchell@yahoo.com,338-329-4702x4037,"0759 Oconnor Glens Suite 555, Reeseland, RI 77448",2026-15-45,Manager,Finance,Event,Email,106463.95,1/15/2025
CUST8871,Jeffery Lowe,hrichardson@reyes.com,-3405,"025 Jessica Ferry Suite 308, Wallershire, TN 85037",2/2/1983,Director,Healthcare,Event,Email,41567.51,8/27/2024
CUST8197,Kelly King,aguilartonya@hotmail.com,522.919.3538,"19970 Bailey Union, South Brittneyside, UT 73624",12/25/1973,Analyst,Education,Unknown,Phone,100560.55,9/7/2024
CUST3309,Jennifer Salinas,alex12@yahoo.com,221.348.3502x841,"Unit 4323 Box 0487, DPO AA 95721",5/18/1965,Analyst,Manufacturing,Event,Email,96021.61,8/25/2024
CUST2599,Tammy Smith,dgonzalez@hotmail.com,(703)303-4109x308,"386 Bonnie Lane, Lake Eric, MO 77468",5/3/1990,Manager,Education,Referral,Phone,46817.7,8/12/2024
CUST2400,Jennifer Young,lewisjoshua@hotmail.com,599-506-7901x42382,"06987 Austin Roads Apt. 369, Jamesbury, VA 19484",6/13/1991,Manager,Healthcare,Social Media,Email,25295.81,4/20/2025
CUST5998,Amber Price,carmenelliott@yahoo.com,001-920-143-9002,"44784 Jones Vista, Lake Jessicashire, ND 95921",7/14/1990,Technician,Education,Social Media,Email,34757.87,11/4/2024
CUST1200,Timothy Phillips,eric18@hotmail.com,512.301.6661x7119,"6163 Adkins Forges Suite 391, Santosshire, MA 10305",7/22/1995,Manager,Education,Social Media,SMS,123507.9,5/11/2024
CUST7363,Whitney Parks,jonesryan@yahoo.com,299-486-5692,"49241 Fisher Brooks, New Raymondshire, KY 51777",1/26/1986,Engineer,Healthcare,Unknown,,95516.38,6/17/2024
CUST7605,Tina Johnson,williamsangela@hotmail.com,921.369.7786,"68113 Stone Meadows, Brianstad, WY 81759",11/19/2002,Director,Education,N/A,Phone,101091.61,5/27/2024
CUST3298,Claire Nelson,ann23@deleon.com,001-218-356-9671,"63641 Rowe Hills, East Jasontown, AK 02902",10/1/1991,Manager,Healthcare,Referral,SMS,130474.25,8/13/2024
CUST9286,Jennifer Perry,desireemckinney@hill.com,+1-956-079-6540x033,"572 Boyle Summit Suite 959, South Christopherhaven, VT 57703",3/27/1990,Manager,Manufacturing,Email Campaign,Phone,20941.52,6/9/2024
CUST4689,Jennifer Mcbride,bergeddie@soto.com,001-131-697-7395x37543,"98503 Aaron Track, South Joelport, TN 71725",10/18/1989,Engineer,Education,Event,Phone,35918.35,7/27/2024
CUST9198,Alyssa Sanchez,rrowe@gmail.com,843.652.3992,"084 Russo Mountain Suite 708, Port Meganside, VT 71552",5/20/1985,Analyst,Finance,Referral,Email,77763.03,10/26/2024
CUST9168,Eric Mcdonald,melissamiller@bowen.com,241-668-3023x626,"0749 Brenda Centers, South Shirley, WV 19363",5/20/1974,Director,Retail,Social Media,Phone,143679.25,3/31/2025
CUST7921,Michelle Young,marie32@yahoo.com,+1-668-282-7051x372,"USS Kirby, FPO AE 71011",6/28/1955,Manager,Healthcare,Email Campaign,,45751.43,2/7/2025
CUST9764,Stephen Wolfe,scoffey@miles.com,(180)293-0949,"38707 Rasmussen Lakes Suite 769, Kimberlyport, RI 22434",6/23/2003,Consultant,Education,Event,SMS,56121.17,3/28/2025
CUST8650###,Ryan Booker,roypalmer@fields-peters.net,4875260622,"8222 Amber Turnpike, Houstonview, TN 48914",2/4/1973,Engineer,Retail,Referral,SMS,103319.24,5/21/2024
CUST6764,James Olsen,wfritz@yahoo.com,(601)601-9994x81622,"267 Jackson Turnpike, Campbellstad, FL 25213",7/3/1974,Manager,Retail,Social Media,Email,96174.39,7/13/2024
CUST6278,Timothy Diaz,timothycantu@hotmail.com,(303)432-3518x06732,"36112 Carolyn Expressway Apt. 093, Jennifertown, MI 67766",10/6/1985,Consultant,Retail,Website,Phone,32983.69,7/21/2024
CUST1081,Douglas Reid,llarsen@hotmail.com,001-121-253-0973x834,"9395 Christine River Suite 386, Kristinburgh, ND 15061",1/29/2003,Manager,Technology,Email Campaign,Phone,142740.04,5/4/2024
CUST3271,Ronald Barnett,annemurphy@gmail.com,567-260-6772x673,"17655 Maxwell Brook, Christopherhaven, SD 86665",2/20/1990,Consultant,Education,Referral,,52743.69,10/22/2024
CUST6189,Lawrence Vega,joshua64@watkins-mitchell.org,001-501-761-1871x44705,"9415 White Via Apt. 891, Lake Douglaschester, ME 01241",2/17/1955,Manager,Technology,Website,,35660.52,9/3/2024
CUST7685,Shawn Fry,amandasimpson@mitchell.com,-2425,"2479 Tanner Mill, North Nicoleborough, DE 61014",10/25/1967,Engineer,Finance,Event,Phone,105779.82,4/25/2024
CUST6594,Amy Salas,aguirrepamela@yahoo.com,-9885,"631 Savage Lights, Lake Victoriaburgh, WI 63268",7/25/1993,Analyst,Education,Unknown,Phone,55162.68,12/21/2024
CUST4294,Brandon Fields,vsnow@bauer.info,662-839-7634,"1538 Best Divide Apt. 901, West Michelle, NV 53808",2/8/1994,Manager,Technology,Website,Email,65998.27,9/23/2024
CUST4974,Joseph Rivera,lindalester@glass.com,685.101.9341x628,"93918 Ford Lights, Madisonstad, TX 66185",4/17/1965,Analyst,Education,Website,SMS,32231.33,11/18/2024
CUST2835,Anthony Dodson,brandon96@may.info,358.401.2136x9269,"255 Campbell River Apt. 478, Watkinsfort, HI 39823",3/14/1981,Technician,Healthcare,Website,Email,58936.65,4/23/2025
CUST5220,Laurie Smith,paulmichael@gmail.com,+1-862-026-6596x2421,"931 Johnson Brook, East Theodorefurt, WA 12143",3/11/1961,Engineer,Manufacturing,Unknown,,83064.88,11/24/2024
CUST1441,Scott Turner,amy95@gmail.com,001-611-598-0351x1028,"406 Russell Parkway, Melissabury, HI 70957",1/4/1976,Consultant,Technology,Referral,SMS,80597.91,6/26/2024
CUST9865,Michael Lloyd,cpotter@hotmail.com,(477)035-6238,"94998 Larry Pass Apt. 283, South Christopher, LA 84605",5/3/1974,Analyst,Technology,N/A,SMS,131796.04,11/16/2024
CUST7108,Daniel Vazquez,gpoole@yahoo.com,757.947.4449x76751,"7360 Powell Villages Apt. 874, East Margaret, UT 16652",8/7/1997,Engineer,Manufacturing,Event,Phone,112065.48,8/2/2024
CUST9168,Amanda Wilkerson,nicoleanderson@gmail.com,104.065.3713,"013 Shields Orchard Apt. 582, Morrismouth, WI 44032",11/13/1974,Technician,Technology,Social Media,Email,96791.1,12/29/2024
CUST5813,Paul Reyes,mitchellmorgan@yahoo.com,224-445-4971x91039,"123 Garcia Course Suite 206, Lake Nicholas, VT 94778",2026-15-45,Engineer,Education,Unknown,,84042.96,11/1/2024
CUST1299,David Brown,florescheryl@yahoo.com,001-175-994-8308x2881,"6050 Anderson Mount, Janetberg, TX 99712",6/18/1987,Consultant,Technology,Email Campaign,Phone,145013.51,5/26/2024
CUST5076,Kevin Harrison,jacob75@jones.com,(215)495-2781x4824,"6526 Jennifer Vista Suite 033, Anthonymouth, MN 27559",5/16/1955,Manager,Manufacturing,Event,,66057.72,4/14/2025
CUST4020,Laura Bennett,pbrooks@lester.com,187-513-9683x942,"6652 Jennifer Viaduct, New Lucaschester, NV 27033",12/13/1967,Director,Finance,Referral,SMS,80745.09,2/16/2025
CUST6508,Gary Rivera,trujilloann@scott.com,510-135-6279x1949,"208 Mays Trail Apt. 389, Lake Sarah, AK 55206",7/17/1958,Technician,Education,Email Campaign,SMS,27452.91,11/25/2024
CUST6489,Heather Woods,kimberlyanderson@hotmail.com,001-237-674-1289x885,"47786 Johnson Ville Apt. 720, South Jennifer, GA 20839",8/12/1955,Analyst,Technology,Event,SMS,115581.32,4/20/2025
CUST1153,Jerry Wilson,james39@gmail.com,002.759.1399x892,"8482 Bryan Canyon, Michaelton, TN 36963",7/15/1993,Manager,Technology,Event,Phone,146445.87,7/1/2024
CUST1734,Jason Welch,eric37@yahoo.com,001-227-614-9977x63846,"967 Brianna Courts, East Elizabethland, AL 71307",2/28/1984,Technician,Retail,N/A,,37546.84,7/10/2024
CUST1653,Timothy Warren,orobbins@brown.com,001-378-529-8343x4455,"443 Ferguson Ports, South Debra, RI 03354",9/1/1983,Engineer,Technology,Event,SMS,71726.82,10/22/2024
CUST7614,Danny House,xbrewer@gmail.com,807-820-6546,"61147 Knox Ridges Suite 568, West Amandaberg, DC 89486",7/15/1977,Technician,Manufacturing,Unknown,Phone,67113.64,12/24/2024
CUST5171,Megan Gates,kristinwong@owens.com,333.106.1922,"81685 Rice Plaza Apt. 115, West Justin, WY 52923",12/4/1973,Technician,Education,N/A,SMS,30419.9,2/27/2025
CUST9846,Richard Weiss,richardshelton@green-roth.com,728.842.0757x435,"Unit 3473 Box 1805, DPO AP 99803",6/21/2002,Consultant,Healthcare,Event,Phone,42439.76,12/31/2024
CUST3500,Joshua Perez,taylorjames@johnson.org,001-156-332-8454,"12229 Heather Garden Suite 818, Wesleyville, VA 69902",6/16/1982,Engineer,Finance,Event,Phone,65846.94,2/24/2025
CUST7031,Francisco Walsh,imitchell@davis-elliott.biz,001-827-881-9574,"2816 Ariana River, Haynesport, KS 11314",12/20/1968,Technician,Retail,Referral,SMS,78138.88,7/12/2024
CUST4807,Robert Robinson,tonyaodom@gmail.com,(157)794-5177,"USS Lam, FPO AA 96651",5/12/2006,Consultant,Healthcare,Event,SMS,134505.55,10/2/2024
CUST4477,Michael Sawyer,jshepard@hotmail.com,454-177-9389x993,"34778 Gray Turnpike Apt. 919, East Rachel, TN 97000",12/28/2003,Engineer,Finance,Unknown,Phone,123079.46,6/18/2024
CUST3325,Mallory Ferguson,crystalcisneros@gmail.com,355-221-8708x08029,"309 Robinson Mews, Carolineberg, DE 89914",6/19/1971,Analyst,Finance,Social Media,Phone,97222.81,3/26/2025
CUST2018,Jacqueline Franklin DDS,sandra61@gmail.com,+1-497-081-2519x2976,"0785 Laura Village Apt. 524, Murrayburgh, CA 49911",2/17/1986,Director,Technology,N/A,,71274.47,4/17/2025
CUST9356,Christian Clarke,sarah68@yahoo.com,+1-866-551-5930x743,"Unit 5095 Box 1125, DPO AE 48163",8/3/2003,Consultant,Finance,Referral,,71805.25,8/2/2024
CUST3916,Ashley Maldonado,josephwalker@clark-clark.info,(853)703-7767x713,"09975 Jacob Burg, Cooperhaven, AK 26346",2/2/1970,Analyst,Finance,Event,SMS,75940.11,4/10/2025
CUST8801,Amanda Hill,michaelfox@gmail.com,672.935.8543x510,"79410 Franklin Summit Apt. 515, New Veronica, FL 01568",3/10/1959,Engineer,Retail,Unknown,SMS,104112.07,11/21/2024
CUST1500,Jose Page MD,john09@booker-salinas.biz,930.068.5943x2875,"80226 Jones Square Apt. 334, East Zachary, AR 36994",8/21/2003,Technician,Healthcare,Event,Email,26487.29,10/9/2024
CUST7269,Holly Mills,fordvictoria@gmail.com,736.953.3300x64990,"1968 Matthew Overpass, West Susan, IN 83221",7/23/1969,Director,Healthcare,Referral,SMS,119192.02,6/28/2024
CUST3390,Michelle Jefferson,madisonmcdonald@gmail.com,001-835-752-7321x38002,"381 Jennifer Court Suite 284, Feliciafort, ND 80046",4/26/2000,Director,Healthcare,Referral,Phone,58724.22,10/15/2024
CUST8814,John Wilkins,millerlinda@johnson.com,+1-824-853-3089x9294,"967 Williams Causeway, New Connorborough, AK 81049",3/27/1972,Engineer,Finance,Event,Phone,69701.79,4/8/2025
CUST5773,Johnny Sanders,cory19@gmail.com,+1-217-963-8602x3295,"1399 Michael River Suite 555, Port Allenland, NE 51228",5/18/1978,Technician,Finance,Email Campaign,Email,141129.35,8/23/2024
CUST8024,Jamie White,sedwards@wilson-hamilton.net,(815)140-7636x852,"01273 Jones Junction Apt. 527, Lake Kellyton, AL 79908",7/9/1969,Consultant,Retail,N/A,Email,61648.2,2/16/2025
CUST9851,Steven Rich,ecabrera@hotmail.com,001-629-178-3389x136,"307 Gomez Groves Suite 064, Edwardfurt, OK 88365",11/8/1974,Consultant,Finance,N/A,,128023.95,10/12/2024
CUST6283,Jessica Rice,tracythomas@hotmail.com,(528)621-4431x828,"27712 Amanda Fields, Montoyaton, AZ 03245",5/29/1994,Consultant,Retail,Unknown,Phone,70819.9,11/11/2024
CUST9108,Stanley Campbell,charles48@miller.com,098.005.6731,"Unit 1663 Box 3035, DPO AE 63480",7/10/1977,Technician,Manufacturing,N/A,SMS,21342.04,3/14/2025
CUST9323,Maria Soto,amanda12@gmail.com,001-116-002-0389x708,"2538 Heather Unions, Carolbury, MO 56786",10/22/1955,Analyst,Healthcare,Email Campaign,Phone,45985.07,5/6/2024
CUST8116,Robert Greene,christopherdunn@richards-jones.org,6375095925,"5710 Osborne Forks, Chambershaven, OH 99782",3/27/1988,Engineer,Retail,Unknown,,105674.52,4/15/2025
CUST2719,Roger Shaw,alvaradoashley@ortega.org,926-345-7747x983,"26781 Miles Isle Suite 497, Phillipsstad, IN 28069",1/9/1988,Technician,Finance,Referral,Phone,122245.09,4/19/2025
CUST2620,Gloria Giles,nguyenbryan@yahoo.com,(009)198-2873x79574,"5721 Cardenas Flat Suite 313, Arnoldborough, NH 22815",4/28/1999,Engineer,Technology,Unknown,SMS,56804.86,9/17/2024
CUST9698,Eric Carlson,ljones@stephens-donovan.net,+1-007-082-9634x37331,"800 Nathaniel Islands Suite 665, Davidburgh, WY 42313",2/1/1983,Consultant,Education,Referral,Phone,113004.1,6/21/2024
CUST8158,Michael Hubbard,gibsonjason@yahoo.com,231.073.3876x2834,"66990 Jacob Wall Apt. 171, Allenhaven, IA 76954",12/15/1998,Analyst,Education,Unknown,SMS,35119.55,10/24/2024
CUST2785,Richard Rosales,gabrielshort@gmail.com,5329980929,"7552 Devin Crossing Apt. 690, Sandrabury, GA 74929",6/5/1977,Manager,Retail,Referral,,81082.89,7/31/2024
CUST9588,Linda Johnson,joshuamcneil@barnett.com,001-822-116-7262x6916,"41072 Solis Corner Apt. 053, Port Patriciamouth, IL 26657",4/5/1983,Director,Education,Email Campaign,,136258.43,3/29/2025
CUST1735,Joseph Long,marissawalton@gmail.com,-4010,"292 Jamie Place Suite 612, Patrickmouth, MI 15531",12/16/1970,Engineer,Retail,Unknown,Phone,122705.08,9/21/2024
CUST5297,Samantha Thompson,lancesparks@torres.org,(348)191-9500x12454,"005 Peter Fords, Turnerland, MD 27689",12/27/1961,Analyst,Healthcare,Event,Email,126442.63,11/13/2024
CUST4253,Steven Owens,mbowman@yahoo.com,001-399-278-6467,"833 Graham Orchard Apt. 917, Amandabury, WV 24349",12/14/1967,Engineer,Retail,Social Media,SMS,33011.28,2/3/2025
CUST4182,Jennifer Lawrence,phaley@benson.com,8053194391,"925 Harris Well Suite 238, Douglasland, ND 95527",7/28/1990,Consultant,Finance,Website,,100563.93,9/14/2024
CUST2683,Samantha Massey,evansamber@yahoo.com,+1-997-541-5851x2355,"29603 Meyer Groves, East Lindsay, NE 64269",12/5/1968,Manager,Healthcare,Social Media,Phone,25352.93,11/7/2024
CUST3473,Shannon Berry,sullivanchase@hotmail.com,(452)130-7880x02376,"725 Matthew Points, West Brandon, DE 85390",9/12/1985,Analyst,Manufacturing,Referral,,59994.82,4/27/2024
CUST3878,Raymond Perry,johnsonwilliam@massey.org,(948)785-0363,"671 Isaac Tunnel Suite 935, South Michelleport, MD 84828",7/25/2005,Engineer,Retail,Referral,Phone,54926.87,3/21/2025
CUST1457,Daniel Rodriguez,valentinemolly@hotmail.com,179-149-8254x366,"576 Keith Pine, North Michael, AZ 52268",11/22/1964,Analyst,Healthcare,Event,,94437.93,11/17/2024
CUST1917,Scott Jones,sarah42@haas-smith.com,615.586.3433,"6446 Zamora Pass, Lake Trevorhaven, CO 59468",3/6/1989,Director,Finance,Referral,SMS,133639.04,3/23/2025
CUST6600,Javier Moran Jr.,kaylasutton@duke.info,766-886-8861,"67038 Rebecca Via Suite 925, Millsmouth, IA 09922",8/26/1999,Analyst,Technology,Referral,,129468.67,1/29/2025
CUST6012,Patricia Scott,meghanmorris@yahoo.com,356-577-5955x63490,"928 Melody Turnpike, Lawsonshire, NE 30355",5/25/2002,Consultant,Manufacturing,Event,Email,56513.62,2/18/2025
CUST8796,Charles Webb,patriciagarcia@williams-lindsey.org,(076)086-9705x5839,"006 Katherine Terrace, North Jerry, NJ 81754",2/10/1991,Manager,Healthcare,Event,,115412.49,9/22/2024
CUST5923,Robert James,dnielsen@gmail.com,954.878.5410,"031 Combs Falls Suite 589, Lisafort, DE 50106",10/28/1974,Engineer,Technology,Website,Email,97430.62,4/14/2025
CUST7264,Becky Burke,bondjoshua@daniel.com,452.050.6163x309,"43053 Jeffrey Trail, Markberg, RI 88630",9/16/1989,Director,Education,N/A,SMS,82622.14,10/19/2024
CUST6937,Taylor Banks,kevindaniels@schultz.net,+1-854-121-5949x91971,"3483 Monica Gardens Suite 258, Port Amanda, DC 38685",5/17/1972,Manager,Finance,Email Campaign,SMS,50479.26,3/26/2025
CUST3649,Taylor Leon,gmyers@hotmail.com,934.744.0647x44230,"0043 Roger Landing Suite 178, Jacksonville, AK 92160",6/12/1966,Director,Finance,Unknown,Email,95601.64,9/20/2024
CUST5029,Dawn Gould,boconnor@salas-olson.net,7999040523,"07149 Brown Center Apt. 140, North Robertside, OR 95839",3/6/1991,Consultant,Manufacturing,Website,SMS,107355.01,1/8/2025
CUST1922,Hannah Coleman,danielkeller@gmail.com,5392590496,"1207 Houston Pines Suite 288, West Christopher, UT 10631",6/11/1969,Analyst,Retail,Unknown,,115815.1,8/24/2024
CUST1919,Bradley Summers,wallacethomas@hotmail.com,563.992.8923x977,"USCGC Long, FPO AE 46788",4/1/1955,Manager,Retail,Event,SMS,55854.96,9/26/2024
CUST6066,Dylan Miller,dturner@yahoo.com,(685)456-0880,"284 Suzanne Station Apt. 640, Port Emilymouth, OH 71765",12/30/1962,Engineer,Retail,N/A,,30706.07,9/28/2024
CUST1669,Vanessa Cuevas,whamilton@hotmail.com,621-710-0761x853,"PSC 8289, Box 1546, APO AA 76076",10/13/1998,Consultant,Technology,Unknown,SMS,134201.13,2/9/2025
CUST1062,Dr. Joshua Mckenzie,melindashort@moore.com,(427)412-7257x0689,"257 Richard Ferry Apt. 144, Melissaside, IA 74555",1/3/1988,Consultant,Retail,Referral,,118152.39,9/29/2024
CUST5158,Omar Wilson,pamelagarcia@gmail.com,(276)717-0051x794,"4163 Vicki Row Suite 731, Victorberg, CA 39515",3/31/1972,Director,Finance,Social Media,SMS,134694.85,9/15/2024
CUST9165,Kristen Pierce,chadlawson@martinez-robbins.com,027.086.4867,"7502 Martinez Orchard, Nicholasburgh, NM 02635",1/7/1996,Director,Education,Unknown,Email,141989.72,7/15/2024
CUST3162,Kimberly Mayer,joelrowe@terry-lopez.biz,370-433-2968x3056,"8099 Marcia Track Suite 765, South Larrychester, CT 36824",3/20/1971,Consultant,Retail,N/A,Phone,94992.41,1/27/2025
CUST4603,Jason Bradley,rosswillis@huff-gutierrez.com,611-601-9850,Unknown,11/11/1973,Engineer,Manufacturing,Social Media,SMS,25331.26,12/21/2024
CUST3605,Elizabeth Colon,kelly66@aguilar.net,220.103.5734x9921,"50788 Tom Isle Suite 946, New Briannaburgh, TN 74442",3/9/1984,Technician,Manufacturing,Email Campaign,Email,57707.27,4/1/2025
CUST2461,Noah Davis,victoria53@hernandez.org,571.709.8180x643,"2344 Ashley Tunnel Suite 600, Candaceton, MS 48414",4/7/1999,Analyst,Retail,Unknown,,24324.61,1/31/2025
CUST9879,Eric Morales,michael81@bird.org,660-049-7495x135,"32306 Mendoza Mill, Amandaland, IN 97574",10/19/1987,Manager,Technology,Referral,,54711.18,7/19/2024
CUST2789,Michael Lee,megankim@hotmail.com,001-118-674-3582x98106,"PSC 3536, Box 0223, APO AE 59917",4/19/1959,Director,Manufacturing,Referral,Phone,23516.47,2/13/2025
CUST3223,Patrick Sherman,alexandermitchell@russell.net,001-427-011-8823x4063,"9270 Benjamin Common Suite 551, New Jordan, ND 50046",6/9/1961,Technician,Retail,N/A,Phone,22892.91,11/2/2024
CUST9614,Denise Wilson,luke98@gmail.com,001-118-740-8367x692,"1809 Hogan Groves Suite 865, North Sarah, WA 47909",6/17/1997,Consultant,Technology,Unknown,Email,91239.17,5/11/2024
CUST8151,Victoria Ballard,hcherry@gmail.com,312-154-3504x6875,"5742 Estrada Parkway Suite 292, Kaylafort, AK 98534",12/21/2003,Manager,Technology,Referral,,73340.64,4/18/2025
CUST9574,Daniel Howell,fostererin@yahoo.com,001-654-360-4652x479,"23820 Becky Tunnel, New Theodore, AR 06426",3/23/1998,Director,Technology,Social Media,Email,99860.09,6/29/2024
CUST7215,Amy Huynh,zmullen@williams-gray.com,+1-531-991-6185x197,"8396 Joshua Parkways Apt. 216, Andrewport, WY 62806",11/10/1954,Consultant,Manufacturing,N/A,,62782.59,10/3/2024
CUST7619,Maria Pierce,michael91@mayo.org,(122)453-4583x479,"PSC 6749, Box 3476, APO AE 21817",5/12/1963,Analyst,Technology,Event,Email,70337.41,12/7/2024
CUST5781,Darren Guerrero,whitejohn@yahoo.com,493.718.2569,"61746 Gina Lane Suite 175, Justinton, MO 85094",9/22/1983,Manager,Manufacturing,Email Campaign,Phone,59608.39,5/4/2024
CUST7426,Jessica Kelley,courtneybranch@williamson.com,(309)991-4006x61647,"6056 Johnson Creek, Turnerside, TX 56489",2/19/2005,Technician,Manufacturing,N/A,,148363.48,6/2/2024
CUST3246,Brian Russell,chess@roberts.com,000-081-5054,"68677 Eric Walk Apt. 261, Mezaview, UT 60159",9/15/1983,Technician,Education,Unknown,SMS,130260.87,10/24/2024
CUST3306,Alan Johnson,sophiatran@ellis.com,665.062.7245x229,"4305 Alyssa Pines, Palmerchester, NV 86118",4/3/1973,Technician,Education,Event,Phone,38069.86,3/30/2025
CUST5362,Susan Mcdowell,pinedarebecca@hotmail.com,346-622-3672,"3980 Oconnor Shore, Walshbury, RI 88559",1/1/1976,Technician,Retail,Website,SMS,104228.52,10/1/2024
CUST7186,Nicholas Webb,jennifer07@hotmail.com,801-245-4218x721,"Unit 8447 Box 9671, DPO AE 67778",7/14/2002,Consultant,Technology,Unknown,Email,90858.46,12/29/2024
CUST4946,Megan Lewis,erin27@hotmail.com,001-549-173-2048x7760,"77947 Stephanie Views, East Ericfurt, NV 50229",7/21/1991,Technician,Technology,Email Campaign,Email,72927.54,7/17/2024
CUST2044,Stephanie White,igallagher@yahoo.com,+1-454-467-1551x408,"951 Maria Lights, Sotochester, MD 57666",6/28/1977,Manager,Finance,Unknown,Email,72288.49,6/25/2024
CUST1335,Paul Tucker,kennethrobertson@yahoo.com,001-023-137-7717x5107,"2350 Gutierrez Lakes Apt. 625, Michaelberg, OK 41499",8/1/1988,Director,Technology,Website,,44915.52,1/15/2025
CUST8022,Casey Howell,martinezsheri@hotmail.com,458.246.5943,"USNV Ewing, FPO AE 08027",5/10/1997,Director,Healthcare,Unknown,Email,107477.51,11/17/2024
CUST9551,Michael Stevens,austin60@davis-weeks.com,+1-902-529-1610x01671,"888 Wilson Lakes Suite 915, Lake Dennisville, MD 76297",12/18/1981,Director,Healthcare,Email Campaign,Email,93040.8,11/21/2024
CUST1475,Patricia Carter,rowlandmargaret@cole.com,-6144,"93334 Beasley Parks, Browntown, IN 59877",12/12/1978,Technician,Education,Unknown,Phone,120439.95,10/23/2024
CUST3589,Zachary Berry,psolomon@mcgrath-lopez.biz,(486)392-4324x0721,"7363 Matthew Stream Suite 594, East Bonnie, KY 31688",8/4/1980,Consultant,Finance,Email Campaign,Email,89406.15,2/21/2025
CUST1287,Jessica Higgins,yclark@gmail.com,+1-600-002-0414x6298,"036 Sherry Freeway, East Emma, AZ 29666",10/1/1958,Director,Education,Referral,,96350.59,1/10/2025
CUST2681,Miranda Lang,mayerdiane@marshall.com,(124)241-5074x13742,Unknown,12/8/1977,Engineer,Healthcare,N/A,Phone,146421.9,10/12/2024
CUST6034,Cynthia Simmons,thompsontyler@allen.net,228-116-0918x5117,"Unit 4133 Box 4920, DPO AE 37437",6/10/1957,Technician,Healthcare,Social Media,SMS,109321.42,9/18/2024
CUST4585,Corey Hill,qgoodwin@gmail.com,715-184-7999x57725,"541 Kenneth Extension Suite 635, New Bethanyburgh, WV 68202",11/23/1966,Director,Technology,Website,Email,56696.01,11/12/2024
CUST7436,Amanda Mccormick,elizabeth13@hotmail.com,663.067.7911,"PSC 8192, Box 8351, APO AA 82725",2/28/1995,Director,Retail,Email Campaign,Email,149204.91,8/15/2024
CUST2094,Daniel Arnold,kathy22@yahoo.com,###-###-####,"78194 Susan Valleys, Debratown, IL 93588",7/31/1995,Manager,Finance,Event,SMS,126538.38,9/30/2024
CUST2755,Brandy Cox,hardyjose@yahoo.com,001-933-630-1326x8074,"4103 Darrell Throughway, New Renee, CA 68091",6/3/1961,Manager,Finance,Social Media,SMS,149510.44,7/31/2024
CUST7359,Jennifer Johnson,adunn@gmail.com,001-176-909-4934x40252,"3948 Ford Pass, Blairtown, WY 50548",7/6/1984,Manager,Education,Referral,SMS,105629.56,2/5/2025
CUST7925,Rebecca Schultz,invalid_email@,081-793-5580x837,"8442 Christopher Greens, South Angela, MT 19487",12/9/1999,Engineer,Technology,Referral,Email,80568.09,2/11/2025
CUST4672,Tina Newton,christinasmall@hotmail.com,001-339-142-0499x1766,"2920 Wolfe Points Apt. 615, West Hannahstad, TX 71304",5/11/1986,Engineer,Retail,Email Campaign,Email,70227.4,9/10/2024
CUST6289,Stephanie Estes,bianca28@brown.com,146-885-1387x71398,"949 Phillip Place, Jacksonborough, PA 80332",6/7/1964,Technician,Education,N/A,Phone,108114.11,8/2/2024
CUST7287,Dillon Cooper,brian04@harper.org,(876)258-9713x13169,"386 Lisa Lakes Suite 364, Stevensonton, MI 28289",8/4/1965,Technician,Manufacturing,Event,Email,33384.3,4/24/2025
CUST8811,Richard Mcguire,peter14@strong-bates.biz,+1-491-075-8603x07414,"705 Andrea Station, East Leonardton, VA 75186",9/13/1982,Analyst,Manufacturing,N/A,Phone,-1888,8/19/2024
CUST5544,Bryan Guzman,ugilbert@yahoo.com,581-888-2886,"USNS Washington, FPO AP 56460",2/9/1993,Director,Finance,Social Media,Email,45962.71,10/26/2024
CUST1501,Jessica Davis,woodariel@hotmail.com,(765)345-5691,"Unit 4154 Box 7104, DPO AA 86184",12/4/1964,Engineer,Finance,Email Campaign,Email,141799.05,6/4/2024
CUST2143,Jeanne Olson,nicholasmunoz@yahoo.com,+1-476-731-3535x353,"89553 Lisa Turnpike Suite 452, East Jessica, NC 64799",3/10/1997,Consultant,Technology,Social Media,Email,-5769,8/23/2024
CUST4341,Scott Gilbert,silvagary@long-gordon.net,866-596-9064x6191,"79598 Evans Ports, Schneiderton, VT 99856",7/12/2004,Manager,Finance,Event,Email,87285.58,6/28/2024
CUST6143,Henry Zamora,victoria79@ramirez.biz,002.063.5175,"18871 Becker Stream Apt. 316, Schultzberg, ID 41203",11/5/1962,Consultant,Healthcare,Email Campaign,Phone,88729.98,5/26/2024
CUST7152,Gregory Ramos,brent95@yahoo.com,917.747.2805,"097 Oliver Glens Suite 456, Vincentburgh, RI 44216",4/17/1999,Consultant,Manufacturing,Referral,SMS,128280.07,12/28/2024
CUST7370,Samuel Reynolds,christopherbartlett@hotmail.com,432-334-3379x4515,"21245 Myers Viaduct Suite 898, Andrewshaven, OR 45554",9/24/1985,Analyst,Finance,N/A,Email,79493.63,2/19/2025
CUST7704,Julie Cannon,yhansen@watts.com,7774263901,"277 Schneider Village Suite 706, North Trevor, TX 65914",8/7/1984,Director,Technology,Event,SMS,143683.23,3/5/2025
CUST6083,Angela Ali,zkennedy@flores.com,210-740-3734x2915,"3333 Turner Loop Apt. 286, New Donald, VA 48726",5/18/1957,Technician,Technology,Email Campaign,SMS,31546.25,5/25/2024
CUST7808,Sherri Phillips,foleyandrea@gmail.com,-2833,"4626 Martinez Alley Suite 936, Yvonneborough, VT 78355",8/27/1963,Director,Finance,Email Campaign,Email,113500.21,2/9/2025
CUST6901,Jerry Cardenas,jasonzimmerman@gmail.com,+1-447-475-3096x074,"Unit 0320 Box 0254, DPO AP 49981",9/30/1979,Engineer,Healthcare,Unknown,,72798.79,2/24/2025
CUST3938,Sara Soto,gward@black.net,(698)689-4735x335,"6257 White Knoll Apt. 041, Velasquezstad, MA 15089",8/19/1980,Engineer,Manufacturing,Website,Phone,129287.35,10/14/2024
CUST8372,Katherine Welch,fsmith@yahoo.com,001-608-117-4994,"10058 Donald Villages Apt. 352, Markville, AK 33831",1/4/1964,Director,Finance,Email Campaign,Email,102628.34,7/9/2024
CUST5328,Yolanda Martinez,salazarmary@hotmail.com,001-125-845-9378x730,"USNV Perez, FPO AA 89535",4/3/1960,Consultant,Healthcare,N/A,SMS,56479.43,6/12/2024
CUST4023,Joshua Davis,alee@allen.com,001-735-711-2735x078,"13805 Allen Union, Landryton, AR 61030",1/17/1980,Analyst,Manufacturing,Email Campaign,Phone,103450.25,9/22/2024
CUST3962,Jennifer King,reginaldsanders@gmail.com,(760)276-2206,"0497 Kimberly Ports, East Autumnmouth, IN 43027",5/2/1993,Director,Technology,Unknown,,136998.73,1/14/2025
CUST2307,Ryan Lucero,wanda01@hotmail.com,+1-068-320-6204x3861,"3466 Leach Fork, New Robert, CA 59892",12/27/1986,Manager,Finance,N/A,SMS,125365.84,3/3/2025
CUST8455,Kathy Ruiz,juan01@hotmail.com,506-015-6208x9973,"60136 Smith Dale Suite 416, Crystalchester, MS 94464",11/11/1984,Manager,Education,Referral,SMS,47943.45,9/28/2024
CUST9271,Daniel Lang,pameladuncan@burch-stevenson.com,300-728-1381,"0555 Munoz Neck Apt. 572, Lake Kevinport, WV 48468",5/12/1994,Engineer,Manufacturing,Website,Phone,144387.17,2/1/2025
CUST1184,David Schneider,clarkedavid@hotmail.com,9108262801,"9446 Jenkins Prairie, Christopherfort, ID 46857",11/9/1979,Analyst,Healthcare,Website,Phone,-2132,10/19/2024
CUST8637,Frank Stone,katherinestevenson@mitchell-davenport.net,383.134.6359x050,"Unit 1389 Box 3296, DPO AE 23377",12/31/1984,Director,Retail,Email Campaign,Email,52490.33,2/22/2025
CUST5652,Derrick Thompson,gregorytimothy@gmail.com,+1-887-708-9669x51168,"PSC 5283, Box 0618, APO AP 30506",3/9/1999,Technician,Retail,Website,Phone,139377.8,12/27/2024
CUST9387,Nicole Jones DVM,jimmy12@strickland.com,(579)712-5623x79124,"02989 Jackson Prairie Apt. 345, West Amber, MI 97133",7/25/1958,Manager,Retail,Social Media,Phone,129780.02,6/1/2024
CUST8039,Jimmy Butler,wilkersonthomas@hotmail.com,858-650-0225x149,"867 Gabrielle Garden Suite 416, South Edward, FL 19964",4/22/1985,Analyst,Finance,Social Media,SMS,48899.77,4/28/2024
CUST5158,Peter Arroyo,ashley17@hotmail.com,+1-660-791-2501x551,"7311 Michael Cliff, Hartmanland, AR 16599",7/25/1972,Analyst,Manufacturing,Unknown,Email,110988.6,5/21/2024
CUST1306,Christopher Roy,jorgehill@gmail.com,(496)015-4053,"9021 Noah Pass, South Christianville, TX 02669",12/17/1968,Analyst,Education,N/A,Email,146216.65,8/9/2024
CUST5408,Nicholas Taylor,arellanowilliam@gmail.com,079-208-4270x4067,"4134 Flores Fall, Larryshire, CA 00944",10/5/1973,Technician,Education,Unknown,Phone,35451.34,7/4/2024
CUST8110,Karen Benson,brianspencer@watson.biz,001-412-783-1845,"995 Miller Isle Apt. 407, Brittanyport, AK 11762",12/26/1961,Director,Retail,Email Campaign,Phone,87310.2,10/6/2024
CUST5334,Karen Butler,robertkramer@hotmail.com,001-809-972-2837x4294,"10942 Rice Meadows Suite 731, Madelineburgh, KY 35205",6/2/1979,Technician,Retail,Email Campaign,Phone,149878.16,3/3/2025
CUST3043,Jennifer Owens,elainesnow@yahoo.com,152847637,"190 Davis Locks, Justinton, IA 29906",3/16/1959,Manager,Retail,Website,,72420.18,6/26/2024
CUST1016,Lisa Davis,ashleyparker@gmail.com,+1-940-090-0422x092,"Unit 5410 Box 0158, DPO AP 17147",10/2/1984,Director,Manufacturing,Event,,56881.5,3/8/2025
CUST8711,Matthew Travis,donaldray@montoya-hall.biz,013.601.7624,"4262 Ramos Rue, Melissaport, TX 95721",11/29/1975,Manager,Education,Event,SMS,93703.19,6/2/2024
CUST7798,Michael Patel,smithjoan@mejia.com,(736)929-2763x834,"73344 Hernandez Fall, Kimport, SC 94123",6/26/1971,Technician,Healthcare,Referral,Email,143671.06,3/28/2025
CUST8137,Heather Young,jenniferbruce@harrison.com,+1-219-768-9258x8234,"197 Brewer Land, Stoneton, ID 09401",8/23/1982,Director,Manufacturing,Email Campaign,Phone,41552.12,12/28/2024
CUST2390,Valerie Craig,denise21@wilson.org,888.585.4197,"4925 Santos Plaza Suite 804, Port Stephaniemouth, VA 12454",9/3/1974,Director,Manufacturing,Referral,Email,69898.11,10/23/2024
CUST9205,Kimberly Cook,gary49@hughes-harris.org,628.190.4728x6266,"7311 Valerie Ports, Port Valerieburgh, RI 86633",10/21/1960,Engineer,Retail,Event,,42999.69,10/29/2024
CUST5660,William Foley,invalid_email@,(694)803-0932x03405,"466 Kelly View Apt. 156, Adkinschester, VA 17911",7/4/1997,Consultant,Manufacturing,Event,Phone,96438.4,5/9/2024
CUST6343,Eric Green,simpsonjohn@hotmail.com,7992924678,"17319 Jeanette Villages, West Blake, WV 50817",5/14/1998,Director,Technology,Event,Phone,47993.71,11/14/2024
CUST1178,Karen Craig,wpena@yahoo.com,001-951-247-0561x7852,"592 Cooper Views Apt. 891, Dannyfort, DC 02439",3/8/1984,Director,Technology,Email Campaign,,92277.13,5/2/2024
CUST6765,Kenneth Lozano,navarrothomas@carter-adams.com,-4180,"02857 Randy Crossroad Suite 132, North Angelmouth, PA 32357",7/28/1961,Technician,Retail,Email Campaign,Phone,68381.96,3/1/2025
CUST8449,Zachary Peterson,alexanderanderson@rogers-white.net,001-697-999-1912,"0402 Terrell Streets Apt. 996, North Deniseshire, TX 23345",1/15/1994,Engineer,Education,Website,Phone,53124.9,12/4/2024
CUST6627,Pamela Martin,kharris@yahoo.com,001-401-855-7610,"Unit 1104 Box 4562, DPO AE 64408",4/14/1992,Engineer,Manufacturing,Unknown,SMS,136377.66,2/26/2025
CUST6892,Jason Roberts,bradley93@gmail.com,+1-425-982-9979x22518,"24466 Jones Glen Apt. 756, Roseport, KS 64924",3/31/1988,Engineer,Education,Referral,Phone,146886.27,3/1/2025
CUST9337,Edwin Reyes,franklaura@hotmail.com,+1-947-892-8555x784,"482 Williams Green, North Anthony, IA 29130",6/3/2005,Engineer,Healthcare,Referral,,21279.66,10/13/2024
CUST8669,Amanda Williams,zunigajoseph@smith-ross.info,(796)977-9247,"144 Baker Club Suite 005, Ashleyshire, IA 14239",3/19/1989,Engineer,Education,Social Media,Email,104808.29,12/2/2024
CUST1333,Ethan Henry,qweber@gmail.com,890.359.0125x28121,"7007 Good Burg Suite 786, Carrietown, OK 45516",5/11/1964,Technician,Retail,Email Campaign,Phone,129209.85,2/23/2025
CUST5365,Lori Thomas,katrinahess@griffith-hall.com,176-972-1203,"82266 Christina Trace, Browntown, SC 51253",12/26/1971,Technician,Finance,Unknown,SMS,116354.86,7/7/2024
CUST8109,Amanda Zimmerman,karen68@waters.info,843.093.1546,"7615 Nicholas Fords, Shawnland, VT 74514",12/4/1966,Manager,Finance,Unknown,SMS,115041.59,9/4/2024
CUST8838,Heather Olsen,rmcmahon@townsend-ruiz.com,-7836,"198 Beth Pine, Derekton, ID 50774",7/8/1995,Engineer,Healthcare,Social Media,Email,22168.75,3/4/2025
CUST9468,Dakota Perez,stephen47@hotmail.com,140.353.1883,"84912 Davidson Villages, South Markport, WI 48959",4/27/1954,Director,Retail,Social Media,Phone,137147.33,5/24/2024
CUST3250,Janice Rodriguez,hooderin@morris.net,648-237-4882x81456,"51090 Lee Spur, Joymouth, NV 05338",9/21/1968,Consultant,Healthcare,Website,,103775.56,9/10/2024
CUST5239,Samantha Ortiz,martinsusan@yahoo.com,725.315.8373x87247,"638 Ariel Well Suite 336, Port Paul, ME 52679",11/6/1989,Consultant,Education,Referral,Phone,58590.69,11/26/2024
CUST6612,April Ellis,kimberlydillon@garcia.org,001-795-308-1547x92872,"606 Lewis Turnpike Apt. 568, West Kellyhaven, ME 50303",1/13/1991,Analyst,Manufacturing,N/A,Phone,27229.46,1/21/2025
CUST8164,Megan Guzman,brianperkins@hotmail.com,034-883-5457,"297 Charles Squares, Adamborough, SD 59566",6/17/1991,Manager,Education,Unknown,Phone,24027.43,6/23/2024
CUST2684,Bradley Taylor,josephsanford@hotmail.com,001-254-007-0900x76610,"3959 Vincent Skyway, Sherylchester, NE 36117",8/24/1983,Consultant,Retail,Event,Email,100910.08,4/22/2025
CUST5647,Ryan Holland,ryan14@gmail.com,001-251-989-3971x952,"20442 Stephanie Junctions, Michaelmouth, MA 32134",6/17/1955,Director,Manufacturing,Email Campaign,Phone,138998.58,9/27/2024
CUST7275,Kelly Reynolds,lauraibarra@hotmail.com,686.197.2154x11804,"90708 Luke Road Suite 062, Baldwinview, SD 31673",5/28/1972,Director,Finance,N/A,SMS,72298.77,12/18/2024
CUST5286,Victoria Petersen,gutierreztimothy@yahoo.com,001-512-662-0191x04814,"4474 Michael Turnpike, Port Kellyside, AL 14503",10/31/1982,Engineer,Finance,Email Campaign,SMS,51980.64,8/29/2024
CUST7024,Timothy Miller,rgonzalez@yahoo.com,+1-217-005-3200x6750,"10885 James Trail Suite 087, Alvaradoland, KY 35081",9/10/2003,Consultant,Manufacturing,Email Campaign,,33065.53,6/27/2024
CUST2658,Mindy Mcguire,crossjohn@rogers.com,001-303-301-6521x0852,"200 Stone Spur Apt. 652, South Oliviashire, HI 15953",10/11/1983,Consultant,Manufacturing,Social Media,,39881.58,6/14/2024
CUST9704,Joshua Perez,cfriedman@gmail.com,(782)961-1823,"7784 Anderson Summit Apt. 092, West Amanda, KS 82186",7/21/1958,Technician,Technology,Unknown,SMS,130444.63,9/30/2024
CUST8866,Kimberly Bell,bcarroll@yahoo.com,(301)899-6630x15883,"77169 Brock Stravenue, West Timothy, SC 30704",1/1/1958,Analyst,Healthcare,Unknown,SMS,83797.83,10/22/2024
CUST7173,Amanda Burns,tinamorris@hotmail.com,+1-153-002-9856x3047,"PSC 1532, Box 2105, APO AE 22596",7/27/1966,Technician,Healthcare,Social Media,Phone,145367.47,10/15/2024
CUST7439,Wendy Mitchell,riverasean@black-anderson.com,001-975-612-2355x46866,"USCGC Miller, FPO AP 44364",1/10/1974,Manager,Retail,N/A,SMS,130554.63,5/4/2024
CUST3183,Lance Landry,grahamdanny@clark-reyes.com,7117872990,"0103 Garcia Haven, Briannaport, AL 67110",5/15/1957,Engineer,Finance,Email Campaign,,84462.85,5/30/2024
CUST9027,Candice Russell,williamsonlindsey@gmail.com,001-194-410-2713x116,"5042 Tara Locks, West Christine, KS 00670",10/24/1995,Manager,Finance,Email Campaign,SMS,28074.28,4/17/2025
CUST4270,Erica Larson,leejason@adkins-horton.com,687628890,"274 Roger Burgs, South Kristyfurt, HI 39262",3/26/1980,Engineer,Manufacturing,Unknown,Phone,145579.76,6/10/2024
CUST4460,Dustin Nelson,jessicaturner@yahoo.com,(744)436-0771,"4128 Smith Rapid, Lake Davidberg, NY 84591",11/12/1963,Technician,Education,Unknown,Email,96802.22,10/11/2024
CUST8178,Hannah Sanders,carolynanderson@yahoo.com,(197)023-1971x15068,"0626 Marvin Loop Suite 453, Lake Jeffreymouth, CT 06949",8/25/1983,Consultant,Healthcare,Referral,,25240.92,3/10/2025
CUST2262,Dr. Michael Obrien,moyerlori@jones.com,8412732691,"1475 Cook Crossing Apt. 895, New Anthony, MA 75793",7/31/1967,Technician,Healthcare,Unknown,SMS,130731.94,6/5/2024
CUST4230,Keith Hammond,deanhardy@gmail.com,(207)231-7745,"7855 Zachary Branch Suite 425, South Ericview, FL 44125",5/23/1977,Analyst,Retail,Social Media,Email,121364.99,1/6/2025
CUST6491,Nicholas Fleming,jacksonkevin@lopez-brown.com,(499)452-9246,"7976 Turner Shoal Suite 731, Port Michellehaven, VT 17083",6/30/2000,Consultant,Finance,Email Campaign,,132580.18,9/6/2024
CUST6226,Matthew White,helliott@bailey.net,884-295-8832x336,"56453 Gutierrez Causeway Apt. 372, East Hector, CO 60237",6/10/1987,Analyst,Finance,Website,,73760.05,10/9/2024
CUST3295,Chris Thomas,darlene08@yahoo.com,(947)918-3404x48402,"72284 Harris Mountains, Reyesmouth, RI 79345",5/27/2001,Director,Finance,Unknown,,101883.74,5/21/2024
CUST5381,Amanda Huber,carlossmith@brady.com,001-165-042-9908,"3920 Jason Brooks, Smithfort, CA 54343",5/8/1973,Director,Education,Website,,110359.95,8/10/2024
CUST8873,Laura Serrano,qwilson@hotmail.com,001-359-357-8351,"77983 Wade Trace, South Mario, DE 76870",9/11/1984,Manager,Manufacturing,Event,SMS,30199.41,5/30/2024
CUST3041,Scott Lane,anna85@mcdonald.com,383-698-1642x19271,"24037 Corey Loop, Chadton, FL 47334",6/14/1991,Consultant,Healthcare,Social Media,Email,98652.41,4/1/2025
CUST8526,Sean Sanchez,xglenn@arias-huffman.biz,001-805-498-6435x933,"4169 Parker Mountains Suite 810, Toddstad, ME 22580",11/3/1994,Director,Education,Event,Email,64760.71,10/31/2024
CUST3176,Kristen Roman,alexander19@gmail.com,+1-494-890-9740x4361,"53513 Mcmahon Hill, Zunigamouth, MI 84371",5/25/1978,Technician,Finance,N/A,Email,61724.92,11/24/2024
CUST3082,Thomas Baldwin,kmoyer@hotmail.com,7015502429,"066 Reeves Spring Apt. 413, Wyattton, ND 52032",10/24/1963,Analyst,Education,N/A,,106980,5/19/2024
CUST6810,Andrew Long,fwilliams@gmail.com,001-481-735-1539x934,"PSC 8310, Box 6021, APO AP 99900",5/8/1977,Director,Technology,Website,,26095.83,3/12/2025
CUST1918,Krystal Lambert,kimberly95@hotmail.com,2696044125,Unknown,9/19/2006,Consultant,Finance,Website,SMS,21470.03,4/11/2025
CUST8821,Eric Hoffman,jameslee@hill-schmitt.net,(096)488-6392x377,"3510 Brandi Place, Amandaville, NE 74113",3/29/1999,Engineer,Technology,Social Media,SMS,136062.5,10/31/2024
CUST1778,Matthew Davis,ydavis@hotmail.com,(916)089-1145,"6544 Amy Turnpike, Birdport, AK 68628",3/6/1966,Director,Education,Website,Phone,98546.91,8/13/2024
CUST5246,Heather Ortiz,amymcdonald@hotmail.com,901811881,"41924 Miller Branch Suite 208, Kennethbury, AR 26852",3/27/1989,Director,Healthcare,Referral,Email,124555.35,9/22/2024
CUST6951,Stephanie Navarro,coreywoodard@yahoo.com,865.396.2889x4190,"529 Todd Way Suite 488, Deborahchester, CT 46181",12/18/2005,Technician,Healthcare,Event,,71175.31,8/25/2024
CUST2239,Kimberly Smith,andrew38@ford.biz,947-640-2238,"435 Sharp Isle, East Vickiefort, IL 17717",5/11/1979,Technician,Technology,Website,Phone,86786.4,11/5/2024
CUST5827,Erik Swanson,ryan48@gonzalez-scott.com,746-992-2252x845,"1649 Angela Tunnel, South Brianna, KS 29163",6/25/1996,Director,Retail,N/A,SMS,101684.46,6/30/2024
CUST1231,Derek Shaw,travis29@parker.com,267-189-2908x3194,"03628 Casey Prairie Apt. 739, North John, MI 65783",9/10/2004,Technician,Finance,N/A,,89443.17,5/11/2024
CUST3775,Christina Randolph,youngnicole@hart.com,940.976.1925,"857 Christopher Light, East Kevinmouth, NY 55074",11/14/1979,Manager,Retail,Social Media,Phone,99050.46,4/19/2025
CUST6030,David Santiago,frocha@hotmail.com,7901450811,"7694 Young Lodge, Marymouth, NY 21186",9/26/1964,Engineer,Retail,Social Media,,112208.22,12/19/2024
CUST2206,Richard Gilbert,michellesaunders@yahoo.com,(011)787-3225,"5885 Ross Pines, Lake Shaunstad, NM 03589",12/28/1979,Manager,Technology,Referral,SMS,113708.29,6/27/2024
CUST6254,Meghan Petersen,colonelizabeth@vazquez.biz,+1-151-215-0017x044,"USNS Sanford, FPO AE 18201",2/28/1988,Manager,Finance,Referral,,58997.54,1/15/2025
CUST6390,Michael Alexander,ejordan@yahoo.com,436-304-8793x856,"57390 Rios Landing, West Maria, DE 31152",3/4/1997,Director,Manufacturing,Website,,83359.66,9/5/2024
CUST9216,Douglas Donovan,theresastevenson@yahoo.com,(777)942-2809,"PSC 2552, Box 3201, APO AP 42882",3/5/1988,Technician,Manufacturing,Event,,149012.03,10/14/2024
CUST8403,Lisa Boyd,alisongonzalez@curtis.com,001-303-603-1676x9687,"49604 Meyers Lake Apt. 183, Olsenland, AL 31654",10/14/1991,Director,Healthcare,Website,Email,97933.08,12/23/2024
CUST2282,Zachary Schneider,anitaparks@martinez.com,826940649,"0268 Gibson Viaduct, Jacobschester, NH 63070",5/23/1957,Engineer,Manufacturing,Unknown,SMS,132534.85,3/10/2025
CUST3889,Joseph Dixon,joel93@johnson.com,+1-282-369-5592x2232,"4259 Sophia Loaf Apt. 931, Everettton, MO 40190",8/15/1979,Engineer,Healthcare,N/A,Phone,125398.39,6/15/2024
CUST8094,Danny Schmidt,brianrivera@brewer.com,001-186-508-9580x8943,"6157 Mary Lake Apt. 973, New Corey, ND 65154",4/29/1962,Engineer,Finance,Social Media,SMS,91960.83,1/14/2025
CUST9803,Laura Hill,gardnersarah@rivera.com,204-297-3055,"Unit 5122 Box 4080, DPO AE 54754",6/9/1997,Engineer,Education,Referral,,51325.95,12/17/2024
CUST6916,William Martin Jr.,ashleyferguson@yahoo.com,+1-554-376-4141x737,"870 Owens Shoal, Port Jeremiah, LA 43032",5/5/1965,Engineer,Finance,Event,,24205.31,2/7/2025
CUST2263,Elizabeth Bailey,edward25@estrada.com,182-291-5054x68551,"7066 Todd Garden, Aaronfurt, UT 57100",9/28/1981,Technician,Technology,Referral,Phone,22351.63,1/4/2025
CUST9596,Kimberly Waller,roberto76@yahoo.com,(069)823-8036x493,"081 Mills Roads, South Veronica, SD 54252",11/16/1972,Director,Retail,N/A,Email,81886.34,2/12/2025
CUST1279,Gabriel Hopkins,simsrobin@eaton.net,9807823229,"16424 White Avenue, West Angela, OH 34009",10/14/1980,Analyst,Technology,Social Media,SMS,82432.2,5/11/2024
CUST5290,Tim Schultz,janice10@butler.info,861-604-0202x9104,"40541 Clayton Manor, West Kenneth, ME 76356",5/10/2001,Engineer,Manufacturing,N/A,Phone,139409.4,3/2/2025
CUST7294,Kyle Acosta,gregoryanita@ritter.com,625-355-5264x4766,"931 Thompson Underpass, North Joel, WV 90430",12/26/1999,Engineer,Retail,Unknown,Email,57605.81,6/14/2024
CUST5966,Robert Johnson,mitchell21@huynh-cuevas.com,572.330.5523x9881,"460 Joshua Roads Apt. 746, Watkinsshire, CA 59289",6/5/1991,Engineer,Manufacturing,Event,SMS,114795.31,11/23/2024
CUST1042,Susan Crawford,leachkeith@ward.org,650-355-0686x695,"2187 Pamela Row Apt. 916, Wilsonbury, NC 34059",3/4/1955,Analyst,Retail,Unknown,,124507.84,8/17/2024
CUST5499,Daniel Lynch,haileywalker@keith.info,001-594-221-0300x741,"PSC 8611, Box 1598, APO AP 28135",2/1/1964,Manager,Retail,Referral,Phone,62473.19,6/27/2024
CUST9798,David Gilbert,john13@hotmail.com,(552)407-6947x832,"0572 Carr Land, Geraldmouth, VT 27926",7/14/1960,Consultant,Finance,Social Media,Phone,146908.99,11/3/2024
CUST3126,Carolyn Patterson,millswendy@brown.com,(539)686-3398,"717 Richard Avenue, Jennifermouth, ME 95494",5/4/1954,Technician,Retail,Website,SMS,22137.7,5/14/2024
CUST7049,Lisa Barrera,gonzalesshelby@hotmail.com,048.002.3836x56996,"14867 Hayley Spur Suite 251, New Tamaraburgh, HI 17680",6/17/1963,Consultant,Manufacturing,Email Campaign,Email,48090.64,7/4/2024
CUST4299,Jacob Huynh,daniel31@hotmail.com,-5549,"992 Donovan Estate, Ericksonfurt, MT 13521",8/13/1986,Director,Retail,Website,SMS,140656.43,12/16/2024
CUST2409,Cindy Morris,bgray@alexander-mason.biz,001-178-014-2605x7310,Unknown,6/29/1958,Consultant,Healthcare,Website,,71455.27,5/21/2024
CUST2488,Jessica Sparks,teresabarker@yahoo.com,(081)264-0626,"438 Mooney Estate, Elizabethmouth, AL 68576",3/12/1994,Engineer,Education,Website,Phone,115021.42,12/19/2024
CUST5634,Nicholas Riley,jason41@melton.com,5281287603,"8752 Allison Port, Johnchester, SD 67249",9/13/1994,Engineer,Technology,N/A,,54577.65,8/3/2024
CUST5382,Scott Gordon,shawncarter@hotmail.com,001-365-754-6213x7464,"25985 David Motorway, Lake Mary, KY 38894",3/1/1973,Director,Manufacturing,Event,Email,21423.37,11/5/2024
CUST7050,Elizabeth Gibson,christine07@garcia.com,001-592-109-1064,"339 Kelly Junction Apt. 503, West Edward, IL 23365",2/22/1994,Director,Finance,Event,Email,148496.76,2/3/2025
CUST4019,Robert Francis,webbdavid@gmail.com,676-938-2030x581,"9324 Christina Freeway, East Ericmouth, NH 22509",4/30/1956,Technician,Healthcare,N/A,Email,38611.11,9/2/2024
CUST6933,Melissa Brown,kevinkelly@hotmail.com,562.641.7347x71699,"293 Miller Mission, New Shawnfurt, MA 45114",10/25/1976,Engineer,Manufacturing,Social Media,SMS,40550.35,7/13/2024
CUST1126,Wayne English,yross@yahoo.com,262.454.4548,"76991 Eric Circles, Transhire, CO 49141",6/28/1954,Consultant,Education,Event,,110494.79,7/13/2024
CUST3740,Carolyn Le,mdodson@yahoo.com,463.930.9425,"949 Smith Tunnel, Garnertown, KS 05243",10/6/1987,Manager,Finance,Event,Phone,145992.86,12/1/2024
CUST9672,Ian Thomas,brooksaudrey@yahoo.com,+1-396-401-9581x745,"PSC 3973, Box 4462, APO AA 06042",11/6/2004,Engineer,Manufacturing,N/A,,25589.73,7/13/2024
CUST3113,Laura Walker,valeriesmith@marshall.biz,726-705-8224x51515,"760 Caitlyn Wells, South Darylland, ND 97951",2026-15-45,Analyst,Retail,Social Media,SMS,53512.65,5/30/2024
CUST4400,Kathy Hebert,zrobbins@sharp-holt.net,537-152-1743,"21652 Sherry Forges, New Brookeview, FL 73212",5/15/2001,Technician,Manufacturing,Referral,Email,61472.96,4/5/2025
CUST6398,Rachel Ball,jessica97@yahoo.com,001-187-303-4341x672,"987 Thomas Mountain Apt. 796, Leeport, NH 52916",6/24/1981,Director,Manufacturing,Social Media,SMS,140344.75,3/12/2025
CUST1072,Andrew Anderson,carol25@smith.org,(165)741-3289x614,"6503 Potter Spur, New Tammyburgh, NJ 42397",11/9/1988,Director,Finance,Website,Email,101980.82,3/28/2025
CUST3835,Dylan Larson,uadams@lyons.org,(415)148-7895x08023,"685 Thornton Row, South Danielle, OH 35256",7/23/1960,Technician,Manufacturing,Event,,65221.9,3/22/2025
CUST5180,Eric Garcia,barbara67@yahoo.com,999-469-3785,"8115 Christopher Meadow, Larryside, DE 52225",3/19/1962,Director,Healthcare,Social Media,SMS,119071.58,4/14/2025
CUST9853###,Randall Stevens,daniellesmith@young.com,956.346.9291,"66444 Rose Prairie Apt. 572, Tannerstad, NM 28010",9/21/1989,Consultant,Healthcare,Unknown,Phone,97625.34,1/18/2025
CUST2203,Michael Sparks MD,steven01@dawson.com,333.635.5558,"2272 King Avenue, North Brittany, IN 39922",10/8/1979,Analyst,Healthcare,Website,,100149.03,1/25/2025
CUST7847,,rellis@lozano.net,+1-181-443-7008x3523,"53125 White Trace, Huffmanborough, IL 72215",5/16/1988,Analyst,Technology,Email Campaign,,21569.31,9/29/2024
CUST1906,Bradley Haynes,olivia00@hotmail.com,+1-529-531-9799x504,"833 Cynthia Tunnel, Samanthaside, MS 17549",11/26/1980,Engineer,Retail,Unknown,Phone,60247.6,1/9/2025
CUST5881,Jacqueline Galloway,stephensvalerie@newton.com,497.629.7091,"16085 Burton Brook, New Angelaland, IL 74445",10/16/1991,Engineer,Retail,Website,SMS,78358.27,6/7/2024
CUST5528,David Edwards,david43@gmail.com,862-927-7764,"487 Jason Common, East Carolynbury, AZ 24599",8/15/1975,Manager,Retail,Email Campaign,Email,37040.64,3/21/2025
CUST1909,Rachel Blevins,thomasburnett@gmail.com,246-514-1465x72594,"PSC 2531, Box 1509, APO AA 25504",11/3/1960,Engineer,Education,Unknown,SMS,23532.51,4/24/2025
CUST6637,Jonathan Doyle,destiny23@petersen-russo.info,827.631.5071,"9144 Kara Cape Suite 373, New Valerieport, RI 07732",7/6/1988,Manager,Technology,Website,Email,77358.48,11/23/2024
CUST8676,Jill Bennett,frankdavid@gmail.com,+1-075-372-4756x9603,"2917 Kendra Harbors, Donaldhaven, IA 61625",6/30/1970,Technician,Technology,Website,,84616.56,8/24/2024
CUST2130,Melissa Allen,shanecarpenter@yahoo.com,001-651-599-0284,"740 Tonya Highway, North Veronica, NV 56901",1/18/1964,Analyst,Retail,Website,SMS,88452.71,9/6/2024
CUST6240,Margaret Adams,rodriguezmelissa@harris.com,(709)474-7483x19348,"583 Shannon Common Suite 773, North Bradley, NE 27066",1/13/2006,Engineer,Education,Referral,Phone,53235.81,12/27/2024
CUST4499,Ashley Campbell,ronaldlee@hotmail.com,+1-447-555-2422x8484,"8657 Sarah Terrace Apt. 669, North Georgebury, MI 16314",2026-15-45,Manager,Healthcare,Event,SMS,59986.8,11/4/2024
CUST8491,Daniel Mills,zrodriguez@yahoo.com,001-341-978-7011x3031,"09407 Newman Parkway, West Curtisborough, NY 43404",7/28/2003,Analyst,Finance,N/A,,145921.79,10/23/2024
CUST9699,Michael Reed,kelleralyssa@castro-ramos.info,001-462-414-4883x52120,"USNS Brown, FPO AA 81963",5/21/2001,Technician,Education,Referral,Email,108401.22,3/20/2025
CUST6653,Christopher Mitchell,kevin74@hotmail.com,+1-157-438-0008x854,"9727 Coleman Port Suite 729, Port Tyler, GA 97276",6/7/1971,Technician,Retail,Event,Email,61511.33,8/25/2024
CUST4809,Lauren Jones,peckana@york.com,-6509,"29268 Jason Springs Apt. 507, Port Robertstad, OH 92804",1/14/1979,Engineer,Manufacturing,N/A,Email,118601.27,8/2/2024
CUST2343,Edward Collins,angela17@torres-erickson.com,268.959.7001,"32064 Anthony Street, Jacquelineview, TN 71254",1/10/1967,Technician,Manufacturing,Event,,76514.54,12/31/2024
CUST1959,Richard Ryan,stricklandchristine@moore-simmons.com,001-363-583-1969x38043,"53824 Adams Hill Apt. 827, North Rebeccafort, RI 04915",2/3/1993,Analyst,Technology,Email Campaign,Phone,75859.08,10/7/2024
CUST9216,Bobby Kim,susansimmons@mills.com,046.049.2187x6363,"62438 Olivia Center, New Mariestad, AZ 05609",3/2/1983,Engineer,Manufacturing,Referral,Phone,134543.88,10/18/2024
CUST5905,Cynthia Cooper,lindseyfaulkner@gmail.com,8496291426,"479 Walker Street Apt. 814, Lake Christine, ME 49883",8/24/1993,Director,Retail,Social Media,,71478.45,7/30/2024
CUST3147,Barbara Little,kevinallen@bennett.com,187.649.0882x0937,"PSC 8139, Box 1343, APO AE 63068",6/18/1989,Analyst,Technology,Email Campaign,Email,120359.58,1/12/2025
CUST2275,Katelyn Waters,andersonvictor@yahoo.com,745-057-1612,"37145 Monica Ranch Suite 626, Sanfordland, WY 39455",5/30/1991,Technician,Technology,Email Campaign,,124167.55,2/1/2025
CUST9745,Albert Vazquez,jamesfranklin@carter-chaney.com,001-508-526-9251x6321,"29765 Thomas Branch Suite 553, Ramoschester, FL 08008",1/17/1974,Director,Education,Referral,Email,124742.39,6/5/2024
CUST3183,Robert Miles,jessicakelley@yahoo.com,299.015.2743x16393,"507 Anne Stream Apt. 440, South Alejandroville, FL 50338",2/10/1962,Director,Healthcare,Referral,Email,98451.1,11/19/2024
CUST8573,Tammy Robinson,icurtis@wilson-walter.com,259-108-0984,"7719 Adkins Motorway, South Michael, VA 40018",12/20/1968,Consultant,Healthcare,Referral,Phone,130540.15,3/27/2025
CUST8281,,ohill@mcdowell.com,001-370-610-1168x02631,"615 Crystal Mountains, Perezshire, NM 34538",11/17/1954,Technician,Technology,Event,,47651.19,4/23/2025
CUST3308,Jennifer Stanton,kelli32@gmail.com,916-419-3156x890,"56323 Crosby Ports Suite 375, East Danielburgh, AK 74317",2/8/1998,Manager,Healthcare,Event,,57582.46,12/6/2024
CUST6821,Amanda Melendez,harry58@gmail.com,(187)774-8690x295,"25582 Alex Well Suite 974, South Emily, ME 77557",2/3/1971,Manager,Manufacturing,Referral,SMS,51209.5,11/22/2024
CUST2199,Nicole Lynn,catherinehancock@chambers-walters.com,+1-474-192-7907x04074,"521 Taylor Mills, Stevenmouth, MT 94742",8/23/1987,Consultant,Retail,Email Campaign,Phone,53577.35,8/24/2024
CUST3599,Shannon Williams,joneskyle@hotmail.com,+1-874-845-3475x922,"USCGC Hill, FPO AA 97934",9/26/1969,Consultant,Healthcare,Event,Phone,49098.47,10/10/2024
CUST8929,Sherry Wolfe,joshuawhite@oconnor.org,-9740,"509 Stacy Way Apt. 864, Thorntonland, IL 33648",12/14/1960,Analyst,Technology,Referral,Email,37765.89,4/16/2025
CUST5039,Michael Ellison,elliottronald@hotmail.com,001-539-638-6234,"Unit 4849 Box 6757, DPO AA 07754",7/21/1978,Manager,Finance,Event,Email,52677.08,5/18/2024
CUST1968,Jamie Washington,gabriela35@hotmail.com,776-894-5055x421,"017 Benson Trafficway Apt. 381, New Jessicaberg, MA 12429",8/31/1959,Engineer,Retail,Event,Phone,49633.92,1/18/2025
CUST3200,Shawn Boyle,gregoryolsen@long.com,(857)801-0933,"0097 Michelle Trafficway, Greerside, MD 09715",1/13/1969,Director,Education,Social Media,Phone,47614.32,11/23/2024
CUST9763,Jennifer Hoffman,martinpriscilla@bailey.info,+1-604-002-6780x030,"Unit 3188 Box 1370, DPO AA 36907",10/15/2006,Consultant,Technology,Website,Phone,135629.54,12/5/2024
CUST5533,Misty Schmidt,ashleykaiser@wallace-johnson.com,131.162.8840x880,"133 Davis Underpass Apt. 061, East Wendy, OR 83279",8/29/1957,Technician,Retail,Social Media,SMS,132062.3,5/20/2024
CUST9739,Jesus Hernandez,sherri98@johnson.com,1897023725,"PSC 0205, Box 0677, APO AA 27913",10/7/1968,Analyst,Technology,Social Media,Phone,136570.89,3/3/2025
CUST3180,Ashley Brown,tiffanyliu@kennedy-bates.com,673.292.6924,"4609 Bray Mountain Apt. 371, South Kristin, AK 87566",5/25/1999,Consultant,Education,Email Campaign,Email,46226.14,7/9/2024
CUST6078,Katie West,johnterry@hotmail.com,2782820276,"3843 Ryan Shores, Lake Rebecca, CT 04292",8/27/1976,Engineer,Finance,Website,,122518.31,6/20/2024
CUST5737,Shannon Davis,ljenkins@hotmail.com,(113)089-7663,"2993 Carl Curve, East Hannah, MS 37892",4/16/1960,Manager,Technology,Referral,Phone,120549.39,11/23/2024
CUST2372,Jamie Brown,vwilliams@mendoza.com,319.384.5648,"3458 Sosa Stravenue Suite 289, Ryanstad, SC 51636",7/11/1960,Technician,Technology,Unknown,Phone,138769.42,11/16/2024
CUST8221,Eric Donovan,tking@yahoo.com,+1-749-064-7755x87966,"3535 Mueller Drives, West Williamside, NE 36909",5/27/1980,Consultant,Retail,Email Campaign,Phone,46487.76,6/3/2024
CUST4099,Willie Garcia,collierelizabeth@yahoo.com,(904)326-1927x36758,"051 Sherri Junction Suite 412, Cooperchester, DE 63517",3/2/1987,Consultant,Technology,Event,Email,144142.41,1/3/2025
CUST3501,John Barnes,moorenicole@hotmail.com,001-532-460-6033x40559,"988 Matthew Vista, South Ashley, MS 89449",12/17/1958,Analyst,Technology,Email Campaign,Email,140316.7,5/15/2024
CUST5254,Eric Harvey,melissa26@travis-deleon.biz,+1-423-431-1848x11573,"23423 Chen Grove, Lake Michelle, MI 09230",11/17/1970,Engineer,Healthcare,Event,SMS,26806.79,4/8/2025
CUST6499,Alexandra Paul,wjones@hotmail.com,(847)941-0232x96786,"156 Harrison Ridges, West Bonnieview, ID 79732",3/20/1987,Engineer,Education,Event,SMS,42030.54,1/7/2025
CUST7798,Jason Sullivan,danielnolan@hale-miller.com,+1-328-459-2614x36465,"57958 Ian Curve, Steveville, SD 27738",11/21/1966,Analyst,Healthcare,N/A,SMS,31025.86,1/17/2025
CUST8729,Laura Mccann,zgonzalez@bell.com,001-505-726-8505,"46518 Nichols Plains, Calhounberg, MN 46671",12/4/1981,Technician,Retail,Unknown,SMS,114630.2,5/16/2024
CUST8806,Mrs. Lori Lucas DDS,margaret74@larson.com,826-744-3530x07701,"270 Olivia Dale, Lake Rachaelfurt, MO 04725",1/4/1992,Consultant,Education,Website,,81521.57,3/9/2025
CUST1126,Michael Schwartz,lwhite@drake.info,(402)451-2308x0028,"99576 Nelson Vista Apt. 985, Frankborough, WY 74894",4/23/1997,Director,Healthcare,Email Campaign,,74632.24,6/14/2024
CUST2789,Christina Curtis,dillonowens@yahoo.com,733-111-5087x6906,"0547 Shari Ridges, West Barbara, DC 70892",3/29/1985,Director,Finance,Unknown,,127952.84,11/30/2024
CUST8711,Shannon Brown,tsmith@gmail.com,013.409.5677x866,"878 Brooke Field, New Lynn, OK 44626",4/29/1992,Engineer,Healthcare,N/A,,44818.34,11/29/2024
CUST8164,Nathan Pearson,christy77@gmail.com,346-019-3147,"796 Crawford Isle, Lake Scottstad, WA 88507",8/1/1998,Technician,Education,N/A,,134794.96,1/11/2025
CUST9704,Jesse Pollard,ztucker@ellis.com,001-496-055-0363x05423,"00517 Young Trail, West Michael, CT 28773",12/1/1978,Consultant,Technology,Website,SMS,94577.96,12/20/2024
CUST3599,Ryan Carrillo,vhoover@jones.info,154.640.3626x42894,"Unit 1465 Box 1120, DPO AA 26747",11/20/1965,Analyst,Manufacturing,Email Campaign,Phone,33583.33,12/10/2024
CUST5647,George Baxter,glawrence@morales-banks.info,001-452-537-8689,"63890 Jones Shores, Stevenbury, VT 34051",11/22/2004,Director,Technology,Unknown,,117313.01,12/25/2024
CUST1184,Roy Jackson,vaughnjustin@yahoo.com,###-###-####,"37881 Moss Lake, Christopherport, RI 23782",8/21/2004,Technician,Education,Unknown,Email,53499.37,4/18/2025
CUST6283,Amanda Arroyo,angela00@hotmail.com,179.421.3868,"58602 Willis Plaza, Johnbury, TN 25091",7/6/1970,Director,Retail,Website,SMS,125802.79,4/27/2024
CUST3250,Austin Garcia,jacksonchristopher@sanchez.com,213-770-7311,"2798 Adam Circle, West Bettyfurt, MO 21170",4/22/1986,Analyst,Manufacturing,N/A,Phone,38579.92,9/5/2024
CUST1734,Carol Potts,stephanie64@collier.net,001-997-576-6205x61167,"085 Bradley Field Suite 684, Russellshire, HI 87939",9/12/1997,Consultant,Education,Referral,Phone,37132.45,11/20/2024
CUST4946,Christine Ortiz,rsimpson@green.com,(080)922-1168,"36515 Cardenas Center, Robbinstown, SD 30309",3/21/1972,Director,Education,Email Campaign,Email,36999.1,12/15/2024
CUST2684,Tyler Ellis,stephaniekennedy@gmail.com,5336132157,"71230 Beth Light, Smithland, SC 28719",6/6/1954,Technician,Manufacturing,Event,Email,105869.28,11/14/2024
CUST1205,Amanda Dixon,enavarro@gmail.com,7702167621,"6058 Rose Land Apt. 008, Port Michaelbury, UT 96903",3/22/1985,Analyst,Manufacturing,Social Media,SMS,49637.2,9/22/2024
CUST1608,Ashley Macias,sgraves@gonzales-nguyen.biz,-4823,"916 Pierce Manor Suite 078, Travismouth, DC 67416",11/10/2003,Engineer,Technology,Website,Phone,109057.28,5/2/2024
CUST4756,Laura Petty,invalid_email@,+1-130-781-7624x830,"2256 Cody Island, Glennbury, WY 66600",8/7/1959,Technician,Technology,Referral,Phone,138250.48,1/1/2025
CUST3709,Dave Sanchez,princekimberly@hotmail.com,(113)178-3827x022,"USS Hernandez, FPO AE 71907",1/12/2007,Director,Technology,Social Media,,59022.26,3/8/2025
CUST3070,Ms. Ana Cannon,pbenjamin@gmail.com,+1-420-083-6577x802,"Unit 9949 Box 9236, DPO AP 17893",11/6/1973,Manager,Education,Email Campaign,,117048.02,2/24/2025
CUST8335,Robert Taylor,stevenscarlos@gmail.com,281-394-9404,"25557 Robert Lights, West Richardland, CO 34223",1/1/1992,Consultant,Finance,Unknown,Phone,138169.15,4/13/2025
CUST1066,Martin Kennedy,david13@miranda.org,613-083-2929x33570,"46029 Gabriel Creek Suite 676, Port Brian, UT 95508",11/11/1965,Manager,Retail,Event,,27515.11,7/12/2024
CUST1509,Michael Schneider,michael93@hotmail.com,566.418.2644,"99711 Scott Dale Apt. 431, Stephanieborough, MO 02836",3/13/1988,Director,Education,Website,,87880.35,1/1/2025
CUST7567,Monique King,kmartinez@johnson-anderson.com,001-556-001-7476x670,"23798 Allen Cove Apt. 616, Port Davidshire, VA 98267",3/17/1986,Technician,Finance,N/A,Phone,110728.02,8/4/2024
CUST5725,Rebecca Lee,swansonmary@marsh.com,(477)447-5354x84500,"23465 Webster Parks, Mitchellside, VA 39487",6/2/1970,Director,Technology,Social Media,,59773.15,9/19/2024
CUST4300,Rebecca Thomas,wwalker@sosa.net,+1-068-135-7150x783,"004 George Plaza, West Wendy, NE 25622",8/19/1954,Director,Manufacturing,Event,SMS,70883.95,11/10/2024
CUST1184,Chad Stewart,joan89@hotmail.com,001-888-856-5236,"499 Michael Dam, East Chadfurt, CO 93171",10/9/1992,Technician,Education,Event,,109270.81,1/8/2025
CUST5676,Mrs. Tammy Gross MD,garrettmelissa@gmail.com,002.910.6360x434,"06838 Gamble Parkways Suite 930, Pamelachester, NM 57324",1/8/2005,Analyst,Manufacturing,Unknown,,45063.71,8/2/2024
CUST1923,Christopher Dillon,mayjillian@hotmail.com,+1-410-842-0673x603,"900 Jennifer Path Apt. 139, Leland, AR 28602",10/21/1993,Director,Healthcare,Website,,40041.49,6/15/2024
CUST7521,Donna Alexander,bscott@wiley.com,(939)206-8391x79114,"9057 Shelton Freeway, Port Krystal, VT 82651",2/26/1998,Engineer,Finance,Unknown,Email,94610.91,1/30/2025
CUST6556,Derrick Hammond,jacqueline86@yahoo.com,864-634-0488,"1598 Brewer Gardens, Davidmouth, IL 09365",8/5/1972,Consultant,Finance,Email Campaign,,37213.1,7/4/2024
CUST7254,Christopher Patton,valeriepalmer@yahoo.com,981-102-6983,"49073 Williams Roads, Hernandezmouth, CO 52672",12/20/1996,Consultant,Education,Social Media,SMS,115219.14,10/23/2024
CUST7592,Jaclyn Andrade,ndiaz@hotmail.com,001-366-560-1270x6433,"7260 Campbell Park Suite 311, Chaseside, ID 53764",6/8/2005,Director,Retail,Social Media,SMS,84904.09,8/13/2024
CUST4286,Brian Wood,john68@hotmail.com,001-635-748-0077,"232 Rhodes Flats, Port Jeffreyview, KS 62733",3/17/1970,Consultant,Education,Social Media,SMS,135500.77,8/8/2024
CUST3967,Michael Goodwin,cartercheryl@hotmail.com,001-104-683-9212x076,"5172 Bethany Pike Apt. 875, South Brandonberg, WI 96835",5/19/1990,Engineer,Healthcare,Social Media,,76023.94,11/22/2024
CUST1833,Richard Stevens,tlewis@jenkins.com,001-952-750-7419x5043,"361 Robinson Streets Apt. 841, Tracyton, NH 11205",10/10/1957,Engineer,Finance,Email Campaign,,63885.2,2/12/2025
CUST2690,Tara Watkins,dmcneil@hotmail.com,742-176-7277x89799,"00237 John Junctions Suite 185, Gonzalezburgh, ND 65988",2/27/2005,Director,Healthcare,Social Media,Email,66463.73,1/15/2025
CUST4464,Brian Chapman,nealrichard@cameron.org,831-088-0709x670,"098 Andrew Ferry, North Davidbury, ID 01653",8/16/1974,Consultant,Education,Social Media,SMS,33846.48,10/6/2024
CUST4066,Juan Faulkner,kennethsaunders@king.net,+1-800-087-5150x75966,"53253 Wyatt Mill Apt. 946, North Justinhaven, IL 13954",5/19/2005,Analyst,Education,Social Media,Email,120079.23,12/20/2024
CUST7344,David Cole,romeroeric@huber-grant.com,445.532.3152x0470,"12589 White Harbors, Benjaminview, HI 40403",9/17/1966,Director,Retail,Social Media,Email,38683.64,10/19/2024
CUST1039,Jasmin Ramirez,michelleroberts@zamora-murphy.com,674-452-9157,"51971 Daniel Ville Suite 874, East Brandon, MI 67759",10/27/1972,Manager,Manufacturing,Email Campaign,,22208.51,7/19/2024
CUST8784,Victoria Stephens,kristen75@hancock-hicks.com,001-772-367-3752,"57968 Lin Glens Apt. 818, East Sonia, VT 38908",2/5/1965,Analyst,Retail,Unknown,Email,114924.67,6/7/2024
CUST9472,Christopher Cherry,odavis@gmail.com,344-327-1980x037,"8813 Patton Skyway, North Matthewshire, NM 90248",10/21/2001,Engineer,Healthcare,Email Campaign,Phone,25925.64,6/2/2024
CUST8931,Dr. James Ramirez Jr.,kaitlynhall@hotmail.com,+1-351-923-3520x933,"972 Logan Terrace Suite 827, Edwinchester, ND 92553",10/5/1979,Analyst,Education,Referral,Phone,86650.29,7/13/2024
CUST5350,Dr. Robert Davis,lmartin@yahoo.com,444.542.8252,"296 Christopher Manors, New Crystal, IL 60788",7/13/1974,Engineer,Healthcare,Website,SMS,115071.86,1/9/2025
CUST2662,Larry Chandler,bryan09@cline.com,394.396.8485x5227,"456 Zachary Centers Apt. 825, Angelaville, ME 60164",1/15/1973,Director,Technology,Event,Phone,23951.58,6/6/2024
CUST8336,Kenneth Cook,amanda62@yahoo.com,+1-883-874-8460x172,"15433 Nathaniel Mill Suite 899, Kelseyberg, GA 71078",6/22/1996,Analyst,Technology,Website,Phone,54984.93,2/18/2025
CUST6732,Ana Mcfarland,steven77@hotmail.com,(856)805-2440,"51997 Catherine Prairie Apt. 920, South Joshua, NH 80431",8/15/1997,Engineer,Manufacturing,Unknown,,102936.11,3/28/2025
CUST8859,Jessica Klein,hilladam@cummings.com,+1-052-950-0254x500,"623 Jones Hills, Port Melissaland, OH 27419",3/16/1965,Consultant,Manufacturing,Email Campaign,,37540.83,8/8/2024
CUST5714,Scott Dalton,rturner@gmail.com,001-884-242-5985x66566,"57548 Maxwell Park, Lynchstad, MD 84494",9/21/2004,Analyst,Healthcare,Event,SMS,34237.06,11/15/2024
CUST5025,Eric Clark,wbryant@gray.com,001-164-088-0803x95723,"8342 Watson Unions Apt. 164, New Shirley, AZ 05637",6/14/1993,Consultant,Manufacturing,Social Media,Email,58847.13,8/22/2024
CUST6546,Gina Jones,kenneth53@woodard.com,3501880825,"496 Richards Crest Apt. 570, Christyland, ME 44408",6/20/1965,Consultant,Healthcare,Social Media,,117732.97,3/17/2025
CUST8080,Kimberly Mckinney,wwaller@hotmail.com,168.755.2418x24563,"12332 Michael Inlet Apt. 388, Earlhaven, RI 13460",8/2/1994,Analyst,Manufacturing,Website,SMS,84774.5,7/18/2024
CUST8958,Victoria Lewis,vicki28@jones.org,374-186-7015,"585 Tamara Wells, North Jaclynshire, SC 52960",1/15/1981,Manager,Manufacturing,Social Media,Email,135475.25,3/9/2025
CUST1039,Tiffany Douglas,tylersteven@gmail.com,219.479.5128,"8156 James Valley, West Sean, MI 77985",9/15/1970,Technician,Manufacturing,Website,Phone,105521.94,10/9/2024
CUST8678,Jordan White,duncanjeremy@yahoo.com,360.724.8577,"360 Elizabeth Canyon Apt. 708, New Michael, OH 83916",11/4/1966,Engineer,Healthcare,N/A,SMS,55134.43,3/3/2025
CUST9032,Lauren Patterson,pdonovan@rogers.org,391.811.3496x80837,"27484 Lambert Lodge Suite 717, South Anthonyhaven, WY 22213",8/10/1996,Engineer,Healthcare,Website,SMS,138475.18,10/9/2024
CUST9574,Scott Pearson,travis00@yahoo.com,115-180-8522x13715,"4130 Jimenez Forest Apt. 937, Arnoldland, CT 95239",7/30/1962,Manager,Education,Event,SMS,99368.14,12/11/2024
CUST5774,Kathy Payne,valentinealexandra@smith.com,5210817856,"2382 Stephenson Highway Suite 521, North Eric, LA 04084",9/22/1958,Consultant,Healthcare,Unknown,SMS,39963.43,12/9/2024
CUST6680,Marie Graham,sbishop@rose.com,539-984-4111,"15354 Ethan Inlet, Kristineside, HI 64774",7/14/1984,Engineer,Manufacturing,N/A,,106448.43,6/4/2024
CUST1559,Martha Greer,knguyen@yahoo.com,798.564.5629,"118 Linda Unions Apt. 238, Allenfort, NJ 16205",3/29/1968,Analyst,Manufacturing,Email Campaign,,67134.64,1/30/2025
CUST7379,Jesus Sutton,lisakelly@gmail.com,631-584-3165x555,"31153 Hines Bridge Suite 566, West Joshua, ND 61048",5/18/1993,Engineer,Technology,Social Media,Email,86753.09,10/21/2024
CUST8834,Michelle Smith,mary76@yahoo.com,810.959.0073,"826 Alyssa Cape, West Jasonburgh, NH 14134",9/11/1965,Technician,Education,N/A,Phone,46190.66,11/25/2024
CUST2628,George King,allenmelanie@barton.com,(200)880-5981x16501,"002 Richard Route Apt. 313, New Kennethmouth, NJ 68194",9/8/1957,Director,Technology,Referral,SMS,122272.02,11/10/2024
CUST3947,Marcus Reyes,ryanfrazier@yahoo.com,7321324502,"15961 Blackwell Walk Apt. 937, Port Amy, MO 18200",6/12/1992,Consultant,Technology,Event,SMS,33782.76,6/12/2024
CUST8612,Ashley Flores,kellyjoshua@lawson.net,184.672.0837,"6314 Lambert Coves, Davidsonstad, NE 44933",9/9/1955,Manager,Healthcare,N/A,Phone,41880.98,11/9/2024
CUST6546,Brittany Sexton,catherineadams@jones.com,394-286-7939x617,"USS Hamilton, FPO AP 87971",8/21/1979,Engineer,Technology,N/A,SMS,113934.3,8/6/2024
CUST7594,Michael Barnes,bellchristian@morgan-merritt.com,963.850.5286x94612,"298 Davis Plains Apt. 168, Santiagoton, LA 78075",7/9/1972,Technician,Manufacturing,Unknown,SMS,41547.03,6/7/2024
CUST9311,Mark Rhodes,johncontreras@hotmail.com,1444001465,"1564 Yang Rapid, West Patrickberg, CT 67240",1/31/1982,Consultant,Education,Event,Phone,32825.41,1/16/2025
CUST6433,Leslie Roberts PhD,christopher33@henderson-smith.com,001-728-727-3136x8796,"744 Graham Fort, Waltersland, VT 32251",11/13/1992,Manager,Technology,Website,,72371.17,3/25/2025
CUST6204,April Petersen,muellercatherine@hotmail.com,+1-536-378-4537x4730,"1371 Tanya Points, Brianmouth, OK 34549",12/7/1960,Manager,Technology,N/A,Email,-4304,9/25/2024
CUST4100,Marissa Miller,kevinwilliams@baker.com,001-210-272-8843x411,"13589 Cameron Plaza, West Frankton, AZ 73836",8/2/1963,Engineer,Retail,Event,Phone,58337.14,7/29/2024
CUST3917,Sandra Johnson,omiller@gmail.com,-10170,"9321 Daniel Extensions, Wilsonland, ID 33969",6/19/2001,Consultant,Education,Unknown,SMS,93206.44,5/18/2024
CUST3772,Emily Coffey,smithmitchell@robinson.com,3510231911,"194 Turner Key, Fletcherchester, SC 57499",1/8/1975,Director,Manufacturing,Event,Email,141363.34,3/14/2025
CUST1769,Jeffery Roth,brittney14@yahoo.com,537-170-4940x225,"Unit 9972 Box 9852, DPO AE 40587",10/10/1967,Manager,Healthcare,Email Campaign,Phone,48608.27,5/16/2024
CUST7043,Stephen Shepherd,brianthornton@shaw-roberts.biz,001-431-622-5458x06720,"890 Olson Bypass, Martinfurt, CT 89042",3/11/1973,Engineer,Retail,Event,Email,147490.48,12/25/2024
CUST5556,David Tucker,kblackwell@sanchez.com,181-021-5291x5638,"83680 Jennifer Locks Suite 838, East Cynthiafurt, TN 28479",1/19/1984,Manager,Retail,N/A,Email,24668.5,11/3/2024
CUST1164,Erin Diaz,rmiller@gmail.com,104-197-0575x4810,"4136 Perry Mountain, Andrewtown, IL 98695",3/7/1988,Analyst,Education,Unknown,,27231.75,10/1/2024
CUST5473,Phyllis Pacheco,hscott@fernandez-chambers.biz,001-447-106-1635x34236,"261 Debra Orchard Suite 401, North Karen, IA 43339",1/1/1955,Analyst,Retail,Email Campaign,SMS,111424.7,4/29/2024
CUST4889,Chad Schultz,kfernandez@white.com,+1-833-619-3166x7813,"578 Kyle Forks Suite 657, South Paulburgh, GA 28920",1/25/2003,Technician,Retail,Email Campaign,,60814.83,9/23/2024
CUST6593,Michelle Miller,melissa41@yahoo.com,498.479.5145x7871,"40554 Riley Ridges, West Latoyaberg, SC 81996",7/3/1959,Director,Manufacturing,Website,Email,129589.08,7/3/2024
CUST5867,Jason Curtis,david06@gmail.com,875.759.6096,"Unit 0599 Box 5490, DPO AE 35462",10/8/1983,Manager,Retail,Event,Email,65856.51,7/16/2024
CUST4564###,Gregory Riley,mariahpeterson@hotmail.com,8186732028,"63101 Logan Coves, North Kimberly, GA 50917",10/9/2004,Analyst,Retail,Event,Email,92517.43,10/18/2024
CUST9917,Calvin Thomas,david89@hotmail.com,001-754-601-8386x447,"9337 Francis Ramp, West Christina, DE 51791",3/5/1979,Analyst,Manufacturing,Event,,41794.27,10/13/2024
CUST5826,Alex Rice,kennethcarroll@yahoo.com,+1-790-673-1500x17430,"Unit 8559 Box 1480, DPO AE 75768",7/31/1993,Manager,Manufacturing,Social Media,,73433.24,9/21/2024
CUST5185,Johnathan Smith,ngregory@yahoo.com,047.654.0387x4354,"67694 Steve Loaf, Brewerton, AZ 39640",9/10/1963,Engineer,Healthcare,Website,,71817.18,3/1/2025
CUST6185,Charlene Horne,christopherhanson@mccarty.info,###-###-####,"1139 Tanya Shore Apt. 828, Port Laura, MN 24012",11/23/1990,Manager,Manufacturing,Email Campaign,Email,43452.87,1/14/2025
CUST5432,Jodi Andrade,sherryjones@hotmail.com,(496)571-3933,"88972 West Village, North Willie, LA 63310",4/9/2002,Technician,Manufacturing,Website,SMS,115969.61,2/12/2025
CUST9258,Kimberly Smith,elizabethmunoz@wilson-hansen.com,001-732-121-3475x403,"21526 Mary Roads, Ferrellville, VT 08055",8/30/1980,Director,Finance,Referral,,130153.49,10/18/2024
CUST3188,Amanda Ward,ocole@johnson.biz,542-602-6299x58014,"078 Knox Spur, Morrisonfurt, DC 57963",11/23/2004,Director,Healthcare,Unknown,Email,104351.28,5/24/2024
CUST3037,William Anderson,andersonmark@dean.com,761-966-8304x7864,Unknown,5/19/1966,Engineer,Retail,Email Campaign,Email,133499.92,4/18/2025
CUST1735,Michael Elliott,rogersanthony@brown.com,652.346.3820,"5132 Hardy Centers, Phelpsside, TN 60148",1/25/1991,Consultant,Manufacturing,Referral,Phone,82536.19,8/1/2024
CUST2269,Sheila Nguyen,allisonhowell@hotmail.com,+1-883-051-0217x7904,"01617 Little Harbor Apt. 536, Trevorland, NE 44224",1/23/1983,Director,Manufacturing,Referral,,91926.3,1/20/2025
CUST1909,Shannon Leonard,pmoore@richards.com,573-634-1358x353,"7533 Dan Turnpike Suite 299, Port Destiny, UT 31772",12/24/1991,Manager,Education,N/A,,105975.88,1/18/2025
CUST9213,Jacqueline Knight,williamharper@sharp-jenkins.net,(875)892-3760,"43484 Brennan Lakes, Lake Tamara, MD 26082",8/5/1987,Consultant,Finance,Referral,SMS,25751.03,9/24/2024
CUST5803,Ashley Brown,christinacurry@yahoo.com,001-778-005-2585x6499,"236 Frank Drives Suite 307, Sullivanmouth, SD 95582",1/4/1996,Analyst,Retail,Event,,132092.79,11/3/2024
CUST3734,Gabriel Jackson,donfriedman@gmail.com,494-930-8250x12182,"60655 Austin Fall Suite 068, Aaronmouth, IL 95170",8/9/1985,Manager,Healthcare,Social Media,SMS,109767.21,9/14/2024
CUST5114,Lindsay Clark,jenniferduran@miller.com,+1-318-299-8598x8825,"USNS Young, FPO AE 73665",2026-15-45,Consultant,Retail,Referral,Email,119572.48,10/27/2024
CUST8859,Traci Walker,victor59@yahoo.com,056-318-0635x748,"3539 Smith Rapid Suite 544, East Mirandaside, NC 82480",5/26/1974,Manager,Finance,Social Media,SMS,64234.27,10/24/2024
CUST9705,Amanda Bell,lawrencehoward@hotmail.com,467.278.9553x991,"44180 Fletcher Radial, Port Jessicaberg, TX 18492",8/25/1988,Technician,Education,Email Campaign,Email,66471.93,7/19/2024
CUST4498,Stuart French,stevenolson@yahoo.com,+1-335-285-1308x98360,"3247 Carlos Burgs, Cookeville, IN 45647",10/1/1967,Engineer,Manufacturing,Email Campaign,Phone,87155.18,1/25/2025
CUST4281,Elizabeth Travis,rmurray@hotmail.com,001-793-264-1900,"75277 Tami Court, Rogerport, TN 56018",1/29/1993,Analyst,Education,Website,SMS,67793.78,8/20/2024
CUST9948,Elizabeth Thomas,qlewis@prince-walters.net,439-822-9555x39643,"PSC 0079, Box 1722, APO AE 19129",4/5/1998,Director,Healthcare,Website,Email,60477.23,4/3/2025
CUST1665,Sarah Mcclure,annhill@gmail.com,+1-466-684-5019x924,"520 Lewis Crescent Suite 524, Ericshire, NH 04371",3/8/1999,Consultant,Finance,N/A,Email,117830.56,4/30/2024
CUST8035,Zachary Carey,invalid_email@,001-401-254-2356x910,"PSC 4936, Box 9382, APO AE 78483",7/29/1963,Technician,Education,Unknown,Email,45798.77,12/21/2024
CUST8691,Seth Murillo,perezjohn@gmail.com,525112401,"Unit 2924 Box 8228, DPO AA 71295",5/21/2000,Consultant,Finance,Social Media,,126487.61,7/6/2024
CUST1392,Jeffery Hart,zjohnson@gmail.com,-2309,"806 Morgan Brooks, Port Sydney, LA 70621",1/10/1978,Director,Finance,N/A,Email,95761.31,12/25/2024
CUST5451,Krystal Kelly,grichards@gmail.com,821.211.9211x53861,"93179 Mark Harbors Apt. 620, West Emilyland, MD 53821",2/8/1965,Consultant,Manufacturing,Email Campaign,Email,133582.34,12/24/2024
CUST2529,Christine Vaughan,johnsonsamantha@lee.net,034-903-7082x6550,"177 French Alley, North Matthewland, ID 95218",1/28/1997,Manager,Technology,Social Media,SMS,66430.86,6/12/2024
CUST9312,Nicolas Jones,sheltonmelissa@yahoo.com,053.232.0336x3713,"0072 Baker Gardens Apt. 153, Thomasfort, OR 91605",7/4/1986,Analyst,Education,Email Campaign,,94685.65,11/18/2024
CUST5060,Bradley Medina,duanehogan@bailey.com,(673)465-9300,"5799 James Shoals, Rickyton, KS 17940",11/20/1983,Engineer,Healthcare,Unknown,,114331.8,1/5/2025
CUST4717,Douglas Hardy,davidgarcia@hotmail.com,523-850-0991x4756,"7984 Natasha Shoal, Barnesland, NH 65724",2/17/1993,Analyst,Finance,Website,,48330.79,8/23/2024
CUST8422,Yvonne Becker,jonesandrea@cox.biz,407.348.3020x9280,"64552 Brittany Fort Apt. 578, South Emilychester, MD 23662",4/9/1981,Director,Education,Email Campaign,Phone,118589.73,11/15/2024
CUST3729,Stephanie Conrad,vincentwilliam@myers.com,540.547.2139,"535 Martinez Locks, Lake Christopher, VT 13516",2/21/1982,Technician,Healthcare,Unknown,Email,66158.74,1/27/2025
CUST5431,Melissa Moreno,codybrooks@buck-parker.com,890-595-5583x2729,"494 Harmon Glens, West Jerry, ND 35280",12/12/1984,Analyst,Retail,N/A,Phone,98184.6,1/8/2025
CUST7423,Javier Harrell,fitzgeraldbarbara@yahoo.com,570.154.3497x60203,"70040 Sutton Pass, West Jonathan, SD 47466",5/13/1995,Technician,Healthcare,N/A,,50357.79,5/16/2024
CUST3181,Hector Wright,james40@singleton.com,-6014,"7811 Serrano Inlet, Port Harryfurt, AL 13128",1/3/1973,Consultant,Manufacturing,Unknown,Phone,112387.15,7/24/2024
CUST1092,Sean Huang,fraziersean@gmail.com,001-741-604-3168x9736,"PSC 7235, Box 4001, APO AE 30165",4/9/1960,Director,Finance,Social Media,SMS,139829.67,2/21/2025
CUST9194,Francisco Everett,dthompson@yahoo.com,921.774.5220,"44117 Jamie Place Apt. 867, East Michaelport, VT 71525",2/19/1973,Analyst,Technology,Referral,Phone,49463.09,6/29/2024
CUST7980,David Wells,dylan84@johnson.com,001-187-129-6757,"742 Ortiz Park, Port Christopher, CO 51534",4/3/2000,Engineer,Retail,Unknown,SMS,28966.43,11/20/2024
CUST7645,Robin Roman,teresajones@hotmail.com,(068)453-7389,"570 Doyle Springs Apt. 691, South Monique, IN 78319",2/23/1958,Technician,Technology,Social Media,Phone,95800.13,9/2/2024
CUST2126,Richard Lopez,petersenronald@hotmail.com,693-455-4800x8582,"22658 Phillips Centers Suite 238, Tranberg, DE 01367",4/23/2005,Engineer,Retail,Referral,SMS,57912.8,5/9/2024
CUST2202,Deborah Lee,michaellane@yahoo.com,711.187.3556x30721,"PSC 1089, Box 4591, APO AP 39736",2/7/1981,Consultant,Technology,Social Media,,42969.18,10/14/2024
CUST7986,Shaun Graham,uthompson@ewing.org,(108)543-5858,"2597 Jackson Springs, New John, WV 25103",1/12/1996,Analyst,Technology,N/A,SMS,90820.02,10/8/2024
CUST3316,Kyle Higgins,jonbecker@allen.org,001-718-762-2405,"597 Foster Avenue Suite 661, Jimenezfurt, ME 18469",12/27/1954,Engineer,Technology,Email Campaign,SMS,116294.08,8/28/2024
CUST7875,Christina Potter,hayesashley@yahoo.com,+1-855-169-3115x41650,"71723 Hicks Road Apt. 095, New Donald, IL 84449",8/8/1967,Engineer,Retail,Website,,20381.86,6/7/2024
CUST3498,Michael Martin,david08@carlson-jones.com,001-437-876-4627x171,"266 Chad Cape Apt. 371, Evanschester, VA 10671",10/12/1974,Manager,Healthcare,Website,Email,72583.63,1/21/2025
CUST4907,William Santiago,joseph29@hotmail.com,4991569129,"988 Michele Tunnel Suite 152, Barryville, NM 00982",1/13/1995,Engineer,Technology,Unknown,SMS,135861.24,11/21/2024
CUST2629###,Stephanie Dudley,robert39@hotmail.com,295-019-9520x07316,"8678 Jason Roads, Vasquezside, TN 59298",12/1/2005,Manager,Education,Unknown,SMS,106794.02,2/20/2025
CUST1734,Steven Grant,griffithmichael@gmail.com,###-###-####,"7860 Thomas Way Suite 991, Mariaport, NC 28216",3/12/1968,Technician,Finance,N/A,SMS,126248.8,12/2/2024
CUST7151,Christopher Stevens,wilsonjohn@kennedy-hull.com,+1-034-120-3170x170,"9622 Ritter Ferry, Wolfeview, DE 58332",2/23/1984,Technician,Retail,Unknown,,57414.2,2/28/2025
CUST9085,Alexander Cannon,weaverwilliam@yahoo.com,001-815-070-9288x35038,"06587 Mary Land, New Markstad, AK 05466",10/22/1968,Manager,Manufacturing,Unknown,Phone,89681.89,11/12/2024
CUST2077,Kristen Buckley,kingjason@martinez-brown.com,-7479,"999 Eric Islands Suite 541, Walkerstad, SC 25906",5/28/1958,Technician,Technology,Referral,Phone,120184.57,4/13/2025
CUST6678,Laurie Hutchinson DDS,yorkallen@hotmail.com,001-199-000-6738x2667,"6300 Matthews Stream Apt. 926, Cartershire, MO 34137",6/20/1989,Manager,Retail,Unknown,SMS,146001.77,2/12/2025
CUST7120,Eugene Miller,jcline@rogers.biz,+1-695-444-4488x259,"PSC 4362, Box 4604, APO AE 78680",2/13/1977,Engineer,Manufacturing,N/A,,111920.42,9/20/2024
CUST5939,Cynthia Foster,ahaynes@hotmail.com,(693)031-8709,"76347 King Gateway Suite 099, Deborahshire, OR 83552",5/28/2004,Engineer,Manufacturing,Referral,,69024.51,6/1/2024
CUST6177,Steven Garcia,fdixon@evans.biz,344-081-6831x59042,"USNV Bush, FPO AA 91330",1/22/1981,Engineer,Manufacturing,N/A,,148693.2,7/2/2024
CUST8600,Terry Alexander,waguilar@gmail.com,3491577762,"598 Elizabeth Isle, Lake Christina, NM 89890",7/11/1957,Consultant,Finance,Website,Phone,149659.65,5/18/2024
CUST8627,Diane Gray,tannercampbell@hotmail.com,(913)974-0374,"64248 Michele Village Apt. 743, Lake Michael, AK 19633",4/25/1980,Consultant,Healthcare,Social Media,Phone,125470,7/4/2024
CUST2421,Scott Jones,jessicaroberts@blevins.com,(223)968-9064,"02773 Sandra Stravenue Apt. 689, Lake Robert, FL 08485",8/29/1972,Manager,Healthcare,Referral,Phone,54926.43,11/24/2024
CUST6031,Jordan Hernandez,priceamy@dawson.org,726.001.5796x90564,"48700 Montgomery Islands, Andersonchester, WY 50801",4/19/1990,Director,Finance,Website,Phone,114275.74,4/8/2025
CUST1467,Wendy Williams,davisscott@alexander.net,324.074.4267x2138,"3087 Cameron Trail, Port Cheryltown, WI 15207",12/21/1990,Director,Healthcare,Email Campaign,,66550.85,11/29/2024
CUST4040,Karen George,johnwolf@gmail.com,260-048-9586,"63745 Andrew Point, Hardingmouth, CT 48808",10/11/1962,Engineer,Finance,Email Campaign,,99854.86,10/7/2024
CUST7292,Sherry Myers,ehenry@barnett.com,897.167.8453,"09358 Veronica Knolls Suite 253, South Veronicahaven, UT 62584",5/20/1969,Manager,Technology,Social Media,SMS,125852.82,11/26/2024
CUST8083,Brian Walker MD,gking@mills.com,(548)124-4476,"681 Johnson Trace Suite 496, Port Kaitlynfort, MA 21718",6/27/1979,Analyst,Education,Website,Phone,47467.54,8/1/2024
CUST4343,Joy James,garciajoseph@bishop.com,001-509-929-8239,"286 Robinson Prairie Suite 466, Austinside, ME 80783",2/3/1961,Engineer,Retail,Social Media,,138035.54,6/23/2024
CUST7224,Yvette Flores,iflores@yahoo.com,001-387-433-6410,"13836 Moore Pass Apt. 450, North Steven, IL 06133",3/31/2001,Analyst,Healthcare,Unknown,,125762.3,9/1/2024
CUST7742,Martin Hernandez,cynthiagraham@franklin.com,+1-558-359-6515x5543,"47823 White Highway Apt. 556, Romeroton, ID 89518",7/30/1995,Director,Retail,Referral,,117709.03,3/8/2025
CUST1778,Peter Fields,malik50@gmail.com,(816)101-8975,"696 Nicholas Gateway Apt. 284, Blevinsport, OH 27967",12/24/1974,Manager,Finance,Event,SMS,115558.33,7/8/2024
CUST3237,Debra Mathis,paulgonzalez@yahoo.com,001-496-958-7298,"2249 Chavez Row Apt. 307, South Misty, NE 64240",5/16/1980,Consultant,Manufacturing,N/A,SMS,66281.95,6/14/2024
CUST2676,Nicholas Caldwell,peter76@yahoo.com,001-931-031-1371x47454,"79405 Scott Land, Lake Shari, UT 88685",9/13/2003,Technician,Healthcare,Email Campaign,,68831.78,11/14/2024
CUST5958,Kyle Barrett,amyvargas@wright.biz,+1-470-582-1840x013,"93289 Kirk Corner, Shermanview, CT 00871",3/9/1966,Engineer,Education,Event,Email,23422.36,6/9/2024
CUST5076,Brian Hall,mhernandez@boyer.net,+1-421-517-5719x2712,"753 Matthew Hills, Lake Ryan, ID 08801",5/31/1960,Analyst,Finance,Referral,SMS,64625.76,12/22/2024
CUST6820,Kelly Palmer,debraphillips@yahoo.com,139-066-7723x978,"92191 Matthew Locks Apt. 289, Lake Jessicaland, NH 13658",8/17/1988,Technician,Healthcare,Unknown,SMS,121333.38,12/3/2024
CUST9988,Paul Scott,jlopez@hotmail.com,8019598552,"054 Meyers Trail Suite 865, East Williamville, AR 23355",7/9/1965,Analyst,Manufacturing,Email Campaign,,38288.64,10/17/2024
CUST9563,April Figueroa,russellcampbell@charles.biz,(319)027-6191,"35868 Jodi Mills Apt. 963, Lake Brandonstad, MA 35431",9/7/1998,Director,Healthcare,Event,Email,59089.71,7/10/2024
CUST3622,Samuel Cummings,harmonsamuel@pearson-nguyen.com,865-325-6811x804,"865 Lisa Prairie, Brandonfort, DC 88679",6/7/2001,Manager,Healthcare,Website,SMS,140269.69,4/5/2025
CUST9457,Luke Atkinson,richard96@gmail.com,945-694-4065x4547,"PSC 3896, Box 2976, APO AE 32939",5/5/1999,Consultant,Technology,N/A,Email,68592.88,9/17/2024
CUST1747,Lisa Larsen,banksbenjamin@hotmail.com,001-905-520-4407x3841,"5825 Riley Pine, North Amanda, CO 98778",3/17/1958,Analyst,Manufacturing,Unknown,Phone,39346.2,5/30/2024
CUST8324,Brenda Young,simscatherine@reid-pena.info,410-357-3112x116,"10307 Jacob Parks, East Garyside, PA 27123",6/21/2003,Engineer,Education,N/A,,88377.81,8/23/2024
CUST8789,James Chang,sallen@yahoo.com,677-259-8213x771,"75276 Pope Lodge, East Leslie, IA 83160",1/1/1978,Director,Education,Referral,Email,37421.7,1/20/2025
CUST1079,Emily Mendoza,walshjesse@wilkerson.info,221-336-8976x96520,"USS Green, FPO AP 84915",8/16/1968,Engineer,Education,Website,SMS,57103.94,12/12/2024
CUST3669,Anne Figueroa MD,kerrjose@yahoo.com,(229)061-5394,"28108 Graham Flats Suite 322, North Stacybury, KS 66480",12/15/1963,Consultant,Technology,Email Campaign,,32318.62,2/1/2025
CUST4821,Shelley Fitzgerald,barkerrobert@gmail.com,001-313-874-4132x37210,"37490 Tina Landing, West Justin, DC 71388",8/31/1987,Engineer,Technology,Event,SMS,85266.3,10/6/2024
CUST9272,Zachary Cabrera,caustin@allen.net,001-223-348-3130,"55449 Taylor Drives Suite 147, West Christopher, NH 32975",12/8/1992,Engineer,Technology,N/A,,145453.8,2/15/2025
CUST9433,Brandon Allen,cwatson@gmail.com,4623054154,"61433 Anna Meadows, New Thomas, ND 11549",10/21/1962,Analyst,Healthcare,Event,Email,62194.42,5/16/2024
CUST6176,Alejandro Page,martinezalan@yahoo.com,490.230.2668x43911,"0692 Hobbs Isle, Craigmouth, ME 24559",4/24/1979,Analyst,Healthcare,Email Campaign,,89531.89,12/22/2024
CUST1665,Jennifer Bass,denise90@brown.com,7193996990,"14047 Thomas Flats, West Joshua, ME 10251",2/9/1979,Technician,Finance,Unknown,Email,83165.08,6/21/2024
CUST4528,Calvin Martinez,wharper@hotmail.com,+1-576-322-7028x8348,"PSC 7648, Box 5209, APO AP 64086",9/10/1958,Engineer,Manufacturing,Email Campaign,Email,25893.85,6/5/2024
CUST8855,Daniel Peterson,zbarber@williams.com,+1-179-838-2907x5099,"76756 Taylor Place Suite 145, West Amanda, MO 20017",3/12/1972,Consultant,Technology,Event,SMS,75021.81,7/15/2024
CUST7385,Anthony Meyer,sharonallen@young-moody.com,025.589.2893,"01294 Rebecca Path Apt. 926, Jamesberg, NV 78370",11/6/1963,Analyst,Retail,Unknown,Email,72851,8/8/2024
CUST3824,Jesus Mckinney,lindsey36@pena-jimenez.net,001-292-789-1630,"USCGC Lee, FPO AE 34518",10/11/1956,Technician,Finance,Referral,,126855.86,9/25/2024
CUST2049,Brian Frost,andersonlisa@fowler.com,001-307-861-5993x39017,"246 Stacy Bypass, South Cynthiastad, OK 37539",11/27/1957,Manager,Healthcare,Unknown,Email,68397.4,1/2/2025
CUST5884,James Murray,crandolph@solomon.com,+1-546-815-7669x65795,"8031 Hughes Light Suite 669, Maryport, NM 86935",4/5/2005,Manager,Technology,N/A,Phone,21590.86,1/16/2025
CUST5277,Derek Hoover,amy44@hill.com,281-683-3279x7988,"0397 Brian Motorway Suite 754, Longberg, NY 22467",12/6/1978,Engineer,Healthcare,Referral,Email,44052.53,12/29/2024
CUST9571,Lisa Ford,deborahfrazier@yahoo.com,(262)730-5534x064,Unknown,8/30/1963,Consultant,Education,N/A,SMS,138293.97,6/23/2024
CUST8873,Shannon Robinson,allenbobby@obrien-jacobs.org,001-729-486-8853x25635,"850 Elijah Locks, Rubiofort, LA 38635",10/8/1971,Technician,Education,Unknown,Phone,41865.96,10/14/2024
CUST3208,Lori Harris,joseph61@yahoo.com,(469)794-5172x607,"141 Carrie Cliffs, Port Wyatt, HI 28703",5/21/2003,Engineer,Finance,Social Media,Phone,23550.1,1/13/2025
CUST9306,Mr. Kevin Chandler,dawnpowers@cooper.com,470.724.9956x142,"2771 Timothy Fort, Port Elaineton, NE 28984",10/25/1967,Consultant,Finance,Website,SMS,29800.42,5/28/2024
CUST7280,Michelle Davis,kellynolan@yahoo.com,(344)316-2966x455,"0964 Richard Key Apt. 036, Nelsonhaven, AZ 25043",2026-15-45,Technician,Manufacturing,Event,Phone,22482.13,11/23/2024
CUST7758,Catherine Fowler,laura50@yahoo.com,844-100-3980,"85400 Denise Manor Suite 037, Sherrymouth, IL 20745",7/18/1989,Consultant,Healthcare,Referral,Phone,36734.25,8/8/2024
CUST4468,Susan White,ejordan@johnson.com,290-310-9015,"5329 Cunningham Prairie, West Patrick, FL 21137",6/3/1967,Analyst,Finance,Website,SMS,50173.93,4/22/2025
CUST8537,Joseph Marshall,williamsbrian@villegas-johnson.org,275-836-2431,"407 Jeffrey Lodge, Chasehaven, RI 19979",1/22/2006,Manager,Healthcare,N/A,Phone,26134.9,1/20/2025
CUST9734,Charles Williams,gregoryerica@gmail.com,363.986.8843x38465,"41840 Soto Ports Suite 011, Barnesfurt, DC 40826",1/8/1957,Manager,Technology,Website,Email,144914.44,12/19/2024
CUST3668,Justin Wallace,rubengreen@cox-carroll.net,(865)796-1086x440,"730 Kimberly Loaf, Port Kaylamouth, NC 73587",10/19/1960,Director,Finance,Unknown,Email,34803.33,12/23/2024
CUST7567,Gregory Hill,edorsey@mclean.com,(393)075-6451,"67903 Lauren Fall Suite 437, Port Kristiside, OH 55188",10/28/2005,Analyst,Manufacturing,Social Media,Phone,49071.53,5/9/2024
CUST6472,Robert Rogers,stokesannette@mendez.biz,141-417-4856,"05359 Mendez Meadows Suite 433, North Crystal, OR 28547",2/23/1984,Manager,Healthcare,N/A,Phone,67270.24,11/18/2024
CUST1645,Kevin Smith,lydiacox@gmail.com,-7412,"USS West, FPO AP 02425",5/11/1974,Consultant,Finance,Unknown,Phone,40582.1,5/11/2024
CUST7344,Jeremiah Miller,qfrey@jordan.com,001-364-554-4605x01060,"378 Vaughn Land, West Jamesville, IN 92703",4/3/1993,Director,Education,Social Media,,108305.74,8/12/2024
CUST1398,Michelle Jones,joneschad@hotmail.com,(213)269-4229x344,"227 Simpson Hills, West Carolbury, ID 63910",9/23/1982,Manager,Healthcare,Social Media,Phone,85077.65,5/28/2024
CUST3215,Carol Williams,hudsonjohn@hotmail.com,759-598-3765x282,"55754 Adam Manor Apt. 144, Howardport, UT 66925",3/4/1981,Analyst,Manufacturing,Email Campaign,,123096.67,12/8/2024
CUST7395,Jeffrey Parks,jessica65@richardson-watson.info,(851)652-8019x86979,"5284 Todd Freeway, Garcialand, MT 49332",3/7/1994,Analyst,Manufacturing,Event,,75821.84,6/16/2024
CUST8346,Kevin Bird,hesterwillie@martin.com,001-095-008-2590x725,"131 James Burgs, Lewismouth, WV 29210",6/30/1957,Manager,Technology,Website,SMS,52177.24,5/22/2024
CUST4245,Patricia Clarke,itucker@gmail.com,001-305-489-6198x586,"19675 Wallace Fields, Jeffreyshire, NY 85478",5/22/1955,Consultant,Technology,N/A,,101263.31,9/8/2024
CUST6838,Morgan Sherman,phillipstheresa@johnson.info,145-699-4798,"146 Christina Viaduct, Cooperhaven, IN 29500",1/7/2002,Analyst,Technology,Event,SMS,43055.1,11/20/2024
CUST6740,Felicia Jones,jasonwilson@duffy.com,331-319-1651x81912,"14052 Moreno Walks Suite 803, Annamouth, NM 53623",8/14/1956,Manager,Education,Email Campaign,Email,63499.08,5/9/2024
CUST4621,David Salazar,bakerhaley@taylor-carson.com,323-035-6492x4864,"0042 April Garden Suite 267, East Miguelmouth, ID 73427",1/25/1984,Consultant,Retail,Social Media,SMS,93153.67,12/23/2024
CUST8676,Mr. James Valentine,dkelly@smith.com,304-525-9938x4080,"7597 Young Club, Shelleystad, NJ 14533",6/18/1968,Analyst,Retail,Unknown,,144857.35,4/20/2025
CUST1141,Danielle Fox,jonesheather@hotmail.com,+1-801-962-2528x70616,"51423 Dawn Island, North Gina, TX 98293",9/15/1957,Manager,Technology,Unknown,Email,100546.51,5/18/2024
CUST4208,John Richardson,moorereginald@smith-ford.com,092.655.5082x867,"20367 Susan Stream, Bennettside, MI 57115",12/16/1969,Consultant,Education,Website,SMS,81455.23,10/27/2024
CUST1231,Nicholas Rogers,nelsonrhonda@yahoo.com,+1-897-662-5548x039,"391 Christopher Inlet Suite 157, New Robertoland, NJ 47258",5/17/1958,Manager,Healthcare,Email Campaign,SMS,40703.01,3/3/2025
CUST8498,Samantha Sanchez,kbrown@fox.com,001-286-799-8197,"45544 Callahan Locks, Davidchester, OR 74800",2/27/1992,Analyst,Retail,Email Campaign,SMS,106700.04,7/30/2024
CUST8466,Justin Massey,catherinebush@gmail.com,139.484.4069,"00507 Robert Point, Rebeccaville, LA 68174",4/16/2005,Manager,Manufacturing,Event,,36546.64,4/8/2025
CUST3329,Brian Barajas,kelsey48@hotmail.com,+1-269-442-4222x5508,"700 Williams Valley Apt. 862, Lake Steven, TX 53390",2/14/2006,Director,Manufacturing,Social Media,Phone,40032.48,4/6/2025
CUST7407,Catherine Jackson,flowerskelly@carter.info,001-151-359-2207,"Unit 2911 Box 1396, DPO AA 43481",8/29/1978,Technician,Retail,Email Campaign,Phone,58715.33,10/1/2024
CUST6404,Aaron Wilson,bradleykristen@gmail.com,+1-659-523-5168x703,"73359 Smith Square, Lake Angelaville, RI 21648",4/15/1993,Consultant,Finance,Referral,,132243.47,7/28/2024
CUST6765,Jillian Bailey,osbornejeremy@weiss.com,001-411-190-3479,"62659 Silva Mill Suite 862, Nicolechester, NM 94012",2/12/1960,Consultant,Healthcare,N/A,Phone,62117.6,10/16/2024
CUST2797,Allen Woods,pmccoy@gmail.com,896.192.7516x4904,"984 Steve Hollow, South Karenbury, RI 49186",11/9/1988,Technician,Education,Email Campaign,SMS,85027.47,2/3/2025
CUST3438,Brett Johnson,mryan@watson-thomas.com,(259)766-5476,"23495 Jonathon Key, Lake Rebecca, RI 26674",10/8/1996,Manager,Technology,Event,Email,73684.64,1/12/2025
CUST5294,Monique Wallace,awatson@gmail.com,401-937-7023x6803,"126 Erickson Springs, Browningmouth, VA 05609",7/6/1991,Consultant,Technology,Event,Phone,58484.56,3/17/2025
CUST9296,Jennifer Mcmahon,shannonjustin@powell-robinson.com,924-327-3197x2010,"115 Bradley Extensions, Larrytown, IN 70622",12/3/1981,Director,Technology,Referral,Email,-9467,8/29/2024
CUST5648,Mr. Cody Scott Jr.,juliehill@gmail.com,(066)278-4121x939,"90151 Billy Skyway Apt. 117, Port Amandashire, MA 83306",2/10/2005,Manager,Technology,Event,Email,33195.79,7/31/2024
CUST7267,Garrett Boyd,phillipbutler@nguyen.com,941224299,"16198 James Overpass, North Michael, VA 80400",4/19/1971,Technician,Healthcare,N/A,,31489.98,4/17/2025
CUST7914,Christopher Carr,erik76@hammond.info,001-024-578-8909x3814,"2731 James Passage, Griffinstad, MS 39706",7/27/1981,Engineer,Retail,Unknown,Phone,81617.89,11/7/2024
CUST2226,Lori Mora,mcole@hotmail.com,8447897939,"USNS Castillo, FPO AE 20971",6/28/1981,Engineer,Retail,N/A,Phone,120752.02,3/15/2025
CUST9783,Joshua Patterson,combsdonald@yahoo.com,447-896-2708,"4626 Stewart Mountain, Lake Ruben, NV 15673",5/4/1958,Engineer,Education,Event,,125887.37,12/12/2024
CUST1339,Colleen Vega,gcox@guerra-valdez.org,3555805609,"4490 Smith Pass, Ashleybury, OK 70888",6/1/1996,Technician,Finance,Event,Phone,70257.67,8/30/2024
CUST1923,Jennifer Pace,briannasmith@gmail.com,710.390.5372x8443,"Unit 7494 Box 3006, DPO AP 03493",9/17/1987,Director,Healthcare,Website,Phone,147297.58,1/29/2025
CUST5307,Melissa Wong MD,wsmith@martin.com,893.219.3260,"806 Newman Vista, Dylanhaven, NY 98556",2/16/1960,Consultant,Healthcare,Event,SMS,121789.64,9/26/2024
CUST1794,Elizabeth Clark,reginapugh@hotmail.com,001-721-692-8446x62437,"4194 Scott Crest, South Patrickfurt, AK 93006",1/5/1958,Consultant,Healthcare,Social Media,SMS,128982.72,11/11/2024
CUST2425,Matthew Williams,jamie39@rodriguez.com,001-784-964-0150x206,"USS Guerra, FPO AA 20177",12/2/2002,Director,Technology,Referral,,129518.24,12/7/2024
CUST1910,Michael Chandler,poncechristina@yahoo.com,217-519-7690,"869 Barton Walks Apt. 745, Brianburgh, CA 60056",6/30/1957,Analyst,Retail,Referral,Phone,97720.23,2/8/2025
CUST7329,Meghan Jones,scott16@gmail.com,(345)189-6949x960,"71776 Hunt Square Suite 699, Loweryburgh, VT 53907",2/14/2004,Manager,Technology,Event,SMS,21475.26,11/27/2024
CUST7242,Cindy Mejia,davisjeffrey@yahoo.com,(054)936-1033x1111,"770 Jessica Village, Shepherdstad, KS 08430",12/4/1980,Director,Education,Event,Email,149151.86,3/23/2025
CUST3015,Dean Ryan,danielgordon@hotmail.com,+1-563-219-8062x3674,"7737 Beck Mountains Suite 642, Toddmouth, MD 72660",4/10/2002,Manager,Technology,Email Campaign,,113418.69,5/26/2024
CUST4914,Wendy Jordan,burgessjulie@calderon.org,001-014-705-7733x298,"365 Combs Cove Apt. 397, New Joyville, CA 42839",5/23/1988,Consultant,Finance,Event,,78694.72,2/14/2025
CUST3123,Carlos Romero,bobby01@hotmail.com,784.634.4641x1367,"Unit 9784 Box 5616, DPO AP 16793",12/25/1999,Engineer,Retail,N/A,Phone,48398.61,12/21/2024
CUST2596,Nicole Mcdonald,novakerin@yahoo.com,(196)814-4810x51671,"USNS Merritt, FPO AA 43764",7/4/2001,Director,Finance,Website,Email,144271.23,6/26/2024
CUST1568,Paula Ward,dunderwood@jones.com,+1-422-365-1905x87050,"1661 Audrey Hill Suite 550, Danielport, VT 82056",4/19/1990,Manager,Education,Unknown,Email,34766.51,9/13/2024
CUST6250,Valerie Wilson,rmartin@gmail.com,001-505-353-4552x32961,"9242 Alexander Place, Lake Jennifer, MD 93051",2/26/2002,Manager,Manufacturing,Event,SMS,115079.61,2/9/2025
CUST2485,Carolyn Robinson DVM,garciaamanda@yahoo.com,(899)134-2594x75156,"953 Kenneth Path Apt. 956, Shirleybury, MD 43657",9/4/1954,Engineer,Healthcare,Referral,Phone,55382.8,12/25/2024
CUST4013,Amy Humphrey,tklein@mckee.com,+1-460-372-4408x32944,"50946 Teresa Estate Suite 596, South John, NM 56260",3/4/1963,Manager,Retail,N/A,,128320,6/1/2024
CUST4795,Adrian Phillips,invalid_email@,047.879.0204,"99080 Jose Ferry, East Juliehaven, SD 29415",8/25/1967,Manager,Technology,Social Media,Email,56588.09,2/1/2025
CUST9568,Lauren Martinez,fhughes@hotmail.com,001-166-553-6230,"1708 Jaime Grove Apt. 166, New Karenchester, SD 24126",6/30/1977,Director,Technology,Social Media,Email,114688.15,5/13/2024
CUST9501,John Campbell,phillipking@gmail.com,+1-867-867-8865x384,"005 Troy Causeway, North Randall, CA 89743",6/9/1967,Consultant,Retail,Event,Phone,24900.64,5/20/2024
CUST5379,Michelle Harmon,samantha71@harris-solomon.com,001-857-212-7889x7491,"38816 Harper River Apt. 560, East Robinport, NH 48673",6/27/1982,Director,Finance,Website,,21354.85,2/14/2025
CUST3855,Matthew Lewis,nicolelloyd@hernandez.info,001-829-834-2959,"90691 Mcgee Wells Apt. 061, Collinsport, MN 33330",6/27/1979,Director,Technology,N/A,Email,120315.68,11/26/2024
CUST2043,Eric Reed,holmespatrick@yahoo.com,(965)566-6889,"PSC 8338, Box 1056, APO AP 02041",9/26/1998,Analyst,Technology,Referral,Email,39567.88,1/13/2025
CUST9222,Dennis Jordan,kathleenwood@solomon.org,(915)431-0936x491,"73917 Nathan Islands Apt. 533, East Sabrinamouth, MA 81662",6/7/1996,Consultant,Retail,Website,,139077.22,12/16/2024
CUST3710,Tracy Lopez,mchavez@gmail.com,(722)577-9587x24116,"2833 Yang Corner, North Valerie, CO 66579",9/17/1956,Technician,Finance,Event,Email,52038.21,12/6/2024
CUST6450,Keith Davidson,rcastaneda@hotmail.com,014-637-0645x09176,"213 Jones Mall Suite 393, Collinsstad, PA 47901",3/30/1986,Engineer,Healthcare,Social Media,SMS,59307.24,1/12/2025
CUST7359,Sarah Sheppard,dlopez@smith.org,001-437-076-8311x6861,"663 Kristopher Vista Apt. 653, Torresside, NV 36448",9/17/1995,Manager,Finance,Referral,SMS,45672.63,6/19/2024
CUST9945,Thomas Green,matthew10@webb-ward.biz,001-833-528-4112x1722,"131 Holmes Spur Apt. 463, New Jamie, TN 15732",7/30/1974,Engineer,Technology,Email Campaign,Email,83136.25,4/13/2025
CUST5537,Kristin Kelley,ohogan@yahoo.com,879-004-3737x7754,"72197 James Common, New Keithview, CT 02667",12/14/1988,Engineer,Healthcare,Event,,27638.89,8/8/2024
CUST8562,Nicolas Simmons,jeffery89@perkins-nichols.com,001-531-004-1934x8455,"4706 Powers Drives, Cynthialand, MO 51948",6/1/1964,Consultant,Finance,Unknown,Email,122793.04,10/10/2024
CUST4648,Susan Flores,amber80@sanchez.com,629-665-9328,"PSC 0161, Box 3515, APO AE 11065",7/30/1998,Manager,Healthcare,Unknown,Email,95785.68,3/24/2025
CUST2010,Theodore Spencer,jilljordan@newman.com,-7886,"995 Henderson Forge, North Amandatown, NV 54831",1/7/1962,Engineer,Healthcare,Social Media,,106970.9,3/22/2025
CUST5982,Katherine Ball,uwatson@hernandez.com,001-459-493-5557x9245,"82641 Lin Manor, Collinsstad, OH 85267",7/27/1996,Manager,Manufacturing,Event,Email,57612.66,10/12/2024
CUST9674,Kyle Howell,osmith@larson.biz,+1-502-282-7253x7972,"38196 Parsons Gardens Apt. 968, Joshuaborough, WV 10515",11/18/1983,Manager,Manufacturing,Email Campaign,SMS,61224.79,8/22/2024
CUST5696,Jennifer Snyder,leedawn@hotmail.com,+1-361-083-0503x976,"37684 Pittman Center Apt. 545, Parkerberg, CO 05454",5/23/1967,Technician,Finance,Unknown,Phone,146067.87,11/28/2024
CUST4577,Jamie Mason,acisneros@pineda.com,(367)787-0757x225,"1146 Heather Turnpike Apt. 080, Jessicaville, SC 48186",5/24/1966,Director,Education,Unknown,,58293.32,5/7/2024
CUST4286,Katrina Weber,hughessarah@gmail.com,9703426274,"61790 Diaz Forges, East Chloehaven, NY 34445",1/19/1983,Manager,Manufacturing,Website,Phone,92034.01,12/24/2024
CUST8491,Jennifer Zamora,mburnett@hotmail.com,-3455,"32633 Brown Mall Apt. 931, Lake Jenniferstad, WV 30917",2/8/1972,Engineer,Technology,Email Campaign,SMS,99906.61,3/20/2025
CUST4424,Tony Martinez,brianalvarez@taylor.com,(098)390-8762x76312,"8124 Davies Ports Apt. 020, North Donna, NH 07711",7/27/1965,Technician,Retail,Website,SMS,42011.5,7/9/2024
CUST4890,Cynthia Kent,walkersandra@benson-brooks.info,+1-834-679-4304x641,"26720 Jodi Meadow, Davismouth, CA 59111",1/18/1975,Manager,Finance,Social Media,SMS,134007.21,8/19/2024
CUST7688,Stephen Hernandez,marissasmith@schmidt-gonzalez.com,+1-829-257-1939x2315,"886 Elizabeth Run, Port Tammyfurt, LA 80884",7/21/1984,Technician,Healthcare,Website,SMS,48313.35,2/4/2025
CUST1959,Adriana Randolph,melissareynolds@yahoo.com,+1-464-538-3632x36979,"8140 Tiffany Harbor, New Danielhaven, UT 09992",7/1/1955,Consultant,Manufacturing,N/A,,145555.53,5/1/2024
CUST7084,,afarmer@gmail.com,-9963,"2389 Thompson Cliffs Suite 411, New Dustinmouth, WI 96909",4/15/1977,Consultant,Finance,Email Campaign,SMS,125839.34,10/10/2024
CUST8920,Joel Best,popematthew@kerr.com,001-363-008-1563x037,"94163 Mccarthy Camp Suite 532, East Kristina, IA 28817",4/15/1987,Manager,Education,Referral,,116147.18,10/1/2024
CUST6276,Michael Ward,clozano@villa.net,485.215.3424x72320,"3361 Todd Island, Susanborough, MA 40426",9/8/1996,Engineer,Healthcare,N/A,SMS,56789.44,6/21/2024
CUST9935,Richard Harrington,ijoseph@allen-aguilar.com,001-922-999-9296x3545,"4648 Jason Wall, Reedberg, HI 75991",1/25/1983,Engineer,Technology,Email Campaign,SMS,87677.53,9/5/2024
CUST2380,Phillip Duke,angela63@gmail.com,(968)708-3369x73358,"6399 Ashley Neck, West Andrew, DC 27121",6/13/1999,Consultant,Retail,Event,SMS,85868.86,8/9/2024
CUST3710,John Garza,brittany79@smith-espinoza.com,(387)482-5899,"010 Dennis Pines Suite 319, Taylorland, KY 38358",2/15/1959,Manager,Finance,Website,SMS,33775.7,4/16/2025
CUST4889,Tracy Price,vsmith@gmail.com,(021)597-0481x983,"0222 Shannon Manor Suite 526, East Paul, AR 17783",4/28/1991,Technician,Technology,Social Media,,78684.3,1/10/2025
CUST6680,Miss Laura Hunt DVM,ramirezluis@jones.com,001-561-876-6385,"87579 Summers View Suite 855, Stevenburgh, UT 68161",2/7/1995,Consultant,Healthcare,Social Media,SMS,121178.6,9/5/2024
CUST1735,Mrs. Amy Strickland DDS,lkey@gomez-turner.com,(014)557-6942,"6988 Robert Shore, Lake Michael, NH 67237",5/12/1994,Manager,Healthcare,Email Campaign,Email,79239.02,1/7/2025
CUST2425,Debra Miller,ashley10@pitts-le.info,001-067-071-6847x000,"7584 John Mount, Castroton, OR 91150",11/7/1996,Consultant,Healthcare,Unknown,SMS,72662.17,12/24/2024
CUST4468,Patrick Lang,garciarobert@mclean.com,426-394-3599,"PSC 8237, Box 9306, APO AA 13056",3/29/1973,Analyst,Retail,Unknown,Email,81933.42,12/30/2024
CUST1039,Sheri Montoya,colecameron@gmail.com,816.810.3072x296,"142 Adams Stream Suite 713, Lake Brianport, VT 76808",12/11/1994,Engineer,Finance,Social Media,SMS,34460.11,9/17/2024
CUST5277,David King MD,nvega@yahoo.com,751.650.3301,"5754 Oneill Shore Suite 202, Lake Michaelfort, FL 82104",11/11/1971,Engineer,Retail,Event,,131948.97,11/23/2024
CUST1794,Anthony Mccall DVM,robbinsjustin@hotmail.com,001-044-322-1242x92397,"6895 Douglas Ville Apt. 536, New Amanda, KY 94425",10/17/1970,Engineer,Technology,Event,,121143.81,8/16/2024
CUST5307,Blake Mckay,shannonpacheco@yahoo.com,981-795-7171x73543,"63070 Jackson Loaf Suite 895, Myersstad, FL 60075",3/8/1998,Engineer,Finance,N/A,,73193.15,1/20/2025
CUST6546,Mrs. Jillian Johnson,lthomas@hotmail.com,195.714.9420x40013,"5262 Christopher Mountain Suite 573, Susanfort, NJ 89188",7/31/1974,Engineer,Technology,Social Media,Email,83161.99,2/23/2025
CUST4610,Robin Williams,lindachang@yahoo.com,635-659-6763x2471,"USS Davis, FPO AP 73968",10/8/1965,Manager,Finance,Email Campaign,,41905.07,6/27/2024
CUST1414,Jacob Jackson,pauldavis@gmail.com,344.691.8335x999,"69125 Thomas Mall, Caseystad, VA 07197",9/5/1962,Technician,Finance,Website,SMS,133123.61,10/25/2024
CUST4807,Stephanie Coleman,antonioallen@petersen-lloyd.net,239-233-8747,"810 Rowland Drive Suite 129, Joshuatown, MS 14336",7/23/1955,Manager,Healthcare,Referral,Phone,91787.84,6/13/2024
CUST4856,Marc Lyons,jacob18@hotmail.com,-6995,"68589 Danielle Garden Suite 454, Krystalfort, NE 73745",4/14/1995,Manager,Manufacturing,Referral,SMS,21712.23,11/21/2024
CUST9644,Stacie Cohen,tylerrodriguez@yahoo.com,001-485-435-1468x460,"6373 Mitchell Harbors Suite 026, Ericport, RI 80376",7/13/1982,Consultant,Education,Unknown,Phone,88381.15,2/7/2025
CUST6725,Angel Snyder,ruthwatson@ortiz.info,934-506-5673x783,"23721 Christopher Avenue, Fordview, ID 64028",12/26/1980,Director,Manufacturing,Event,SMS,24153.47,6/12/2024
CUST6976,Sarah Soto,christopher45@gmail.com,+1-931-042-7196x20838,"66904 Teresa Estates, Robertborough, LA 36671",1/18/1966,Engineer,Finance,N/A,SMS,78808.25,12/15/2024
CUST7689,Leroy Johnson,erichawkins@yahoo.com,001-114-668-8607x8246,"30209 Shannon Greens, Yangton, NH 16734",5/2/1989,Manager,Education,Unknown,Email,111589.04,7/9/2024
CUST1002,Donald Wilson,harrisonlee@yahoo.com,(864)739-2396,"63900 Griffith Court Suite 138, Brianmouth, WA 02400",8/8/1975,Analyst,Technology,Website,SMS,45251.19,5/26/2024
CUST7934,Patrick Sanchez,goodmanjesse@gmail.com,(045)505-9147,"57067 Robles Bridge, Lake Julie, TX 95310",6/25/1974,Manager,Healthcare,Unknown,Phone,140059.65,5/25/2024
CUST5457,Kimberly Ellis,shane74@coleman.net,4712414337,"04684 Lane Streets Suite 190, New Makaylaburgh, NM 63721",12/4/1963,Consultant,Education,Website,SMS,-9811,2/23/2025
CUST7409,Mrs. Karen Maynard,abigail51@hotmail.com,+1-860-801-6056x54152,"395 Pamela Bridge, West Megan, ND 09739",5/18/1957,Engineer,Manufacturing,Unknown,,88144.81,2/14/2025
CUST4617,Brittany Franklin,leah76@thomas.com,8306674161,"913 Harding Motorway Apt. 147, East Sean, IL 90784",11/29/1979,Manager,Manufacturing,Website,Email,23084.85,11/21/2024
CUST2586,William Hamilton,bdavis@brady-brown.com,788-469-0128,"745 Sandra Forge, New Toddstad, TX 10449",4/9/2003,Engineer,Manufacturing,Social Media,SMS,51536.02,7/3/2024
CUST8715,Travis Brewer,charles28@hotmail.com,612-308-4410x954,"8099 Tammy Mountains Apt. 548, Jeremyborough, ND 49202",7/11/1975,Director,Education,Unknown,Phone,122263.63,4/16/2025
CUST3625,Anita Daugherty,jennifergraham@brady.com,001-413-030-0277x017,"3940 Barry Loaf Suite 840, Lake Susanborough, DC 92942",10/12/1963,Engineer,Technology,Social Media,SMS,81039.03,5/12/2024
CUST9020,Pamela Mitchell,jenniferbrown@hotmail.com,001-382-602-0773x4921,"Unit 5995 Box 8999, DPO AA 96369",3/10/1955,Consultant,Education,N/A,Phone,91578.35,9/12/2024
CUST1879,Janice Moore,jordan66@hotmail.com,853-786-5017x273,"698 Dickerson Extension, New Christopherfort, IN 39669",8/25/1974,Engineer,Technology,Event,Phone,22934.47,2/1/2025
CUST2357,Gabriel Campbell,kevinpatterson@yahoo.com,551.975.2883x526,"543 James Ways, Phillipschester, ME 21465",10/13/1988,Analyst,Retail,Event,Email,107579.52,3/30/2025
CUST7824,,jon49@miranda.com,+1-922-638-7056x17331,"644 Tonya Walks, North Daisy, HI 57952",1/5/1975,Consultant,Manufacturing,Event,Email,106792.47,8/13/2024
,Julia Gonzalez,maria00@hotmail.com,(375)425-2270x9674,"7332 Theresa Plains, Lake Heather, MI 58047",9/15/1968,Technician,Education,Referral,Phone,116480.01,2/15/2025
,Bethany Fletcher,hgarcia@norton-davenport.info,269-720-1494x07030,"91890 Michael Hills, Jacquelinechester, AR 12532",8/14/2000,Director,Education,N/A,Email,55335.57,4/18/2025
,Jessica Martinez,douglascrawford@gmail.com,(205)689-1596,"12795 William Prairie, Leeberg, KY 31547",3/17/1975,Analyst,Technology,Social Media,Email,91499.63,3/10/2025
,Christopher Rodriguez MD,jennifer30@chaney-young.info,(497)324-5677,"494 Martin Parks Apt. 861, Jordanburgh, NY 46257",11/27/1960,Manager,Education,N/A,Email,139889.39,11/8/2024
,Timothy Cox,debbie20@proctor.com,001-984-576-9983x4448,"93678 Morgan Skyway, Andrewfort, CT 42828",4/3/2004,Consultant,Healthcare,N/A,,71922.74,2/4/2025
,Evan Alvarez,pagefrances@austin-buckley.org,001-114-150-4692x184,"0091 Valerie Bypass, West Juanmouth, WV 55072",3/25/1963,Technician,Manufacturing,N/A,,130787.15,5/8/2024
,Latoya Bruce,nwatkins@williams-terry.com,(820)330-3400,"56782 Johnson Wells, East Caleb, MA 53391",8/1/1985,Consultant,Education,Event,,149712.33,3/7/2025
,Julian Perkins,garciakevin@callahan-nash.com,550.145.3508,"1217 Werner Turnpike Suite 968, Millerport, AR 26491",1/2/2007,Director,Healthcare,Email Campaign,,92907.88,11/8/2024
,Christopher Young,eric72@chaney.com,(953)067-3844x0488,"0545 Mcdaniel Lodge Suite 165, Port Deborah, NM 52845",10/4/1957,Manager,Finance,Social Media,SMS,29917.69,12/8/2024
,Tiffany Bennett,johnstonpatrick@jackson.com,+1-627-411-5183x02841,"171 Reynolds Union, Martinmouth, AR 97057",5/22/1957,Consultant,Finance,Website,Email,72982.42,11/22/2024
,Julie Lozano,tsanchez@brewer-jones.biz,001-968-369-5618,"508 Jennifer Drives, Lewisside, WY 83137",8/12/1977,Manager,Technology,Referral,,94542.45,7/24/2024
,James Wells,williamrobinson@gmail.com,702.220.4969x21683,"433 Chang Camp, New Maryfort, AR 32137",10/25/1991,Director,Technology,N/A,Phone,81777.28,2/7/2025
,Deborah Taylor,lovecameron@gmail.com,722.537.9010,"2373 Rodriguez Extension, North Ashley, OR 06679",11/20/1976,Analyst,Healthcare,Referral,,60507.79,8/29/2024
,Jacqueline Fisher,cvasquez@hotmail.com,001-535-652-2007x3216,"831 Kim Expressway, Danielview, NJ 51232",10/17/1963,Consultant,Healthcare,Website,,75629.93,3/18/2025
,Kimberly Jenkins,julie91@hotmail.com,464.185.3418x600,"10010 Cheyenne Radial Suite 815, Leeland, TN 63632",9/1/1997,Director,Finance,Website,SMS,23748.81,7/4/2024
,Matthew Miller,qmiller@robinson-evans.biz,(339)567-5665x71540,"84158 Molina Points Apt. 268, South Karenburgh, IN 63381",2/28/2002,Technician,Manufacturing,Unknown,,75064.78,2/18/2025
,Karen Mendoza,zachary20@gmail.com,874-993-1283x30726,"74393 David Crossroad, Lake Mariaburgh, NE 52057",8/7/1964,Director,Education,Unknown,,102914.76,11/8/2024
,David Ortega,jonesnicholas@lewis.org,214.050.4242x2225,"676 Stephanie Turnpike, South Shannonport, AL 61034",12/4/1957,Technician,Retail,Unknown,Phone,98716.43,6/16/2024
,Valerie Craig,denise21@wilson.org,888.585.4197,"4925 Santos Plaza Suite 804, Port Stephaniemouth, VA 12454",9/3/1974,Director,Manufacturing,Referral,Email,69898.11,10/23/2024
,Patrick Blackburn,samantha94@yahoo.com,###-###-####,"081 Troy Heights Apt. 900, Sarahhaven, MA 60511",8/3/2006,Analyst,Retail,Referral,Phone,147305.42,5/23/2024
,Sheila Nguyen,invalid_email@,+1-883-051-0217x7904,"01617 Little Harbor Apt. 536, Trevorland, NE 44224",1/23/1983,Director,Manufacturing,Referral,,91926.3,1/20/2025
,Tyler Ellis,stephaniekennedy@gmail.com,5336132157,"71230 Beth Light, Smithland, SC 28719",6/6/1954,Technician,Manufacturing,Event,Email,105869.28,11/14/2024
,Nathaniel Smith,douglas03@whitaker.com,+1-885-898-4509x3922,"36225 Bell Bridge Suite 846, Goodwinberg, NE 91257",6/25/1961,Director,Manufacturing,Social Media,Phone,26104.58,12/31/2050
,Nathaniel Golden,fjordan@haley.com,001-191-519-2905x843,"2590 Mendez Run, Thomasmouth, AK 36192",11/4/1995,Manager,Manufacturing,Email Campaign,Email,36417.53,12/30/2024
,Dave Brown,gjackson@gmail.com,001-755-224-4346x39968,"138 Martinez Lodge, North Rhondaborough, WI 58130",8/24/1979,Manager,Healthcare,Email Campaign,SMS,80915.37,10/30/2024
,Paul Campbell,zmoody@yahoo.com,803.650.8544x60096,"323 Payne Haven, Port Marissabury, WA 87585",7/31/1999,Technician,Education,Website,Phone,36020.57,4/2/2025
,Angela Montgomery,bradcoleman@hotmail.com,+1-940-619-7138x72828,"202 Jones Alley, Port Jonathanland, AZ 74873",6/29/1971,Engineer,Manufacturing,Unknown,Email,65136.49,8/19/2024
,Rachel Sanders,lbowers@hotmail.com,746.648.5542x60234,"32134 Ryan Corner Suite 296, Heathertown, CA 87424",7/26/1964,Manager,Education,Website,SMS,139484.57,5/5/2024
,Ronnie Lang,fitzgeraldmichele@gmail.com,065.441.7865x6950,"8463 Lisa Stream, New Jennifer, TN 06155",4/3/1974,Analyst,Retail,Email Campaign,Email,81121.3,9/2/2024
,Brian Russell,chess@roberts.com,000-081-5054,"68677 Eric Walk Apt. 261, Mezaview, UT 60159",9/15/1983,Technician,Education,Unknown,SMS,130260.87,10/24/2024
,William Frye,bjohnson@thompson.net,563-895-6040x124,"28318 David Plains, East Mitchell, WA 91172",12/8/1992,Technician,Education,Event,Phone,83547.95,7/2/2024
,John Powell,tmanning@pena.net,378-617-1693x399,"PSC 5221, Box 7682, APO AA 74700",1/25/1975,Engineer,Healthcare,N/A,Email,134163.59,7/10/2024
,Hailey Higgins,iwatkins@hotmail.com,###-###-####,"79721 Russo Manors, Cookbury, LA 91618",9/10/1978,Technician,Education,Unknown,Phone,125777.28,12/13/2024
,Joshua Russell,anita65@james.com,863-506-7721x23788,"Unit 8469 Box 3605, DPO AE 68003",4/17/1983,Technician,Retail,Unknown,Phone,31269.44,1/22/2025
,Dana Smith,nicolas11@gomez-perez.org,(248)426-3433,"26382 Mcmahon Point Suite 389, Michaelfort, WV 71093",3/21/1965,Consultant,Education,Referral,Phone,120404.89,9/16/2024
,Sherry Wolfe,joshuawhite@oconnor.org,-9740,Unknown,12/14/1960,Analyst,Technology,Referral,Email,37765.89,4/16/2025
,Elizabeth Smith,tmatthews@davis-park.biz,001-678-969-3246x782,"Unit 3159 Box 0971, DPO AE 56554",11/11/1970,Analyst,Education,Event,Phone,86033.46,9/4/2024
,Ian Walker,hamptondominic@gmail.com,+1-054-942-1229x834,"149 Howard Shores Suite 342, Lake Julie, CA 69459",12/27/1972,Analyst,Technology,N/A,,83018.7,10/18/2024
,Christopher Reed,barbara22@gmail.com,(596)450-6911x821,"657 Paul Valley Apt. 214, Lindsayfort, WY 22637",3/7/2005,Engineer,Technology,Social Media,SMS,93530.2,7/23/2024
,Bethany Kline,shawn61@lewis.net,3983949319,"673 Molly Mountain, Port John, MI 14232",12/30/1955,Director,Education,Referral,Email,53724.75,9/28/2024
,Anthony Hayes,johnsmith@yahoo.com,694-239-0279x56151,"533 Kirsten Ports, Lake Debraville, SC 02816",5/6/1997,Analyst,Retail,Referral,SMS,38412.43,7/15/2024
,Michelle Davis,kellynolan@yahoo.com,(344)316-2966x455,"0964 Richard Key Apt. 036, Nelsonhaven, AZ 25043",8/11/1968,Technician,Manufacturing,Event,Phone,22482.13,11/23/2024
,James Chang,sallen@yahoo.com,677-259-8213x771,"75276 Pope Lodge, East Leslie, IA 83160",1/1/1978,Director,Education,Referral,Email,37421.7,1/20/2025
,Tamara Mccormick,keithforbes@hotmail.com,(306)173-4418x49633,"046 Andrea Dam Suite 388, Kerrfort, AK 69299",3/19/1956,Consultant,Retail,Email Campaign,,118842.18,2/13/2025
,Stephanie White,igallagher@yahoo.com,+1-454-467-1551x408,"951 Maria Lights, Sotochester, MD 57666",6/28/1977,Manager,Finance,Unknown,Email,72288.49,6/25/2024
,Charles Williams,invalid_email@,363.986.8843x38465,"41840 Soto Ports Suite 011, Barnesfurt, DC 40826",1/8/1957,Manager,Technology,Website,Email,144914.44,12/19/2024
,Joel Dillon,carlsanchez@sims-long.com,402.150.3102x4325,"49656 Thomas Expressway Suite 374, East Dennis, RI 94591",3/30/1972,Engineer,Retail,Referral,Email,110341.86,5/17/2024
,Dana Lee,victoria21@turner.org,+1-354-546-3286x15816,"98947 Bailey Forges, Port Jaredville, WA 81298",9/21/1974,Consultant,Technology,Unknown,SMS,122117.23,8/18/2024
,Nicole Weiss,emilyharris@hotmail.com,001-103-415-9878x585,"53762 Williams Port, Scottmouth, PA 66996",2/12/1972,Director,Retail,Website,SMS,109151.94,12/1/2024
,George Barr,lrogers@gmail.com,304.398.5836x998,"20453 Brian Hill, West Anitaside, NJ 56557",10/29/1974,Consultant,Retail,N/A,SMS,77643.53,6/17/2024
,Joel Perez,jessica74@yahoo.com,149.791.3401x4826,"18051 Jason Drives Suite 158, New Allisonchester, AZ 97499",9/19/1996,Manager,Education,Website,Phone,116423.35,1/17/2025
,Chelsea Haynes,christopher56@gmail.com,(195)266-0643x32587,"178 Hill Freeway Suite 908, Derrickberg, VT 82808",5/31/1970,Technician,Retail,Referral,SMS,49295.15,6/8/2024
,Meagan Turner,andrewmyers@franklin.org,-9490,"18080 Jessica Motorway, Lake Michael, CO 42855",4/14/1955,Consultant,Education,N/A,,75370.43,9/25/2024
,Kevin Mason,jessicabrown@gmail.com,722.627.2512x07101,"73446 Jared Parkway Suite 855, West Phillip, AL 70915",2/22/1959,Director,Retail,Social Media,Phone,47477.69,9/25/2024
,Miss Laura Hunt DVM,ramirezluis@jones.com,001-561-876-6385,"87579 Summers View Suite 855, Stevenburgh, UT 68161",2/7/1995,Consultant,Healthcare,Social Media,SMS,121178.6,9/5/2024
,Stephanie Ross,matthew75@bullock.info,906-830-7948x2998,"98333 Bryant Mall Apt. 132, North Shanetown, RI 08304",3/27/1977,Manager,Finance,Email Campaign,Phone,39412.49,3/19/2025
,David Flores,gailrubio@yahoo.com,534.444.2501x3590,"46763 Nancy Circles Suite 403, Cookeview, RI 55126",12/18/1983,Technician,Retail,N/A,Email,24743.18,8/28/2024
,Justin Herman,omills@gmail.com,(429)100-1304,"4460 Ramsey Parks, South Cynthia, NH 87792",9/9/1968,Consultant,Education,Unknown,Phone,140455.68,5/24/2024
,Carolyn Ellis DDS,lindawells@yahoo.com,330-750-5779,"388 Christian Bridge Suite 096, Lake Yvettefurt, IA 07489",11/28/1968,Director,Finance,Unknown,Phone,71682.55,5/17/2024
,Curtis Nelson,matthewsaunders@yahoo.com,-3514,"219 Hayes Ports Apt. 941, Shawnaburgh, CT 00939",1/9/1961,Consultant,Healthcare,Referral,,20442.69,5/2/2024
,Stephanie Johnston,ewilson@hotmail.com,+1-124-982-5738x581,"9791 Jean Junctions Suite 662, Port Matthewbury, IN 40358",10/21/1973,Technician,Education,Event,SMS,34553.08,3/13/2025
,Cindy Davis,dianeparker@gmail.com,(804)676-1080x60175,"950 Shaun Overpass, Kennedymouth, SC 69754",10/31/1958,Technician,Finance,Event,Email,141495.76,7/24/2024
,Deborah Lee,michaellane@yahoo.com,###-###-####,"PSC 1089, Box 4591, APO AP 39736",2/7/1981,Consultant,Technology,Social Media,,42969.18,10/14/2024
,,qgoodwin@gmail.com,715-184-7999x57725,"541 Kenneth Extension Suite 635, New Bethanyburgh, WV 68202",11/23/1966,Director,Technology,Website,Email,56696.01,11/12/2024
,Ryan Hall,longmelissa@yahoo.com,(883)430-1516x005,"49699 Gardner Landing, East James, IA 84599",8/31/1967,Engineer,Finance,Event,SMS,124909.16,6/9/2024
,Joshua Fisher,yking@hotmail.com,669.058.0743,"729 Brown Run Apt. 620, South Tracey, LA 33985",7/8/1994,Consultant,Retail,Website,,148791.08,9/1/2024
,Mrs. Priscilla Harmon MD,hollandpenny@yahoo.com,364.468.1027x75044,"20969 Herrera Harbor, Makaylaside, NH 15588",10/26/1969,Analyst,Education,Event,Email,38235.09,5/5/2024
,Diane Mendez,hlewis@king-cardenas.com,+1-842-038-8841x45246,"7306 Xavier Drive, East Tammy, MS 44002",11/10/1968,Analyst,Healthcare,Email Campaign,,33864.92,12/13/2024
,James Johnson,todd30@berry-boone.net,+1-523-251-1582x402,"9325 Gray Keys, West Taraport, NY 15647",2/24/1964,Analyst,Technology,Website,SMS,30785.24,11/24/2024
,Patrick Davis,jonathan83@yahoo.com,673-708-2411,"6072 Kathleen Knolls, North Jesse, MO 19490",11/28/1986,Engineer,Technology,Event,,115375.51,4/4/2025
,Christine Mcintosh,nrobertson@allen.org,001-007-377-3063x3271,"967 Macias Prairie, Davidburgh, MD 06965",2/26/1973,Consultant,Finance,Website,Email,93744.67,12/31/2050
,James Yang,paulwalker@olson-meyer.com,(571)430-9736x664,"474 Frazier Loop, Michaelburgh, FL 49676",3/20/1986,Consultant,Manufacturing,N/A,SMS,26872.4,1/3/2025
,Angel Lawrence,scottrebecca@yahoo.com,439-662-3510x12658,"758 Eric Passage Suite 921, West Stephen, NV 34103",1/15/1965,Director,Technology,Social Media,SMS,109644.12,9/2/2024
,Debra Lee,jacob21@miller.info,3856401175,"666 Miller Bypass, New Christopher, CT 88940",3/9/1996,Consultant,Technology,Website,SMS,101962.13,11/25/2024
,,hjennings@hotmail.com,001-365-078-8700x482,"81062 Heather Gateway Suite 756, Doughertyshire, WI 09183",10/25/1977,Manager,Technology,Email Campaign,Email,31859.22,10/13/2024
,Matthew Kim,madison70@yahoo.com,001-711-626-8579,"0620 Garcia Creek Suite 483, Matthewmouth, IA 61810",3/2/1966,Analyst,Retail,Website,SMS,102272.99,12/31/2050
,Kimberly Moreno,fcook@perkins.com,001-866-801-2367x7784,"178 Johnston Lakes, Port Barbaraburgh, MI 21392",12/24/1989,Director,Healthcare,Unknown,Email,77441.84,10/26/2024
,Gregory Hernandez,austinwilliams@tucker.com,2497365209,"Unit 2591 Box 6495, DPO AE 61858",9/29/1984,Consultant,Healthcare,Event,,93852.98,7/24/2024
,Victoria Patrick,rlee@gmail.com,001-477-147-3151x725,"18737 Sean Lodge, Victorburgh, IL 21639",7/4/1958,Manager,Retail,Event,SMS,70697.75,11/19/2024
,William Gross,bensonkristin@hotmail.com,336-260-9894x36037,"389 Smith Loaf Apt. 508, Farrellhaven, CT 62841",6/7/2004,Director,Finance,Website,SMS,43970.01,8/9/2024
,Frank Hanna,williamwilliams@park.com,(425)081-4898x8598,"856 Owens Meadow Suite 168, Port Robertborough, AK 51351",11/20/1987,Manager,Technology,Email Campaign,SMS,72381.97,8/20/2024
,George Hall,mary23@clements.net,+1-530-711-8904x7426,"187 Smith Ferry Apt. 632, Alexandraton, LA 72087",1/6/1997,Consultant,Education,Email Campaign,,141055.13,1/4/2025
,Samuel Kelly,acostawendy@pacheco.biz,(243)811-6645x66537,"2003 Michelle Point Apt. 555, Johnchester, MO 37181",11/29/1993,Engineer,Retail,Website,,132584.19,6/11/2024
,Lisa Schwartz,hmartinez@hotmail.com,+1-093-219-6211x1877,"5259 Hubbard Coves Suite 024, North George, FL 66236",11/14/1993,Director,Retail,Email Campaign,SMS,109097.79,3/31/2025
,John West,ufisher@hernandez.com,120.720.7118x008,"PSC 6743, Box 1273, APO AE 72147",7/2/1963,Analyst,Manufacturing,Email Campaign,Phone,118893.48,9/13/2024
,Aaron Carson,michael50@hall.biz,(436)292-4462,"Unit 0095 Box 5209, DPO AP 07501",1/13/1959,Director,Healthcare,Website,Phone,96229.8,10/26/2024
,Austin Williams,morrisscott@hotmail.com,9074135789,"030 Lucas Spring, Lake Julie, UT 30562",7/9/2004,Technician,Manufacturing,Website,Phone,55145.29,8/23/2024
,Scott Cruz,michael53@tanner.com,(676)419-6251,"13286 Gilmore River Apt. 254, South Anthonyshire, AK 52653",8/27/1958,Technician,Healthcare,Social Media,Phone,79941.26,2/28/2025
,Timothy Thompson,jreynolds@long.com,001-070-775-6795x9296,"700 Shannon Spurs, Port Michaelburgh, DE 81323",7/16/2005,Analyst,Retail,Referral,Email,25721.74,3/6/2025
,Jacqueline Franklin DDS,sandra61@gmail.com,+1-497-081-2519x2976,"0785 Laura Village Apt. 524, Murrayburgh, CA 49911",2/17/1986,Director,Technology,N/A,,71274.47,4/17/2025
,Susan Hill DVM,smccarthy@hotmail.com,(605)753-0568,"87040 Hudson Ridges, East Samuelview, WA 77748",9/20/2002,Consultant,Finance,Referral,SMS,122279.83,3/1/2025
,Daniel Davies,joseph10@holland-keller.com,(300)497-3883,"5256 Arroyo Locks, Crystalside, SD 91330",8/26/1992,Technician,Technology,Referral,Email,71524.4,2/11/2025
,Elizabeth Wright,beth96@wong.com,(166)778-1200,"247 Henderson Village, Nicolemouth, NC 62473",10/20/1987,Manager,Healthcare,Website,Email,97212.74,3/20/2025
,Toni Owens,brittany02@yahoo.com,547-365-7050x773,"6870 Daniel Green, North Jeanetteview, AL 59685",4/22/1991,Engineer,Retail,Website,Phone,23616.38,10/18/2024
,Holly Rhodes,bobby16@morse.com,(359)784-7617x16410,"976 Sheryl Lock, Kathymouth, AZ 33341",7/28/1981,Consultant,Education,N/A,Email,100579.9,12/24/2024
,David Howard,wguzman@gmail.com,065-174-9958x97394,"92748 Morgan Drive, Port Williamville, AK 93339",1/30/1962,Analyst,Technology,N/A,Email,79571.46,6/1/2024
,Scott Gordon,shawncarter@hotmail.com,001-365-754-6213x7464,"25985 David Motorway, Lake Mary, KY 38894",3/1/1973,Director,Manufacturing,Event,Email,21423.37,11/5/2024
,Krystal Henderson,jacob28@yahoo.com,001-821-287-5725x34912,"4559 Parker Orchard, Port Christopherhaven, IA 06936",3/2/1989,Analyst,Healthcare,Unknown,,135664.43,2/23/2025
,Andrew Smith,barry70@kirby-mayo.com,001-783-397-2465,"7391 Porter Overpass Suite 309, Lake Kristopher, KY 72347",10/29/1992,Manager,Finance,N/A,SMS,122799.8,10/21/2024
,Christopher Crawford,tanyachapman@brown.com,001-322-482-1943x2293,"825 Archer Lane, West Donnaside, KS 26369",11/15/1984,Engineer,Finance,Email Campaign,,79027.22,12/3/2024
,John Larson,lesliehamilton@hotmail.com,001-255-922-4164x27886,"918 Davis Isle, East Rachel, DE 93267",7/14/1957,Consultant,Education,Social Media,,84533.53,9/2/2024
,Jeffrey Peterson,olsonjeffrey@nichols.net,001-625-807-0947,"87829 Nathan Skyway Apt. 137, Stephanieport, CA 43117",12/15/1997,Engineer,Retail,Referral,Email,90507.95,10/24/2024
,Kimberly Decker,urivera@gmail.com,001-960-656-4259x1561,"USS Baker, FPO AE 24644",11/24/1969,Technician,Manufacturing,Referral,SMS,31947.27,4/4/2025
,Michelle Hall,gregorytanner@nguyen.com,591.993.2249,"254 Smith Meadow, Bonnieside, NC 06719",6/27/1974,Technician,Technology,Referral,Email,141452.52,12/25/2024
,Kevin Harrison,jacob75@jones.com,(215)495-2781x4824,"6526 Jennifer Vista Suite 033, Anthonymouth, MN 27559",5/16/1955,Manager,Manufacturing,Event,,66057.72,4/14/2025
,Richard Mendoza,haileysmith@yahoo.com,424.097.3971,"Unit 3937 Box 4241, DPO AP 29812",1/13/1994,Analyst,Technology,Unknown,Phone,44550.16,6/6/2024
,Debra Jackson,gregory54@gmail.com,+1-715-732-8056x75519,"78685 Jackson Port Apt. 466, Claireland, IL 60687",10/24/1970,Engineer,Retail,Website,Email,77678.21,12/25/2024
,Richard Robinson,fitzpatrickjohn@davis.biz,017.603.9196,"13817 Horn Street, Brendafort, AZ 36876",2/9/1988,Consultant,Manufacturing,Social Media,Email,82532.5,9/15/2024
,Matthew Hendricks,gjames@yahoo.com,001-069-688-9579x4943,"93538 Derek Ports Suite 807, Ashleyberg, VA 00933",11/4/1988,Manager,Retail,Website,Email,82444.55,12/17/2024
,Christopher Carr,erik76@hammond.info,001-024-578-8909x3814,"2731 James Passage, Griffinstad, MS 39706",7/27/1981,Engineer,Retail,Unknown,Phone,81617.89,11/7/2024
,Angela Cummings,mcgrathdavid@hotmail.com,861-572-4648x863,"129 Christensen Via, West Michael, LA 80187",1/1/2005,Engineer,Technology,Website,,69045.25,4/10/2025
,Shelley Aguilar,tranmichael@richards-warren.info,119.271.1139,"7896 Cherry Canyon, East Lauren, MD 35380",4/29/1989,Engineer,Finance,Referral,Phone,120667.64,2/25/2025
,Alexandria Williams,williamsmarilyn@gmail.com,209-598-1935x814,"660 Atkinson Passage Suite 253, North Brandichester, OK 64531",1/3/1997,Director,Healthcare,Website,Phone,75407.49,4/21/2025
,Jacob Byrd,mmcdowell@chan-bailey.biz,833-387-4742,"004 Pham Spur Apt. 204, Port Billy, OK 83523",5/11/1959,Manager,Technology,Event,SMS,36272.14,4/6/2025
,Holly Farrell,gilmoremelissa@fields-ramos.net,-3008,"83744 Murray Brooks, West Paultown, MS 90118",8/15/2001,Manager,Healthcare,Website,Email,67886.84,5/11/2024
,Corey Jackson,ryanjessica@hotmail.com,(021)655-0937,"USS Adams, FPO AA 53351",10/10/1999,Analyst,Retail,Referral,Email,77607,6/29/2024
,David Caldwell,hoodkayla@pierce-wheeler.com,934-404-9956,"0673 Teresa Throughway Suite 266, Comptonchester, SD 60046",9/25/1998,Director,Technology,N/A,,49186.99,4/25/2025
,George Sullivan,davidsonanna@sloan.com,510.497.7010x596,"671 David Heights Apt. 560, Prattside, NJ 44879",10/20/1959,Consultant,Finance,N/A,Email,-9398,12/30/2024
,Manuel Bowen,stephaniestark@gmail.com,173.135.3727x9574,"448 Michael Park, North Jacobburgh, KS 93572",7/12/1978,Engineer,Healthcare,Website,,121096.01,6/24/2024
,Miranda Lang,mayerdiane@marshall.com,(124)241-5074x13742,"1675 Brewer Road, Lake Gregoryhaven, NM 96221",12/8/1977,Engineer,Healthcare,N/A,Phone,146421.9,10/12/2024
,Emily Smith,moorealex@gmail.com,###-###-####,"93966 James Spring Apt. 691, South Robinburgh, MT 67923",8/20/1979,Manager,Healthcare,Social Media,Phone,145195.16,6/22/2024
,Rhonda Miller,berrymark@yahoo.com,863-718-2066,"PSC 3358, Box 4933, APO AA 58913",6/28/1996,Engineer,Education,N/A,,111626.44,8/22/2024
,Austin Mills,ryanbarnes@yahoo.com,828.389.5549,"56143 Blair Street, Garyside, MS 10206",6/1/1986,Manager,Technology,Event,SMS,79026.12,6/4/2024
,Kevin Parker,william54@barnett.com,(043)414-1843,"Unit 5979 Box 6642, DPO AP 02649",11/16/2002,Consultant,Retail,N/A,,140444.64,7/5/2024
,Tiffany Smith,angela06@gmail.com,667-527-5277x215,"537 Harvey Hills Apt. 454, South Loganburgh, IN 50602",8/23/1979,Analyst,Manufacturing,N/A,Email,29909.35,7/5/2024
,Stephanie Young,elizabethferguson@yahoo.com,(914)305-4414x72847,"910 Ramirez Station, New Dominique, OK 74886",10/20/1957,Analyst,Manufacturing,Website,Phone,81165.11,6/1/2024
,Brian Bowen,amber59@yahoo.com,001-164-657-6058,"51896 Taylor Knoll, Johnsonburgh, NV 41047",7/20/1974,Analyst,Healthcare,Referral,Phone,94964.25,9/16/2024
,Pamela Thompson DVM,geraldingram@meza.com,955.833.2360x223,"Unit 0528 Box 8300, DPO AE 81339",12/8/1995,Director,Education,Event,,58404.24,2/28/2025
,Sandra Fletcher,zspencer@gmail.com,271-930-8355,"53988 Debra Forges Apt. 316, Villarrealview, UT 98275",12/30/1993,Consultant,Retail,Referral,Phone,33047.66,4/3/2025
,Valerie Mitchell,xcasey@yang.com,350.742.5106,"3183 Smith Causeway Apt. 593, Port William, AR 59773",3/13/1969,Manager,Healthcare,Social Media,Email,104499.57,4/25/2025
,Patrick Ortiz,colemandaniel@hotmail.com,-10932,"6909 Tristan Alley Apt. 375, New Tommy, IA 05244",7/4/1985,Manager,Retail,N/A,,95217.48,9/10/2024
,Sara Martinez,invalid_email@,+1-469-009-7522x49575,"01657 Amanda Heights Apt. 419, Evelynbury, OH 57948",9/21/1957,Director,Retail,N/A,SMS,130833.31,1/1/2025
,Donna Spencer,barry06@hotmail.com,+1-180-322-4457x07300,"5672 Timothy Squares Suite 897, Lloydchester, AL 57007",9/16/1979,Engineer,Finance,Social Media,Phone,81221.22,8/28/2024
,Kelly Reynolds,lauraibarra@hotmail.com,686.197.2154x11804,"90708 Luke Road Suite 062, Baldwinview, SD 31673",5/28/1972,Director,Finance,N/A,SMS,72298.77,12/18/2024
,Joseph Ramirez,nicolesaunders@hotmail.com,226911244,"11745 Beverly Fork, East Melvin, WI 89361",2/26/1956,Analyst,Manufacturing,Social Media,,52959.79,7/17/2024
,Brittany Franklin,leah76@thomas.com,8306674161,"913 Harding Motorway Apt. 147, East Sean, IL 90784",11/29/1979,Manager,Manufacturing,Website,Email,23084.85,11/21/2024
,Crystal Jones,theresaaguilar@sanders.com,-9865,"04943 Lara Union, Tanyatown, UT 11197",10/13/1977,Engineer,Education,Unknown,Phone,82389.47,2/20/2025
,Victor Rowe,hornjames@simpson.com,680-573-7009x528,"9401 Stephanie Rapids, Tracyberg, DE 85858",11/16/1992,Engineer,Manufacturing,Email Campaign,Email,67251.37,9/9/2024
,Melissa Berry,stephaniejohnson@tucker.info,+1-048-023-8416x2351,"71623 Barr Ferry Suite 800, Ayalaburgh, VA 33618",12/14/1964,Engineer,Technology,N/A,Email,49762.43,10/17/2024
,Ryan Riggs,leealan@yahoo.com,(605)078-4334x96093,"727 Munoz Ford Suite 631, Isaiahberg, MI 05787",11/4/1969,Director,Manufacturing,Referral,Phone,119827.67,2/11/2025
,Daniel Thomas,tinawillis@perry.org,7459653041,"71172 Joshua Cliffs Apt. 861, Thomasberg, SD 58977",1/28/1997,Manager,Retail,Social Media,,54451.03,3/24/2025
,Daniel Kline,daniel94@gmail.com,+1-724-125-2058x66367,"3915 Phillips Centers, Melissachester, HI 16953",5/29/2006,Manager,Technology,N/A,Phone,33005.86,2/18/2025
,Kelli Solomon,makayla44@kent.org,(077)754-2241x737,"2761 Moore Vista Apt. 284, Port Wendychester, SD 40877",12/17/1961,Director,Retail,Event,SMS,39024.19,5/1/2024
,Paul Myers,usullivan@harrison.info,595.097.1488x9708,"5011 Tara Ports Suite 821, South Jameston, IL 26387",6/13/1964,Director,Technology,Social Media,,93524.7,6/26/2024
,Patricia Norris,amanda75@williams.net,4509776103,"2923 Stephen Isle Apt. 756, North Markborough, MO 30998",4/3/1994,Engineer,Technology,Unknown,SMS,79545.53,5/18/2024
,Laura Tran,carl15@yahoo.com,(516)619-1648,"363 Garcia Flat Suite 314, Chungport, UT 74632",6/8/1986,Technician,Retail,Referral,,119185.63,1/26/2025
,Amanda Ward,ocole@johnson.biz,542-602-6299x58014,"078 Knox Spur, Morrisonfurt, DC 57963",11/23/2004,Director,Healthcare,Unknown,Email,104351.28,5/24/2024
,Cynthia Moses,barrysavage@sims.com,908.604.9455,"4145 Brian Ford, North Ashley, MT 62931",3/26/2004,Analyst,Technology,Email Campaign,Phone,31933.92,12/31/2024
,David Jones,carrie45@gmail.com,001-443-229-3322x609,"6144 Michael Trail Apt. 717, East Michelle, OH 41306",10/24/1964,Analyst,Retail,N/A,,74507.9,8/13/2024
,Michael Coleman,jsmith@yahoo.com,(760)933-1526x75196,"84770 Andrea Flat Suite 360, Rhodestown, FL 90234",4/30/1957,Consultant,Healthcare,N/A,,60277.29,11/13/2024
,Rebecca Thomas,wwalker@sosa.net,+1-068-135-7150x783,"004 George Plaza, West Wendy, NE 25622",8/19/1954,Director,Manufacturing,Event,SMS,70883.95,11/10/2024
,Craig Moreno,arnoldtimothy@yahoo.com,(852)616-5841,"29124 Felicia Estates, Lake Julie, WV 94696",5/24/1961,Director,Manufacturing,Event,,100351.84,5/23/2024
,Debra Smith,valerie20@yahoo.com,641-983-0115,"32611 Laura Prairie Apt. 550, Sanchezside, IN 35706",5/20/1995,Technician,Education,Social Media,,145646.07,2/16/2025
,Barbara Coleman,kenglish@coleman.com,001-832-615-1348x23779,"5832 Duncan Skyway, West Timothymouth, IN 01831",8/9/1991,Engineer,Technology,N/A,SMS,85299.61,1/29/2025
,Michelle Alvarez,echen@gmail.com,001-987-842-8332,"682 Charles Trafficway, South Kimburgh, TX 20499",12/20/1961,Engineer,Healthcare,Referral,SMS,81699.71,3/11/2025
,Justin Santana,csalazar@bailey-zimmerman.net,058-477-0036x11234,"66696 Andrew Viaduct, Frankport, NM 83658",7/27/1974,Manager,Manufacturing,Event,SMS,115491.24,12/12/2024
,Michael Waters,larsonamanda@gmail.com,614-874-8183x8436,"75720 Lisa Throughway Suite 419, Orrshire, WV 27592",1/18/2007,Technician,Technology,Email Campaign,,111789.07,7/20/2024
,Joshua Johnson,arthur90@gmail.com,(407)593-3319,"5162 Karina Viaduct Suite 626, New Andrewmouth, NY 28928",6/1/1987,Manager,Retail,Referral,Email,112303.23,7/26/2024
,Mr. Matthew Chen,morganrichard@hotmail.com,001-992-874-3846x7015,"303 Bradley Island Apt. 676, Paulfort, UT 24973",7/15/1991,Manager,Retail,Social Media,SMS,78391.99,4/6/2025
,Robert Perez,kmcgee@hotmail.com,+1-694-213-9833x684,"48765 Curtis Extension, Anthonymouth, MS 08312",8/1/1966,Engineer,Healthcare,Unknown,,62920.82,8/3/2024
,Theresa Smith,alicia40@watkins-edwards.com,+1-517-437-8017x984,"82808 Guerra Rest, East Aliciahaven, MN 69370",4/5/1993,Analyst,Healthcare,Referral,SMS,129458.08,6/1/2024
,James Swanson,tabitha50@yahoo.com,299-085-2992x4318,"901 Nunez Vista Suite 490, Ericland, AZ 04591",1/12/1992,Technician,Education,Website,SMS,118390.21,11/29/2024
,Mary Delgado,icox@smith-fuller.net,(629)083-6894x57710,"6336 Dustin Shore, Schneiderport, NM 39294",11/17/1971,Consultant,Manufacturing,Website,,137644.25,10/3/2024
,Daniel Jackson,loganjulie@lopez.com,(631)582-1264x4222,"27146 Guerra Glen Suite 425, West Joseph, KY 65651",7/7/2002,Consultant,Finance,Event,Phone,140335.71,2/1/2025
,David Price,stevenflynn@yahoo.com,001-420-184-8064,"33251 Beth Ramp Suite 761, Deleonfort, MN 21156",1/19/2003,Manager,Retail,N/A,,32083.17,1/3/2025
,Andrea Chavez,mhanson@yahoo.com,551-681-7833x4776,"31057 Brian Island, Leahshire, KS 77628",12/8/2004,Analyst,Manufacturing,N/A,Phone,38397.29,3/12/2025
,Teresa Lucero,jacob15@gmail.com,001-221-120-3532x71425,"67915 Clark Unions Suite 891, North Bobby, WI 99477",11/19/1986,Consultant,Finance,Social Media,,121335.3,8/20/2024
,Renee Barrett,martinezerica@torres-lee.com,010-747-1775x227,"Unit 6748 Box 3948, DPO AP 58420",8/15/1991,Director,Manufacturing,Email Campaign,SMS,81736.04,8/1/2024
,Christopher Stevens,wilsonjohn@kennedy-hull.com,+1-034-120-3170x170,"9622 Ritter Ferry, Wolfeview, DE 58332",2/23/1984,Technician,Retail,Unknown,,57414.2,2/28/2025
,Justin Miller,brubio@anderson.com,3427955040,"384 Brooke Loaf, West Luisbury, CO 37460",12/18/1956,Engineer,Finance,Social Media,SMS,23646.35,8/24/2024
,Madeline Booth,mark17@harris.com,5223939663,"407 Hernandez Shoals Apt. 474, Port Calvinmouth, WV 96172",2/23/1963,Technician,Education,N/A,,143695.5,4/25/2024
,Robert Weiss,millerautumn@wilson-walker.com,526-274-2625x9506,"86215 Ortiz Corner Apt. 071, Tammyton, KS 91731",6/23/1957,Technician,Manufacturing,Referral,,102036.18,2/17/2025
,Mallory Gutierrez,clarkedonna@joseph.net,+1-702-745-0783x61787,"3864 Villegas Fords, Katieport, VT 71809",4/22/1994,Consultant,Finance,Unknown,SMS,147710.13,1/25/2025
,Melissa Bennett,nancy23@yahoo.com,262.500.8163x0351,"PSC 3297, Box 4278, APO AA 89267",7/3/1983,Technician,Healthcare,Website,,99154.5,10/28/2024
,Todd Chapman,xjohnson@davis-lee.biz,(053)860-7110x84281,"10581 Robinson Lake, Flowersside, CT 36363",3/10/2006,Analyst,Healthcare,Social Media,SMS,113807.48,6/10/2024
,Ryan Leonard,wilsonsara@hernandez.biz,001-630-953-6617x1453,"39623 Beard Mission Apt. 895, Lake Jeromeberg, GA 69810",12/29/1965,Technician,Retail,Referral,Email,35444.33,12/31/2050
,Cody Kelley,porterdavid@yahoo.com,+1-292-563-4471x1878,"6474 Hoover Harbors, West Daniel, GA 05322",12/6/1993,Engineer,Manufacturing,Social Media,,149144.82,7/21/2024
,Jason Rhodes,jennifer46@hotmail.com,001-517-579-3339x2519,"108 Rebecca Pass Apt. 091, Rileystad, FL 68124",2026-15-45,Director,Retail,Referral,,54615.25,1/13/2025
,Daniel Krueger,carlajoseph@webster-gross.net,874-577-7981,"572 Susan Highway Apt. 760, Wrightstad, NY 53438",11/23/1961,Manager,Technology,Unknown,,22917.98,9/11/2024
,Melissa Smith,brandonjenkins@hotmail.com,(383)296-9748,"72329 Pace Hill Suite 256, Benjaminport, KS 75088",8/6/1966,Manager,Finance,Website,Email,120569.72,10/7/2024
,Maria George,mckenzietimothy@gmail.com,###-###-####,"48775 Danielle Ferry, North Williamton, MS 91809",4/25/1968,Technician,Retail,Email Campaign,Email,133537.03,7/14/2024
,Savannah Moore,dlewis@todd.com,330-737-2774,"41248 Scott Isle Apt. 379, Port Shawn, LA 20113",9/3/1974,Technician,Manufacturing,Unknown,Phone,94989.63,8/5/2024
,Jillian Arias,nicholasscott@yahoo.com,001-268-054-8533,"36462 Garcia Spring Suite 217, Thorntonchester, WY 06156",9/23/1999,Director,Healthcare,N/A,SMS,124804.56,6/1/2024
,Julia Hubbard,paul84@peters.net,-8147,"324 Cruz Port, Lisachester, DC 06517",1/12/1965,Manager,Education,N/A,SMS,108927.48,2/7/2025
,Timothy Wilson,william75@hotmail.com,559-281-5730,"74395 Marie Meadows, West Katieborough, CO 24891",10/31/1986,Director,Education,Event,Email,104719.4,9/24/2024
,Mary Clark,dshah@yahoo.com,+1-459-966-6673x9223,"945 Davis Ridge Suite 327, Johnathanstad, IL 04835",9/10/2004,Manager,Healthcare,Referral,,104226.36,2/25/2025
,Jose Greer,tamaraklein@yahoo.com,588.208.3757x54796,"274 Jennifer Stream Suite 022, Angelamouth, IA 36607",7/3/1954,Engineer,Manufacturing,Website,Phone,38649.7,6/25/2024
,Mrs. Nicole Fowler,mcdowellrachel@yahoo.com,001-254-434-8384x23198,"3646 Julie Valleys, West Danielshire, WY 04264",3/14/2000,Analyst,Healthcare,Email Campaign,SMS,97184.21,3/7/2025
,Kenneth Cook,amanda62@yahoo.com,+1-883-874-8460x172,"15433 Nathaniel Mill Suite 899, Kelseyberg, GA 71078",6/22/1996,Analyst,Technology,Website,Phone,54984.93,2/18/2025
,Debra Weaver,whitejames@thomas-perez.com,(730)584-0403x460,"728 Hart Ford Suite 691, Taylorhaven, AZ 00602",2/15/1959,Manager,Education,Website,Email,104712.55,6/12/2024
,Danielle Acevedo,smithsierra@dunlap.biz,(184)006-3596x51842,"2576 Douglas Haven, East Julieberg, FL 30712",2/23/1984,Technician,Healthcare,Referral,Phone,48209.19,12/3/2024
,Jill Diaz,jerome12@yahoo.com,288840458,"9638 Ramos Lights Suite 947, New Nicoleton, DC 54046",6/14/2000,Engineer,Healthcare,N/A,Email,149944.41,4/13/2025
,Phillip Brown,pwarner@yahoo.com,791-941-2818,"68750 Rick Path, Coffeyberg, OR 06824",8/12/1986,Consultant,Technology,Social Media,Email,97453.13,1/8/2025
,Craig Ramirez,fosterhannah@taylor.org,+1-798-752-1441x52472,"074 Linda Radial, New Josephstad, GA 92482",4/27/2000,Director,Finance,Referral,SMS,39282.09,6/3/2024
,Steve Martinez,iyoung@murillo.biz,(673)266-9569,"22625 Mitchell Station, Brandonville, NV 69438",10/4/1958,Technician,Manufacturing,Unknown,SMS,131147,4/20/2025
,Michelle Parker,johnwells@yang.com,367.556.2619x53549,"2557 Christopher Harbors, West Erichaven, MI 60284",4/26/1996,Consultant,Technology,Website,SMS,134028.72,9/27/2024
,Dustin Nelson,jessicaturner@yahoo.com,(744)436-0771,"4128 Smith Rapid, Lake Davidberg, NY 84591",11/12/1963,Technician,Education,Unknown,Email,96802.22,10/11/2024
,Lisa Williams,gomezstephen@hotmail.com,039-584-6071x60130,"53850 Bethany Harbors, North Emily, AR 54224",8/4/1982,Engineer,Manufacturing,N/A,Phone,46674.32,3/6/2025
,Gregory Hill,edorsey@mclean.com,(393)075-6451,"67903 Lauren Fall Suite 437, Port Kristiside, OH 55188",10/28/2005,Analyst,Manufacturing,Social Media,Phone,49071.53,5/9/2024
,Bruce Duarte,michael04@gmail.com,(253)904-0426x23770,"474 Higgins Canyon, Joanfort, KY 27362",11/25/1969,Technician,Education,Referral,,66551.31,10/17/2024
,Timothy Cox,umartin@manning.info,+1-106-863-6543x266,"2653 White Meadow Apt. 217, East Melindaside, WA 76815",1/1/1961,Manager,Education,Social Media,,97880.33,11/29/2024
,Mary Swanson,carlosreed@gmail.com,3812902817,"44335 Mclaughlin Ways, Port Cindy, SC 45644",6/15/1966,Analyst,Finance,Website,SMS,123498.65,9/4/2024
,Juan Flores,robertsjeremy@abbott-martinez.com,3299935362,"13918 Shannon Station, South William, ME 68292",6/26/1966,Analyst,Retail,Unknown,SMS,83703.81,10/24/2024
,Miranda Pittman,justinwilliams@yahoo.com,029.035.8490x72724,"60701 Scott Bridge, Port Joshuastad, OR 94486",4/9/2006,Analyst,Manufacturing,Unknown,SMS,76278.36,6/29/2024
,Alison Meyer,elijaharcher@graves.org,-8173,"32736 Conway Ridges Suite 845, South Sarah, AZ 40785",7/25/1988,Director,Retail,Social Media,SMS,91749.26,1/19/2025
,Tracy Robinson,dstout@hotmail.com,(023)519-5272,"1447 Fleming Springs Suite 958, South Mariaside, MD 06716",2026-15-45,Engineer,Healthcare,Referral,Phone,84087.33,10/20/2024
,,jessica77@gmail.com,(463)304-1372x1153,"82148 Michael Tunnel, Angelafurt, MT 83635",3/5/1983,Manager,Manufacturing,Referral,Phone,28496.88,3/26/2025
,Kellie Anderson,bakerjennifer@keller.com,+1-480-756-5312x7996,"5128 Harper Dam, Hodgesmouth, AR 38438",10/5/1987,Technician,Manufacturing,Email Campaign,SMS,25904.26,1/26/2025
,Charles Clark,ashley39@gonzales.com,865-024-6244x547,"56782 Wood Mountains, South Amanda, NE 10812",6/20/1964,Director,Finance,Social Media,Phone,104518.73,7/11/2024
,Rachel Gonzalez,john17@novak-dennis.org,001-056-372-6146,"8175 Melissa Ways Suite 226, South Michellefurt, SC 73641",3/12/2001,Manager,Retail,Email Campaign,SMS,63767.34,8/29/2024
,Steven Cunningham,mwright@bray.com,9703511345,"7178 Jared Manor, South Alicialand, MD 20379",7/1/1963,Consultant,Retail,Email Campaign,Phone,79382.24,8/4/2024
,Juan Patterson,fishermatthew@yahoo.com,+1-819-717-6980x4314,"44712 Bridget Valley, East Monica, NV 67302",10/7/1996,Consultant,Healthcare,Event,SMS,110081.69,10/24/2024
,Tracy Woodard,srobinson@hotmail.com,001-360-363-1031x776,"90312 Sara Throughway, Carlville, CT 18444",6/30/1971,Manager,Education,N/A,Email,60106.38,11/21/2024
,Olivia Kelly,ian69@fuller.com,808-186-4504,"5558 Conrad Cape, Williamsland, DE 05429",12/19/1954,Engineer,Finance,Email Campaign,Phone,20074.54,7/8/2024
,Mikayla Newman,jeffrey25@thompson.com,599-821-3525x493,"51215 Pace Plain Suite 445, Lake Joseph, VA 60557",7/23/1990,Manager,Retail,Referral,Email,53820.32,11/10/2024
,Elizabeth Bates,vjenkins@hotmail.com,455-368-1404x9085,"4381 Martin Mills Suite 723, Port John, IL 37224",8/27/1975,Director,Retail,Referral,Email,42585.86,1/3/2025
,Michael Schwartz,lwhite@drake.info,(402)451-2308x0028,"99576 Nelson Vista Apt. 985, Frankborough, WY 74894",2026-15-45,Director,Healthcare,Email Campaign,,74632.24,6/14/2024
,Eric Hoffman,jameslee@hill-schmitt.net,(096)488-6392x377,"3510 Brandi Place, Amandaville, NE 74113",3/29/1999,Engineer,Technology,Social Media,SMS,136062.5,10/31/2024
,Brian Vazquez,smithryan@smith.net,745.676.5806,"USNS Morgan, FPO AP 43464",8/4/2004,Director,Healthcare,Email Campaign,,81696.65,5/28/2024
,Keith Hammond,deanhardy@gmail.com,(207)231-7745,"7855 Zachary Branch Suite 425, South Ericview, FL 44125",5/23/1977,Analyst,Retail,Social Media,Email,121364.99,1/6/2025
,Matthew Williams,jamie39@rodriguez.com,001-784-964-0150x206,"USS Guerra, FPO AA 20177",12/2/2002,Director,Technology,Referral,,129518.24,12/7/2024
,Jaime Schneider,angel72@haas.com,001-964-589-3210x70980,"1292 Stephanie Throughway, Port David, NM 63031",8/20/1982,Technician,Manufacturing,Social Media,,140453.38,1/3/2025
,Paul Brown,zcastro@hotmail.com,001-226-905-6055,"55758 Medina Mews, East Haley, AZ 49372",5/6/1982,Consultant,Finance,Social Media,SMS,103277.32,5/5/2024
,Jeffrey Davis,lhansen@gallegos-beck.com,001-713-697-0404x16244,"78248 Brown Ridge Apt. 484, Raymondchester, AK 68458",3/22/1980,Engineer,Education,Email Campaign,Email,32634.96,4/23/2025
,Caroline Moreno,leslie08@wells.com,+1-993-854-0917x643,"740 Mary Drive Apt. 649, South Jason, DC 19938",9/5/1958,Technician,Manufacturing,Email Campaign,,149050.84,6/16/2024
,David Khan,davissusan@yahoo.com,640.480.7956x568,"71538 Nathan Road Apt. 133, Port Anthonyborough, CO 84729",3/15/2005,Director,Healthcare,Event,,105964.97,10/19/2024
,Austin Hunt,cflores@miller-page.com,+1-533-564-4134x65254,"214 Elizabeth Parkway Apt. 614, Harmonmouth, WA 77010",4/18/2003,Analyst,Healthcare,Email Campaign,Email,51967.47,5/17/2024
,Isabel Jennings,gary99@hotmail.com,110-996-3060x2710,"1329 Steven Dale, Fisherland, NY 82619",1/8/1972,Consultant,Healthcare,Event,Phone,62635.56,4/27/2024
,Michelle Jefferson,madisonmcdonald@gmail.com,001-835-752-7321x38002,"381 Jennifer Court Suite 284, Feliciafort, ND 80046",4/26/2000,Director,Healthcare,Referral,Phone,58724.22,10/15/2024
,Shelby Turner,masseycharles@perez.com,927.995.7464x74606,"54894 Figueroa Port, Tylerton, AR 72252",7/2/1995,Engineer,Technology,Unknown,,124461.53,1/28/2025
,Michael Chandler,poncechristina@yahoo.com,217-519-7690,"869 Barton Walks Apt. 745, Brianburgh, CA 60056",6/30/1957,Analyst,Retail,Referral,Phone,97720.23,2/8/2025
,Dennis Moore,cantrellbrooke@shaffer-sanders.com,+1-103-129-2363x619,"091 Susan Prairie, West Michellestad, WY 47252",1/24/1975,Consultant,Healthcare,Social Media,,27711.19,11/5/2024
,Jody Whitehead,emiller@gmail.com,(960)688-8612x55817,"0314 Williams Spur, Port Daniel, IL 12298",4/25/1965,Consultant,Manufacturing,Email Campaign,Phone,128815.85,2/4/2025
,Cheryl Thompson,scottjennifer@williams.com,175.521.7246x836,"72122 Flores Rue, Angelabury, OR 92666",1/5/1986,Manager,Retail,N/A,SMS,124945.27,8/9/2024
,David Fisher,christina65@price.com,+1-562-953-5232x282,"63661 Nicole Forest Apt. 760, Cabreraburgh, NE 28639",7/2/1998,Analyst,Retail,Email Campaign,Email,78042.1,10/6/2024
,Bradley Summers,wallacethomas@hotmail.com,563.992.8923x977,"USCGC Long, FPO AE 46788",4/1/1955,Manager,Retail,Event,SMS,55854.96,9/26/2024
,Daniel Ruiz,conwayjade@finley.net,265-362-9992x652,"736 Donna Fall, Warrenville, ND 86623",4/20/2005,Manager,Manufacturing,Referral,,90476.2,1/2/2025
,Nicholas Gardner,michael64@villarreal.info,+1-384-153-1214x385,"303 Mark Crest, Sandersstad, UT 01611",4/3/1961,Consultant,Finance,Social Media,SMS,91298.59,3/19/2025
,Christina Barron,blackburnnicholas@hotmail.com,7596868128,"PSC 6674, Box 2863, APO AP 51931",9/11/2006,Technician,Manufacturing,Unknown,Email,141603.87,11/10/2024
,Kelly Clark,sarahkelly@hayes.org,8723276342,"87962 Young Parks, South Amanda, OH 13523",12/8/1968,Manager,Healthcare,Event,,85010.13,3/7/2025
,Jason Roberts,bradley93@gmail.com,+1-425-982-9979x22518,"24466 Jones Glen Apt. 756, Roseport, KS 64924",3/31/1988,Engineer,Education,Referral,Phone,146886.27,3/1/2025
,Timothy Brown,anthony68@ford.com,972-057-6242x614,"35126 Rivera Junctions Suite 425, Hermanfort, DE 53899",10/1/1977,Analyst,Education,Unknown,SMS,21846.39,12/31/2050
,Jessica Higgins,yclark@gmail.com,+1-600-002-0414x6298,"036 Sherry Freeway, East Emma, AZ 29666",10/1/1958,Director,Education,Referral,,96350.59,1/10/2025
,Thomas Mullins,kimberlyrodriguez@martin-martin.com,+1-798-711-1295x965,"1717 Daniel Roads, South Scott, ID 63666",8/15/1982,Engineer,Healthcare,Event,SMS,110607.59,11/19/2024
,Dana Taylor,aimee95@bridges-carlson.com,001-860-489-7073x070,"1830 Abigail Ways Suite 903, Drakehaven, UT 27325",11/3/1973,Technician,Technology,Event,SMS,74108.89,8/24/2024
,Derrick Thompson,gregorytimothy@gmail.com,+1-887-708-9669x51168,"PSC 5283, Box 0618, APO AP 30506",3/9/1999,Technician,Retail,Website,Phone,139377.8,12/27/2024
,Christopher Young,ramosalexandria@hotmail.com,(549)060-0149x56876,"7348 George Plain, Port Jamiestad, CA 28015",3/24/2002,Technician,Education,Unknown,,99363.12,2/4/2025
,Kerri Golden,agarcia@patterson.net,9519341006,"65591 Brian Turnpike, Gilltown, PA 06916",10/19/1954,Technician,Retail,Unknown,Email,80847.69,4/27/2024
,Brian Caldwell,betty54@johnson.com,1681771528,"69094 Ramsey Mission, Sandrafort, AZ 40245",1/28/1999,Technician,Education,Unknown,Email,40311.69,1/10/2025
,Daniel Sandoval,anabarnett@hotmail.com,653-038-9406x9922,"22969 Travis Turnpike Suite 926, West Janet, SD 39544",12/12/2005,Technician,Healthcare,Event,Phone,65827.83,3/7/2025
